[info][2026-07-28 16:58:56.384][decklink][Configuring DeckLink input capture settings...]
[info][2026-07-28 16:58:56.384][decklink][Device supports genlock reference input]
[info][2026-07-28 16:58:56.384][decklink][Available display modes:]
[info][2026-07-28 16:58:56.384][decklink][  0: 525i59.94 NTSC (720x486, flags=Rec601)]
[info][2026-07-28 16:58:56.384][decklink][  1: 625i50 PAL (720x576, flags=Rec601)]
[info][2026-07-28 16:58:56.384][decklink][  2: 1080p23.98 (1920x1080, flags=Rec709)]
[info][2026-07-28 16:58:56.384][decklink][  3: 1080p24 (1920x1080, flags=Rec709)]
[info][2026-07-28 16:58:56.384][decklink][  4: 1080p25 (1920x1080, flags=Rec709)]
[info][2026-07-28 16:58:56.384][decklink][  5: 1080p29.97 (1920x1080, flags=Rec709)]
[info][2026-07-28 16:58:56.384][decklink][  6: 1080p30 (1920x1080, flags=Rec709)]
[info][2026-07-28 16:58:56.384][decklink][  7: 1080p47.95 (1920x1080, flags=Rec709)]
[info][2026-07-28 16:58:56.384][decklink][  8: 1080p48 (1920x1080, flags=Rec709)]
[info][2026-07-28 16:58:56.384][decklink][  9: 1080p50 (1920x1080, flags=Rec709)]
[info][2026-07-28 16:58:56.384][decklink][  10: 1080p59.94 (1920x1080, flags=Rec709)]
[info][2026-07-28 16:58:56.384][decklink][  11: 1080p60 (1920x1080, flags=Rec709)]
[info][2026-07-28 16:58:56.384][decklink][  12: 1080p95.90 (1920x1080, flags=Rec709)]
[info][2026-07-28 16:58:56.384][decklink][  13: 1080p96 (1920x1080, flags=Rec709)]
[info][2026-07-28 16:58:56.384][decklink][  14: 1080p100 (1920x1080, flags=Rec709)]
[info][2026-07-28 16:58:56.384][decklink][  15: 1080p119.88 (1920x1080, flags=Rec709)]
[info][2026-07-28 16:58:56.384][decklink][  16: 1080p120 (1920x1080, flags=Rec709)]
[info][2026-07-28 16:58:56.384][decklink][  17: 1080i50 (1920x1080, flags=Rec709)]
[info][2026-07-28 16:58:56.384][decklink][  18: 1080i59.94 (1920x1080, flags=Rec709)]
[info][2026-07-28 16:58:56.384][decklink][  19: 1080i60 (1920x1080, flags=Rec709)]
[info][2026-07-28 16:58:56.384][decklink][  20: 720p50 (1280x720, flags=Rec709)]
[info][2026-07-28 16:58:56.384][decklink][  21: 720p59.94 (1280x720, flags=Rec709)]
[info][2026-07-28 16:58:56.384][decklink][  22: 720p60 (1280x720, flags=Rec709)]
[info][2026-07-28 16:58:56.384][decklink][  23: 2Kp23.98 DCI (2048x1080, flags=Rec709)]
[info][2026-07-28 16:58:56.384][decklink][  24: 2Kp24 DCI (2048x1080, flags=Rec709)]
[info][2026-07-28 16:58:56.384][decklink][  25: 2Kp25 DCI (2048x1080, flags=Rec709)]
[info][2026-07-28 16:58:56.384][decklink][  26: 2Kp29.97 DCI (2048x1080, flags=Rec709)]
[info][2026-07-28 16:58:56.384][decklink][  27: 2Kp30 DCI (2048x1080, flags=Rec709)]
[info][2026-07-28 16:58:56.384][decklink][  28: 2Kp47.95 DCI (2048x1080, flags=Rec709)]
[info][2026-07-28 16:58:56.384][decklink][  29: 2Kp48 DCI (2048x1080, flags=Rec709)]
[info][2026-07-28 16:58:56.384][decklink][  30: 2Kp50 DCI (2048x1080, flags=Rec709)]
[info][2026-07-28 16:58:56.384][decklink][  31: 2Kp59.94 DCI (2048x1080, flags=Rec709)]
[info][2026-07-28 16:58:56.384][decklink][  32: 2Kp60 DCI (2048x1080, flags=Rec709)]
[info][2026-07-28 16:58:56.384][decklink][  33: 2Kp95.90 DCI (2048x1080, flags=Rec709)]
[info][2026-07-28 16:58:56.384][decklink][  34: 2Kp96 DCI (2048x1080, flags=Rec709)]
[info][2026-07-28 16:58:56.384][decklink][  35: 2Kp100 DCI (2048x1080, flags=Rec709)]
[info][2026-07-28 16:58:56.384][decklink][  36: 2Kp119.88 DCI (2048x1080, flags=Rec709)]
[info][2026-07-28 16:58:56.384][decklink][  37: 2Kp120 DCI (2048x1080, flags=Rec709)]
[info][2026-07-28 16:58:56.384][decklink][  38: 2160p23.98 (3840x2160, flags=Rec709)]
[info][2026-07-28 16:58:56.384][decklink][  39: 2160p24 (3840x2160, flags=Rec709)]
[info][2026-07-28 16:58:56.384][decklink][  40: 2160p25 (3840x2160, flags=Rec709)]
[info][2026-07-28 16:58:56.384][decklink][  41: 2160p29.97 (3840x2160, flags=Rec709)]
[info][2026-07-28 16:58:56.384][decklink][  42: 2160p30 (3840x2160, flags=Rec709)]
[info][2026-07-28 16:58:56.384][decklink][  43: 2160p47.95 (3840x2160, flags=Rec709)]
[info][2026-07-28 16:58:56.384][decklink][  44: 2160p48 (3840x2160, flags=Rec709)]
[info][2026-07-28 16:58:56.384][decklink][  45: 2160p50 (3840x2160, flags=Rec709)]
[info][2026-07-28 16:58:56.384][decklink][  46: 2160p59.94 (3840x2160, flags=Rec709)]
[info][2026-07-28 16:58:56.384][decklink][  47: 2160p60 (3840x2160, flags=Rec709)]
[info][2026-07-28 16:58:56.384][decklink][  48: 2160p95.90 (3840x2160, flags=Rec709)]
[info][2026-07-28 16:58:56.384][decklink][  49: 2160p96 (3840x2160, flags=Rec709)]
[info][2026-07-28 16:58:56.384][decklink][  50: 2160p100 (3840x2160, flags=Rec709)]
[info][2026-07-28 16:58:56.384][decklink][  51: 2160p119.88 (3840x2160, flags=Rec709)]
[info][2026-07-28 16:58:56.384][decklink][  52: 2160p120 (3840x2160, flags=Rec709)]
[info][2026-07-28 16:58:56.384][decklink][  53: 4Kp23.98 DCI (4096x2160, flags=Rec709)]
[info][2026-07-28 16:58:56.384][decklink][  54: 4Kp24 DCI (4096x2160, flags=Rec709)]
[info][2026-07-28 16:58:56.384][decklink][  55: 4Kp25 DCI (4096x2160, flags=Rec709)]
[info][2026-07-28 16:58:56.384][decklink][  56: 4Kp29.97 DCI (4096x2160, flags=Rec709)]
[info][2026-07-28 16:58:56.384][decklink][  57: 4Kp30 DCI (4096x2160, flags=Rec709)]
[info][2026-07-28 16:58:56.384][decklink][  58: 4Kp47.95 DCI (4096x2160, flags=Rec709)]
[info][2026-07-28 16:58:56.384][decklink][  59: 4Kp48 DCI (4096x2160, flags=Rec709)]
[info][2026-07-28 16:58:56.384][decklink][  60: 4Kp50 DCI (4096x2160, flags=Rec709)]
[info][2026-07-28 16:58:56.384][decklink][  61: 4Kp59.94 DCI (4096x2160, flags=Rec709)]
[info][2026-07-28 16:58:56.384][decklink][  62: 4Kp60 DCI (4096x2160, flags=Rec709)]
[info][2026-07-28 16:58:56.384][decklink][  63: 4Kp95.90 DCI (4096x2160, flags=Rec709)]
[info][2026-07-28 16:58:56.384][decklink][  64: 4Kp96 DCI (4096x2160, flags=Rec709)]
[info][2026-07-28 16:58:56.384][decklink][  65: 4Kp100 DCI (4096x2160, flags=Rec709)]
[info][2026-07-28 16:58:56.384][decklink][  66: 4Kp119.88 DCI (4096x2160, flags=Rec709)]
[info][2026-07-28 16:58:56.384][decklink][  67: 4Kp120 DCI (4096x2160, flags=Rec709)]
[info][2026-07-28 16:58:56.384][decklink][  68: 4320p23.98 (7680x4320, flags=Rec709)]
[info][2026-07-28 16:58:56.384][decklink][  69: 4320p24 (7680x4320, flags=Rec709)]
[info][2026-07-28 16:58:56.384][decklink][  70: 4320p25 (7680x4320, flags=Rec709)]
[info][2026-07-28 16:58:56.384][decklink][  71: 4320p29.97 (7680x4320, flags=Rec709)]
[info][2026-07-28 16:58:56.384][decklink][  72: 4320p30 (7680x4320, flags=Rec709)]
[info][2026-07-28 16:58:56.384][decklink][  73: 4320p47.95 (7680x4320, flags=Rec709)]
[info][2026-07-28 16:58:56.384][decklink][  74: 4320p48 (7680x4320, flags=Rec709)]
[info][2026-07-28 16:58:56.384][decklink][  75: 4320p50 (7680x4320, flags=Rec709)]
[info][2026-07-28 16:58:56.384][decklink][  76: 4320p59.94 (7680x4320, flags=Rec709)]
[info][2026-07-28 16:58:56.384][decklink][  77: 4320p60 (7680x4320, flags=Rec709)]
[info][2026-07-28 16:58:56.384][decklink][  78: 8Kp23.98 DCI (8192x4320, flags=Rec709)]
[info][2026-07-28 16:58:56.384][decklink][  79: 8Kp24 DCI (8192x4320, flags=Rec709)]
[info][2026-07-28 16:58:56.384][decklink][  80: 8Kp25 DCI (8192x4320, flags=Rec709)]
[info][2026-07-28 16:58:56.384][decklink][  81: 8Kp29.97 DCI (8192x4320, flags=Rec709)]
[info][2026-07-28 16:58:56.384][decklink][  82: 8Kp30 DCI (8192x4320, flags=Rec709)]
[info][2026-07-28 16:58:56.384][decklink][  83: 8Kp47.95 DCI (8192x4320, flags=Rec709)]
[info][2026-07-28 16:58:56.384][decklink][  84: 8Kp48 DCI (8192x4320, flags=Rec709)]
[info][2026-07-28 16:58:56.384][decklink][  85: 8Kp50 DCI (8192x4320, flags=Rec709)]
[info][2026-07-28 16:58:56.384][decklink][  86: 8Kp59.94 DCI (8192x4320, flags=Rec709)]
[info][2026-07-28 16:58:56.384][decklink][  87: 8Kp60 DCI (8192x4320, flags=Rec709)]
[info][2026-07-28 16:58:56.384][decklink][Waiting for input signal detection...]
[info][2026-07-28 16:58:56.395][decklink][Video input enabled with automatic format detection]
[info][2026-07-28 16:58:56.395][decklink][Capture started (UYVY 4:2:2)]
[info][2026-07-28 16:58:56.465][decklink][Using default output mode: 1080p25]
[info][2026-07-28 16:58:56.493][decklink][[Output 0] DeckLink 8K Pro (1) / DeckLink 8K Pro (subDevice=0, profile=0x34646864, duplex=0x64786861, ioSupport=0x3, outConns=0x1, busy=0x0)]
[info][2026-07-28 16:58:56.493][decklink][[Output 1] DeckLink 8K Pro (2) / DeckLink 8K Pro (subDevice=1, profile=0x34646864, duplex=0x64786861, ioSupport=0x3, outConns=0x1, busy=0x0)]
[info][2026-07-28 16:58:56.493][decklink][[Output 2] DeckLink 8K Pro (3) / DeckLink 8K Pro (subDevice=2, profile=0x34646864, duplex=0x64786861, ioSupport=0x3, outConns=0x1, busy=0x0)]
[info][2026-07-28 16:58:56.493][decklink][[Output 3] DeckLink 8K Pro (4) / DeckLink 8K Pro (subDevice=3, profile=0x34646864, duplex=0x64786861, ioSupport=0x3, outConns=0x1, busy=0x0)]
[info][2026-07-28 16:58:56.493][decklink][[Output 1] Selected output connection: SDI]
[info][2026-07-28 16:58:56.496][decklink][Successfully initialized DeckLink output on output index 1 with mode: 1080p25]
[info][2026-07-28 16:58:56.496][decklink][]
[info][2026-07-28 16:58:56.496][decklink][═══════════════════════════════════════════════════════════]
[info][2026-07-28 16:58:56.496][decklink][  CHECKING OUTPUT GENLOCK STATUS]
[info][2026-07-28 16:58:56.496][decklink][═══════════════════════════════════════════════════════════]
[info][2026-07-28 16:58:56.496][decklink][Output device supports genlock - will sync to reference input]
[info][2026-07-28 16:58:56.496][decklink][Output genlock status: Unlocked - Genlock reference lock has not been achieved]
[info][2026-07-28 16:58:56.496][decklink][]
[warning][2026-07-28 16:58:56.496][decklink][Output is not locked to genlock reference. Waiting for lock...]
[info][2026-07-28 16:58:56.621][decklink][Video input format changed events=0x5, mode=1080p25, flags=Rec709, detected=YCbCr422, 10Bit (0x11)]
[info][2026-07-28 16:58:56.631][decklink][Capture stopped]
[info][2026-07-28 16:58:56.651][decklink][Video input enabled with mode: 1080p25]
[info][2026-07-28 16:58:56.651][decklink][Capture started (UYVY 4:2:2)]
[info][2026-07-28 16:58:56.765][decklink][Video input format changed events=0x4, mode=1080p25, flags=Rec709, detected=YCbCr422, 10Bit (0x11)]
[warning][2026-07-28 16:59:01.502][decklink][Output genlock reference lock timeout. Output may not be synchronized.]
[warning][2026-07-28 16:59:01.502][decklink][Genlock: UNLOCKED | CHECK BMD APP]
[info][2026-07-28 16:59:01.502][decklink][DeckLink scheduled playback enabled (1920x1080, duration=1000, scale=25000)]
[error][2026-07-28 16:59:01.504][decklink][Output frame size 1280x720 does not match enabled DeckLink mode 1920x1080]
[info][2026-07-28 16:59:32.821][decklink][Configuring DeckLink input capture settings...]
[info][2026-07-28 16:59:32.821][decklink][Device supports genlock reference input]
[info][2026-07-28 16:59:32.821][decklink][Available display modes:]
[info][2026-07-28 16:59:32.821][decklink][  0: 525i59.94 NTSC (720x486, flags=Rec601)]
[info][2026-07-28 16:59:32.821][decklink][  1: 625i50 PAL (720x576, flags=Rec601)]
[info][2026-07-28 16:59:32.821][decklink][  2: 1080p23.98 (1920x1080, flags=Rec709)]
[info][2026-07-28 16:59:32.821][decklink][  3: 1080p24 (1920x1080, flags=Rec709)]
[info][2026-07-28 16:59:32.821][decklink][  4: 1080p25 (1920x1080, flags=Rec709)]
[info][2026-07-28 16:59:32.821][decklink][  5: 1080p29.97 (1920x1080, flags=Rec709)]
[info][2026-07-28 16:59:32.821][decklink][  6: 1080p30 (1920x1080, flags=Rec709)]
[info][2026-07-28 16:59:32.821][decklink][  7: 1080p47.95 (1920x1080, flags=Rec709)]
[info][2026-07-28 16:59:32.821][decklink][  8: 1080p48 (1920x1080, flags=Rec709)]
[info][2026-07-28 16:59:32.821][decklink][  9: 1080p50 (1920x1080, flags=Rec709)]
[info][2026-07-28 16:59:32.821][decklink][  10: 1080p59.94 (1920x1080, flags=Rec709)]
[info][2026-07-28 16:59:32.821][decklink][  11: 1080p60 (1920x1080, flags=Rec709)]
[info][2026-07-28 16:59:32.821][decklink][  12: 1080p95.90 (1920x1080, flags=Rec709)]
[info][2026-07-28 16:59:32.821][decklink][  13: 1080p96 (1920x1080, flags=Rec709)]
[info][2026-07-28 16:59:32.821][decklink][  14: 1080p100 (1920x1080, flags=Rec709)]
[info][2026-07-28 16:59:32.821][decklink][  15: 1080p119.88 (1920x1080, flags=Rec709)]
[info][2026-07-28 16:59:32.821][decklink][  16: 1080p120 (1920x1080, flags=Rec709)]
[info][2026-07-28 16:59:32.821][decklink][  17: 1080i50 (1920x1080, flags=Rec709)]
[info][2026-07-28 16:59:32.821][decklink][  18: 1080i59.94 (1920x1080, flags=Rec709)]
[info][2026-07-28 16:59:32.821][decklink][  19: 1080i60 (1920x1080, flags=Rec709)]
[info][2026-07-28 16:59:32.821][decklink][  20: 720p50 (1280x720, flags=Rec709)]
[info][2026-07-28 16:59:32.821][decklink][  21: 720p59.94 (1280x720, flags=Rec709)]
[info][2026-07-28 16:59:32.821][decklink][  22: 720p60 (1280x720, flags=Rec709)]
[info][2026-07-28 16:59:32.821][decklink][  23: 2Kp23.98 DCI (2048x1080, flags=Rec709)]
[info][2026-07-28 16:59:32.821][decklink][  24: 2Kp24 DCI (2048x1080, flags=Rec709)]
[info][2026-07-28 16:59:32.821][decklink][  25: 2Kp25 DCI (2048x1080, flags=Rec709)]
[info][2026-07-28 16:59:32.821][decklink][  26: 2Kp29.97 DCI (2048x1080, flags=Rec709)]
[info][2026-07-28 16:59:32.821][decklink][  27: 2Kp30 DCI (2048x1080, flags=Rec709)]
[info][2026-07-28 16:59:32.821][decklink][  28: 2Kp47.95 DCI (2048x1080, flags=Rec709)]
[info][2026-07-28 16:59:32.821][decklink][  29: 2Kp48 DCI (2048x1080, flags=Rec709)]
[info][2026-07-28 16:59:32.821][decklink][  30: 2Kp50 DCI (2048x1080, flags=Rec709)]
[info][2026-07-28 16:59:32.821][decklink][  31: 2Kp59.94 DCI (2048x1080, flags=Rec709)]
[info][2026-07-28 16:59:32.821][decklink][  32: 2Kp60 DCI (2048x1080, flags=Rec709)]
[info][2026-07-28 16:59:32.821][decklink][  33: 2Kp95.90 DCI (2048x1080, flags=Rec709)]
[info][2026-07-28 16:59:32.821][decklink][  34: 2Kp96 DCI (2048x1080, flags=Rec709)]
[info][2026-07-28 16:59:32.821][decklink][  35: 2Kp100 DCI (2048x1080, flags=Rec709)]
[info][2026-07-28 16:59:32.821][decklink][  36: 2Kp119.88 DCI (2048x1080, flags=Rec709)]
[info][2026-07-28 16:59:32.821][decklink][  37: 2Kp120 DCI (2048x1080, flags=Rec709)]
[info][2026-07-28 16:59:32.821][decklink][  38: 2160p23.98 (3840x2160, flags=Rec709)]
[info][2026-07-28 16:59:32.821][decklink][  39: 2160p24 (3840x2160, flags=Rec709)]
[info][2026-07-28 16:59:32.821][decklink][  40: 2160p25 (3840x2160, flags=Rec709)]
[info][2026-07-28 16:59:32.821][decklink][  41: 2160p29.97 (3840x2160, flags=Rec709)]
[info][2026-07-28 16:59:32.821][decklink][  42: 2160p30 (3840x2160, flags=Rec709)]
[info][2026-07-28 16:59:32.821][decklink][  43: 2160p47.95 (3840x2160, flags=Rec709)]
[info][2026-07-28 16:59:32.821][decklink][  44: 2160p48 (3840x2160, flags=Rec709)]
[info][2026-07-28 16:59:32.821][decklink][  45: 2160p50 (3840x2160, flags=Rec709)]
[info][2026-07-28 16:59:32.821][decklink][  46: 2160p59.94 (3840x2160, flags=Rec709)]
[info][2026-07-28 16:59:32.821][decklink][  47: 2160p60 (3840x2160, flags=Rec709)]
[info][2026-07-28 16:59:32.821][decklink][  48: 2160p95.90 (3840x2160, flags=Rec709)]
[info][2026-07-28 16:59:32.821][decklink][  49: 2160p96 (3840x2160, flags=Rec709)]
[info][2026-07-28 16:59:32.821][decklink][  50: 2160p100 (3840x2160, flags=Rec709)]
[info][2026-07-28 16:59:32.821][decklink][  51: 2160p119.88 (3840x2160, flags=Rec709)]
[info][2026-07-28 16:59:32.821][decklink][  52: 2160p120 (3840x2160, flags=Rec709)]
[info][2026-07-28 16:59:32.821][decklink][  53: 4Kp23.98 DCI (4096x2160, flags=Rec709)]
[info][2026-07-28 16:59:32.821][decklink][  54: 4Kp24 DCI (4096x2160, flags=Rec709)]
[info][2026-07-28 16:59:32.821][decklink][  55: 4Kp25 DCI (4096x2160, flags=Rec709)]
[info][2026-07-28 16:59:32.821][decklink][  56: 4Kp29.97 DCI (4096x2160, flags=Rec709)]
[info][2026-07-28 16:59:32.821][decklink][  57: 4Kp30 DCI (4096x2160, flags=Rec709)]
[info][2026-07-28 16:59:32.821][decklink][  58: 4Kp47.95 DCI (4096x2160, flags=Rec709)]
[info][2026-07-28 16:59:32.821][decklink][  59: 4Kp48 DCI (4096x2160, flags=Rec709)]
[info][2026-07-28 16:59:32.821][decklink][  60: 4Kp50 DCI (4096x2160, flags=Rec709)]
[info][2026-07-28 16:59:32.821][decklink][  61: 4Kp59.94 DCI (4096x2160, flags=Rec709)]
[info][2026-07-28 16:59:32.821][decklink][  62: 4Kp60 DCI (4096x2160, flags=Rec709)]
[info][2026-07-28 16:59:32.821][decklink][  63: 4Kp95.90 DCI (4096x2160, flags=Rec709)]
[info][2026-07-28 16:59:32.821][decklink][  64: 4Kp96 DCI (4096x2160, flags=Rec709)]
[info][2026-07-28 16:59:32.821][decklink][  65: 4Kp100 DCI (4096x2160, flags=Rec709)]
[info][2026-07-28 16:59:32.821][decklink][  66: 4Kp119.88 DCI (4096x2160, flags=Rec709)]
[info][2026-07-28 16:59:32.821][decklink][  67: 4Kp120 DCI (4096x2160, flags=Rec709)]
[info][2026-07-28 16:59:32.821][decklink][  68: 4320p23.98 (7680x4320, flags=Rec709)]
[info][2026-07-28 16:59:32.821][decklink][  69: 4320p24 (7680x4320, flags=Rec709)]
[info][2026-07-28 16:59:32.821][decklink][  70: 4320p25 (7680x4320, flags=Rec709)]
[info][2026-07-28 16:59:32.821][decklink][  71: 4320p29.97 (7680x4320, flags=Rec709)]
[info][2026-07-28 16:59:32.821][decklink][  72: 4320p30 (7680x4320, flags=Rec709)]
[info][2026-07-28 16:59:32.821][decklink][  73: 4320p47.95 (7680x4320, flags=Rec709)]
[info][2026-07-28 16:59:32.821][decklink][  74: 4320p48 (7680x4320, flags=Rec709)]
[info][2026-07-28 16:59:32.821][decklink][  75: 4320p50 (7680x4320, flags=Rec709)]
[info][2026-07-28 16:59:32.821][decklink][  76: 4320p59.94 (7680x4320, flags=Rec709)]
[info][2026-07-28 16:59:32.821][decklink][  77: 4320p60 (7680x4320, flags=Rec709)]
[info][2026-07-28 16:59:32.821][decklink][  78: 8Kp23.98 DCI (8192x4320, flags=Rec709)]
[info][2026-07-28 16:59:32.821][decklink][  79: 8Kp24 DCI (8192x4320, flags=Rec709)]
[info][2026-07-28 16:59:32.821][decklink][  80: 8Kp25 DCI (8192x4320, flags=Rec709)]
[info][2026-07-28 16:59:32.821][decklink][  81: 8Kp29.97 DCI (8192x4320, flags=Rec709)]
[info][2026-07-28 16:59:32.821][decklink][  82: 8Kp30 DCI (8192x4320, flags=Rec709)]
[info][2026-07-28 16:59:32.821][decklink][  83: 8Kp47.95 DCI (8192x4320, flags=Rec709)]
[info][2026-07-28 16:59:32.821][decklink][  84: 8Kp48 DCI (8192x4320, flags=Rec709)]
[info][2026-07-28 16:59:32.821][decklink][  85: 8Kp50 DCI (8192x4320, flags=Rec709)]
[info][2026-07-28 16:59:32.821][decklink][  86: 8Kp59.94 DCI (8192x4320, flags=Rec709)]
[info][2026-07-28 16:59:32.821][decklink][  87: 8Kp60 DCI (8192x4320, flags=Rec709)]
[info][2026-07-28 16:59:32.821][decklink][Waiting for input signal detection...]
[info][2026-07-28 16:59:32.830][decklink][Video input enabled with automatic format detection]
[info][2026-07-28 16:59:32.830][decklink][Capture started (UYVY 4:2:2)]
[info][2026-07-28 16:59:32.917][decklink][Using default output mode: 1080p25]
[info][2026-07-28 16:59:32.944][decklink][[Output 0] DeckLink 8K Pro (1) / DeckLink 8K Pro (subDevice=0, profile=0x34646864, duplex=0x64786861, ioSupport=0x3, outConns=0x1, busy=0x0)]
[info][2026-07-28 16:59:32.944][decklink][[Output 1] DeckLink 8K Pro (2) / DeckLink 8K Pro (subDevice=1, profile=0x34646864, duplex=0x64786861, ioSupport=0x3, outConns=0x1, busy=0x0)]
[info][2026-07-28 16:59:32.944][decklink][[Output 2] DeckLink 8K Pro (3) / DeckLink 8K Pro (subDevice=2, profile=0x34646864, duplex=0x64786861, ioSupport=0x3, outConns=0x1, busy=0x0)]
[info][2026-07-28 16:59:32.944][decklink][[Output 3] DeckLink 8K Pro (4) / DeckLink 8K Pro (subDevice=3, profile=0x34646864, duplex=0x64786861, ioSupport=0x3, outConns=0x1, busy=0x0)]
[info][2026-07-28 16:59:32.945][decklink][[Output 1] Selected output connection: SDI]
[info][2026-07-28 16:59:32.946][decklink][Successfully initialized DeckLink output on output index 1 with mode: 1080p25]
[info][2026-07-28 16:59:32.946][decklink][]
[info][2026-07-28 16:59:32.946][decklink][═══════════════════════════════════════════════════════════]
[info][2026-07-28 16:59:32.946][decklink][  CHECKING OUTPUT GENLOCK STATUS]
[info][2026-07-28 16:59:32.946][decklink][═══════════════════════════════════════════════════════════]
[info][2026-07-28 16:59:32.946][decklink][Output device supports genlock - will sync to reference input]
[info][2026-07-28 16:59:32.946][decklink][Output genlock status: Unlocked - Genlock reference lock has not been achieved]
[info][2026-07-28 16:59:32.946][decklink][]
[warning][2026-07-28 16:59:32.946][decklink][Output is not locked to genlock reference. Waiting for lock...]
[info][2026-07-28 16:59:33.053][decklink][Video input format changed events=0x1, mode=1080p25, flags=Rec709, detected=YCbCr422, 8Bit (0x21)]
[info][2026-07-28 16:59:34.083][decklink][Capture stopped]
[info][2026-07-28 16:59:34.100][decklink][Video input enabled with mode: 1080p25]
[info][2026-07-28 16:59:34.100][decklink][Capture started (UYVY 4:2:2)]
[warning][2026-07-28 16:59:37.951][decklink][Output genlock reference lock timeout. Output may not be synchronized.]
[warning][2026-07-28 16:59:37.951][decklink][Genlock: UNLOCKED | CHECK BMD APP]
[info][2026-07-28 16:59:37.951][decklink][DeckLink scheduled playback enabled (1920x1080, duration=1000, scale=25000)]
[error][2026-07-28 16:59:37.952][decklink][Output frame size 1280x720 does not match enabled DeckLink mode 1920x1080]
[info][2026-07-28 17:00:23.219][decklink][Configuring DeckLink input capture settings...]
[info][2026-07-28 17:00:23.220][decklink][Device supports genlock reference input]
[info][2026-07-28 17:00:23.220][decklink][Available display modes:]
[info][2026-07-28 17:00:23.220][decklink][  0: 525i59.94 NTSC (720x486, flags=Rec601)]
[info][2026-07-28 17:00:23.220][decklink][  1: 625i50 PAL (720x576, flags=Rec601)]
[info][2026-07-28 17:00:23.220][decklink][  2: 1080p23.98 (1920x1080, flags=Rec709)]
[info][2026-07-28 17:00:23.220][decklink][  3: 1080p24 (1920x1080, flags=Rec709)]
[info][2026-07-28 17:00:23.220][decklink][  4: 1080p25 (1920x1080, flags=Rec709)]
[info][2026-07-28 17:00:23.220][decklink][  5: 1080p29.97 (1920x1080, flags=Rec709)]
[info][2026-07-28 17:00:23.220][decklink][  6: 1080p30 (1920x1080, flags=Rec709)]
[info][2026-07-28 17:00:23.220][decklink][  7: 1080p47.95 (1920x1080, flags=Rec709)]
[info][2026-07-28 17:00:23.220][decklink][  8: 1080p48 (1920x1080, flags=Rec709)]
[info][2026-07-28 17:00:23.220][decklink][  9: 1080p50 (1920x1080, flags=Rec709)]
[info][2026-07-28 17:00:23.220][decklink][  10: 1080p59.94 (1920x1080, flags=Rec709)]
[info][2026-07-28 17:00:23.220][decklink][  11: 1080p60 (1920x1080, flags=Rec709)]
[info][2026-07-28 17:00:23.220][decklink][  12: 1080p95.90 (1920x1080, flags=Rec709)]
[info][2026-07-28 17:00:23.220][decklink][  13: 1080p96 (1920x1080, flags=Rec709)]
[info][2026-07-28 17:00:23.220][decklink][  14: 1080p100 (1920x1080, flags=Rec709)]
[info][2026-07-28 17:00:23.220][decklink][  15: 1080p119.88 (1920x1080, flags=Rec709)]
[info][2026-07-28 17:00:23.220][decklink][  16: 1080p120 (1920x1080, flags=Rec709)]
[info][2026-07-28 17:00:23.220][decklink][  17: 1080i50 (1920x1080, flags=Rec709)]
[info][2026-07-28 17:00:23.220][decklink][  18: 1080i59.94 (1920x1080, flags=Rec709)]
[info][2026-07-28 17:00:23.220][decklink][  19: 1080i60 (1920x1080, flags=Rec709)]
[info][2026-07-28 17:00:23.220][decklink][  20: 720p50 (1280x720, flags=Rec709)]
[info][2026-07-28 17:00:23.220][decklink][  21: 720p59.94 (1280x720, flags=Rec709)]
[info][2026-07-28 17:00:23.220][decklink][  22: 720p60 (1280x720, flags=Rec709)]
[info][2026-07-28 17:00:23.220][decklink][  23: 2Kp23.98 DCI (2048x1080, flags=Rec709)]
[info][2026-07-28 17:00:23.220][decklink][  24: 2Kp24 DCI (2048x1080, flags=Rec709)]
[info][2026-07-28 17:00:23.220][decklink][  25: 2Kp25 DCI (2048x1080, flags=Rec709)]
[info][2026-07-28 17:00:23.220][decklink][  26: 2Kp29.97 DCI (2048x1080, flags=Rec709)]
[info][2026-07-28 17:00:23.220][decklink][  27: 2Kp30 DCI (2048x1080, flags=Rec709)]
[info][2026-07-28 17:00:23.220][decklink][  28: 2Kp47.95 DCI (2048x1080, flags=Rec709)]
[info][2026-07-28 17:00:23.220][decklink][  29: 2Kp48 DCI (2048x1080, flags=Rec709)]
[info][2026-07-28 17:00:23.220][decklink][  30: 2Kp50 DCI (2048x1080, flags=Rec709)]
[info][2026-07-28 17:00:23.220][decklink][  31: 2Kp59.94 DCI (2048x1080, flags=Rec709)]
[info][2026-07-28 17:00:23.220][decklink][  32: 2Kp60 DCI (2048x1080, flags=Rec709)]
[info][2026-07-28 17:00:23.220][decklink][  33: 2Kp95.90 DCI (2048x1080, flags=Rec709)]
[info][2026-07-28 17:00:23.220][decklink][  34: 2Kp96 DCI (2048x1080, flags=Rec709)]
[info][2026-07-28 17:00:23.220][decklink][  35: 2Kp100 DCI (2048x1080, flags=Rec709)]
[info][2026-07-28 17:00:23.220][decklink][  36: 2Kp119.88 DCI (2048x1080, flags=Rec709)]
[info][2026-07-28 17:00:23.220][decklink][  37: 2Kp120 DCI (2048x1080, flags=Rec709)]
[info][2026-07-28 17:00:23.220][decklink][  38: 2160p23.98 (3840x2160, flags=Rec709)]
[info][2026-07-28 17:00:23.220][decklink][  39: 2160p24 (3840x2160, flags=Rec709)]
[info][2026-07-28 17:00:23.220][decklink][  40: 2160p25 (3840x2160, flags=Rec709)]
[info][2026-07-28 17:00:23.220][decklink][  41: 2160p29.97 (3840x2160, flags=Rec709)]
[info][2026-07-28 17:00:23.220][decklink][  42: 2160p30 (3840x2160, flags=Rec709)]
[info][2026-07-28 17:00:23.220][decklink][  43: 2160p47.95 (3840x2160, flags=Rec709)]
[info][2026-07-28 17:00:23.220][decklink][  44: 2160p48 (3840x2160, flags=Rec709)]
[info][2026-07-28 17:00:23.220][decklink][  45: 2160p50 (3840x2160, flags=Rec709)]
[info][2026-07-28 17:00:23.220][decklink][  46: 2160p59.94 (3840x2160, flags=Rec709)]
[info][2026-07-28 17:00:23.220][decklink][  47: 2160p60 (3840x2160, flags=Rec709)]
[info][2026-07-28 17:00:23.220][decklink][  48: 2160p95.90 (3840x2160, flags=Rec709)]
[info][2026-07-28 17:00:23.220][decklink][  49: 2160p96 (3840x2160, flags=Rec709)]
[info][2026-07-28 17:00:23.220][decklink][  50: 2160p100 (3840x2160, flags=Rec709)]
[info][2026-07-28 17:00:23.220][decklink][  51: 2160p119.88 (3840x2160, flags=Rec709)]
[info][2026-07-28 17:00:23.220][decklink][  52: 2160p120 (3840x2160, flags=Rec709)]
[info][2026-07-28 17:00:23.220][decklink][  53: 4Kp23.98 DCI (4096x2160, flags=Rec709)]
[info][2026-07-28 17:00:23.220][decklink][  54: 4Kp24 DCI (4096x2160, flags=Rec709)]
[info][2026-07-28 17:00:23.220][decklink][  55: 4Kp25 DCI (4096x2160, flags=Rec709)]
[info][2026-07-28 17:00:23.220][decklink][  56: 4Kp29.97 DCI (4096x2160, flags=Rec709)]
[info][2026-07-28 17:00:23.220][decklink][  57: 4Kp30 DCI (4096x2160, flags=Rec709)]
[info][2026-07-28 17:00:23.220][decklink][  58: 4Kp47.95 DCI (4096x2160, flags=Rec709)]
[info][2026-07-28 17:00:23.220][decklink][  59: 4Kp48 DCI (4096x2160, flags=Rec709)]
[info][2026-07-28 17:00:23.220][decklink][  60: 4Kp50 DCI (4096x2160, flags=Rec709)]
[info][2026-07-28 17:00:23.220][decklink][  61: 4Kp59.94 DCI (4096x2160, flags=Rec709)]
[info][2026-07-28 17:00:23.220][decklink][  62: 4Kp60 DCI (4096x2160, flags=Rec709)]
[info][2026-07-28 17:00:23.220][decklink][  63: 4Kp95.90 DCI (4096x2160, flags=Rec709)]
[info][2026-07-28 17:00:23.220][decklink][  64: 4Kp96 DCI (4096x2160, flags=Rec709)]
[info][2026-07-28 17:00:23.220][decklink][  65: 4Kp100 DCI (4096x2160, flags=Rec709)]
[info][2026-07-28 17:00:23.220][decklink][  66: 4Kp119.88 DCI (4096x2160, flags=Rec709)]
[info][2026-07-28 17:00:23.220][decklink][  67: 4Kp120 DCI (4096x2160, flags=Rec709)]
[info][2026-07-28 17:00:23.220][decklink][  68: 4320p23.98 (7680x4320, flags=Rec709)]
[info][2026-07-28 17:00:23.220][decklink][  69: 4320p24 (7680x4320, flags=Rec709)]
[info][2026-07-28 17:00:23.220][decklink][  70: 4320p25 (7680x4320, flags=Rec709)]
[info][2026-07-28 17:00:23.220][decklink][  71: 4320p29.97 (7680x4320, flags=Rec709)]
[info][2026-07-28 17:00:23.220][decklink][  72: 4320p30 (7680x4320, flags=Rec709)]
[info][2026-07-28 17:00:23.220][decklink][  73: 4320p47.95 (7680x4320, flags=Rec709)]
[info][2026-07-28 17:00:23.220][decklink][  74: 4320p48 (7680x4320, flags=Rec709)]
[info][2026-07-28 17:00:23.220][decklink][  75: 4320p50 (7680x4320, flags=Rec709)]
[info][2026-07-28 17:00:23.220][decklink][  76: 4320p59.94 (7680x4320, flags=Rec709)]
[info][2026-07-28 17:00:23.220][decklink][  77: 4320p60 (7680x4320, flags=Rec709)]
[info][2026-07-28 17:00:23.220][decklink][  78: 8Kp23.98 DCI (8192x4320, flags=Rec709)]
[info][2026-07-28 17:00:23.220][decklink][  79: 8Kp24 DCI (8192x4320, flags=Rec709)]
[info][2026-07-28 17:00:23.220][decklink][  80: 8Kp25 DCI (8192x4320, flags=Rec709)]
[info][2026-07-28 17:00:23.220][decklink][  81: 8Kp29.97 DCI (8192x4320, flags=Rec709)]
[info][2026-07-28 17:00:23.220][decklink][  82: 8Kp30 DCI (8192x4320, flags=Rec709)]
[info][2026-07-28 17:00:23.220][decklink][  83: 8Kp47.95 DCI (8192x4320, flags=Rec709)]
[info][2026-07-28 17:00:23.220][decklink][  84: 8Kp48 DCI (8192x4320, flags=Rec709)]
[info][2026-07-28 17:00:23.220][decklink][  85: 8Kp50 DCI (8192x4320, flags=Rec709)]
[info][2026-07-28 17:00:23.220][decklink][  86: 8Kp59.94 DCI (8192x4320, flags=Rec709)]
[info][2026-07-28 17:00:23.220][decklink][  87: 8Kp60 DCI (8192x4320, flags=Rec709)]
[info][2026-07-28 17:00:23.220][decklink][Waiting for input signal detection...]
[info][2026-07-28 17:00:23.229][decklink][Video input enabled with automatic format detection]
[info][2026-07-28 17:00:23.229][decklink][Capture started (UYVY 4:2:2)]
[info][2026-07-28 17:00:23.454][decklink][Video input format changed events=0x1, mode=1080p25, flags=Rec709, detected=YCbCr422, 8Bit (0x21)]
[info][2026-07-28 17:00:23.464][decklink][Capture stopped]
[info][2026-07-[info][2026-07-28 17:07:53.146][decklink][Configuring DeckLink input capture settings...]
[info][2026-07-28 17:07:53.146][decklink][Device supports genlock reference input]
[info][2026-07-28 17:07:53.146][decklink][Available display modes:]
[info][2026-07-28 17:07:53.146][decklink][  0: 525i59.94 NTSC (720x486, flags=Rec601)]
[info][2026-07-28 17:07:53.146][decklink][  1: 625i50 PAL (720x576, flags=Rec601)]
[info][2026-07-28 17:07:53.146][decklink][  2: 1080p23.98 (1920x1080, flags=Rec709)]
[info][2026-07-28 17:07:53.146][decklink][  3: 1080p24 (1920x1080, flags=Rec709)]
[info][2026-07-28 17:07:53.146][decklink][  4: 1080p25 (1920x1080, flags=Rec709)]
[info][2026-07-28 17:07:53.146][decklink][  5: 1080p29.97 (1920x1080, flags=Rec709)]
[info][2026-07-28 17:07:53.146][decklink][  6: 1080p30 (1920x1080, flags=Rec709)]
[info][2026-07-28 17:07:53.146][decklink][  7: 1080p47.95 (1920x1080, flags=Rec709)]
[info][2026-07-28 17:07:53.146][decklink][  8: 1080p48 (1920x1080, flags=Rec709)]
[info][2026-07-28 17:07:53.147][decklink][  9: 1080p50 (1920x1080, flags=Rec709)]
[info][2026-07-28 17:07:53.147][decklink][  10: 1080p59.94 (1920x1080, flags=Rec709)]
[info][2026-07-28 17:07:53.147][decklink][  11: 1080p60 (1920x1080, flags=Rec709)]
[info][2026-07-28 17:07:53.147][decklink][  12: 1080p95.90 (1920x1080, flags=Rec709)]
[info][2026-07-28 17:07:53.147][decklink][  13: 1080p96 (1920x1080, flags=Rec709)]
[info][2026-07-28 17:07:53.147][decklink][  14: 1080p100 (1920x1080, flags=Rec709)]
[info][2026-07-28 17:07:53.147][decklink][  15: 1080p119.88 (1920x1080, flags=Rec709)]
[info][2026-07-28 17:07:53.147][decklink][  16: 1080p120 (1920x1080, flags=Rec709)]
[info][2026-07-28 17:07:53.147][decklink][  17: 1080i50 (1920x1080, flags=Rec709)]
[info][2026-07-28 17:07:53.147][decklink][  18: 1080i59.94 (1920x1080, flags=Rec709)]
[info][2026-07-28 17:07:53.147][decklink][  19: 1080i60 (1920x1080, flags=Rec709)]
[info][2026-07-28 17:07:53.147][decklink][  20: 720p50 (1280x720, flags=Rec709)]
[info][2026-07-28 17:07:53.147][decklink][  21: 720p59.94 (1280x720, flags=Rec709)]
[info][2026-07-28 17:07:53.147][decklink][  22: 720p60 (1280x720, flags=Rec709)]
[info][2026-07-28 17:07:53.147][decklink][  23: 2Kp23.98 DCI (2048x1080, flags=Rec709)]
[info][2026-07-28 17:07:53.147][decklink][  24: 2Kp24 DCI (2048x1080, flags=Rec709)]
[info][2026-07-28 17:07:53.147][decklink][  25: 2Kp25 DCI (2048x1080, flags=Rec709)]
[info][2026-07-28 17:07:53.147][decklink][  26: 2Kp29.97 DCI (2048x1080, flags=Rec709)]
[info][2026-07-28 17:07:53.147][decklink][  27: 2Kp30 DCI (2048x1080, flags=Rec709)]
[info][2026-07-28 17:07:53.147][decklink][  28: 2Kp47.95 DCI (2048x1080, flags=Rec709)]
[info][2026-07-28 17:07:53.147][decklink][  29: 2Kp48 DCI (2048x1080, flags=Rec709)]
[info][2026-07-28 17:07:53.147][decklink][  30: 2Kp50 DCI (2048x1080, flags=Rec709)]
[info][2026-07-28 17:07:53.147][decklink][  31: 2Kp59.94 DCI (2048x1080, flags=Rec709)]
[info][2026-07-28 17:07:53.147][decklink][  32: 2Kp60 DCI (2048x1080, flags=Rec709)]
[info][2026-07-28 17:07:53.147][decklink][  33: 2Kp95.90 DCI (2048x1080, flags=Rec709)]
[info][2026-07-28 17:07:53.147][decklink][  34: 2Kp96 DCI (2048x1080, flags=Rec709)]
[info][2026-07-28 17:07:53.147][decklink][  35: 2Kp100 DCI (2048x1080, flags=Rec709)]
[info][2026-07-28 17:07:53.147][decklink][  36: 2Kp119.88 DCI (2048x1080, flags=Rec709)]
[info][2026-07-28 17:07:53.147][decklink][  37: 2Kp120 DCI (2048x1080, flags=Rec709)]
[info][2026-07-28 17:07:53.147][decklink][  38: 2160p23.98 (3840x2160, flags=Rec709)]
[info][2026-07-28 17:07:53.147][decklink][  39: 2160p24 (3840x2160, flags=Rec709)]
[info][2026-07-28 17:07:53.147][decklink][  40: 2160p25 (3840x2160, flags=Rec709)]
[info][2026-07-28 17:07:53.147][decklink][  41: 2160p29.97 (3840x2160, flags=Rec709)]
[info][2026-07-28 17:07:53.147][decklink][  42: 2160p30 (3840x2160, flags=Rec709)]
[info][2026-07-28 17:07:53.147][decklink][  43: 2160p47.95 (3840x2160, flags=Rec709)]
[info][2026-07-28 17:07:53.147][decklink][  44: 2160p48 (3840x2160, flags=Rec709)]
[info][2026-07-28 17:07:53.147][decklink][  45: 2160p50 (3840x2160, flags=Rec709)]
[info][2026-07-28 17:07:53.147][decklink][  46: 2160p59.94 (3840x2160, flags=Rec709)]
[info][2026-07-28 17:07:53.147][decklink][  47: 2160p60 (3840x2160, flags=Rec709)]
[info][2026-07-28 17:07:53.147][decklink][  48: 2160p95.90 (3840x2160, flags=Rec709)]
[info][2026-07-28 17:07:53.147][decklink][  49: 2160p96 (3840x2160, flags=Rec709)]
[info][2026-07-28 17:07:53.147][decklink][  50: 2160p100 (3840x2160, flags=Rec709)]
[info][2026-07-28 17:07:53.147][decklink][  51: 2160p119.88 (3840x2160, flags=Rec709)]
[info][2026-07-28 17:07:53.147][decklink][  52: 2160p120 (3840x2160, flags=Rec709)]
[info][2026-07-28 17:07:53.147][decklink][  53: 4Kp23.98 DCI (4096x2160, flags=Rec709)]
[info][2026-07-28 17:07:53.147][decklink][  54: 4Kp24 DCI (4096x2160, flags=Rec709)]
[info][2026-07-28 17:07:53.147][decklink][  55: 4Kp25 DCI (4096x2160, flags=Rec709)]
[info][2026-07-28 17:07:53.147][decklink][  56: 4Kp29.97 DCI (4096x2160, flags=Rec709)]
[info][2026-07-28 17:07:53.147][decklink][  57: 4Kp30 DCI (4096x2160, flags=Rec709)]
[info][2026-07-28 17:07:53.147][decklink][  58: 4Kp47.95 DCI (4096x2160, flags=Rec709)]
[info][2026-07-28 17:07:53.147][decklink][  59: 4Kp48 DCI (4096x2160, flags=Rec709)]
[info][2026-07-28 17:07:53.147][decklink][  60: 4Kp50 DCI (4096x2160, flags=Rec709)]
[info][2026-07-28 17:07:53.147][decklink][  61: 4Kp59.94 DCI (4096x2160, flags=Rec709)]
[info][2026-07-28 17:07:53.147][decklink][  62: 4Kp60 DCI (4096x2160, flags=Rec709)]
[info][2026-07-28 17:07:53.147][decklink][  63: 4Kp95.90 DCI (4096x2160, flags=Rec709)]
[info][2026-07-28 17:07:53.147][decklink][  64: 4Kp96 DCI (4096x2160, flags=Rec709)]
[info][2026-07-28 17:07:53.147][decklink][  65: 4Kp100 DCI (4096x2160, flags=Rec709)]
[info][2026-07-28 17:07:53.147][decklink][  66: 4Kp119.88 DCI (4096x2160, flags=Rec709)]
[info][2026-07-28 17:07:53.147][decklink][  67: 4Kp120 DCI (4096x2160, flags=Rec709)]
[info][2026-07-28 17:07:53.147][decklink][  68: 4320p23.98 (7680x4320, flags=Rec709)]
[info][2026-07-28 17:07:53.147][decklink][  69: 4320p24 (7680x4320, flags=Rec709)]
[info][2026-07-28 17:07:53.147][decklink][  70: 4320p25 (7680x4320, flags=Rec709)]
[info][2026-07-28 17:07:53.147][decklink][  71: 4320p29.97 (7680x4320, flags=Rec709)]
[info][2026-07-28 17:07:53.147][decklink][  72: 4320p30 (7680x4320, flags=Rec709)]
[info][2026-07-28 17:07:53.147][decklink][  73: 4320p47.95 (7680x4320, flags=Rec709)]
[info][2026-07-28 17:07:53.147][decklink][  74: 4320p48 (7680x4320, flags=Rec709)]
[info][2026-07-28 17:07:53.147][decklink][  75: 4320p50 (7680x4320, flags=Rec709)]
[info][2026-07-28 17:07:53.147][decklink][  76: 4320p59.94 (7680x4320, flags=Rec709)]
[info][2026-07-28 17:07:53.147][decklink][  77: 4320p60 (7680x4320, flags=Rec709)]
[info][2026-07-28 17:07:53.147][decklink][  78: 8Kp23.98 DCI (8192x4320, flags=Rec709)]
[info][2026-07-28 17:07:53.147][decklink][  79: 8Kp24 DCI (8192x4320, flags=Rec709)]
[info][2026-07-28 17:07:53.147][decklink][  80: 8Kp25 DCI (8192x4320, flags=Rec709)]
[info][2026-07-28 17:07:53.147][decklink][  81: 8Kp29.97 DCI (8192x4320, flags=Rec709)]
[info][2026-07-28 17:07:53.147][decklink][  82: 8Kp30 DCI (8192x4320, flags=Rec709)]
[info][2026-07-28 17:07:53.147][decklink][  83: 8Kp47.95 DCI (8192x4320, flags=Rec709)]
[info][2026-07-28 17:07:53.147][decklink][  84: 8Kp48 DCI (8192x4320, flags=Rec709)]
[info][2026-07-28 17:07:53.147][decklink][  85: 8Kp50 DCI (8192x4320, flags=Rec709)]
[info][2026-07-28 17:07:53.147][decklink][  86: 8Kp59.94 DCI (8192x4320, flags=Rec709)]
[info][2026-07-28 17:07:53.147][decklink][  87: 8Kp60 DCI (8192x4320, flags=Rec709)]
[info][2026-07-28 17:07:53.147][decklink][Waiting for input signal detection...]
[info][2026-07-28 17:07:53.160][decklink][Video input enabled with automatic format detection]
[info][2026-07-28 17:07:53.160][decklink][Capture started (UYVY 4:2:2)]
[info][2026-07-28 17:07:53.394][decklink][Video input format changed events=0x5, mode=1080p50, flags=Rec709, detected=YCbCr422, 10Bit (0x11)]
[info][2026-07-28 17:07:53.395][decklink][Capture stopped]
[info][2026-07-28 17:07:53.416][decklink][Video input enabled with mode: 1080p50]
[info][2026-07-28 17:07:53.416][decklink][Capture started (UYVY 4:2:2)]
[info][2026-07-28 17:07:53.478][decklink][Video input format changed events=0x4, mode=1080p50, flags=Rec709, detected=YCbCr422, 10Bit (0x11)]
[info][2026-07-28 17:07:53.490][decklink][Using detected input mode for output: 1080p50]
[info][2026-07-28 17:07:53.518][decklink][[Output 0] DeckLink 8K Pro (1) / DeckLink 8K Pro (subDevice=0, profile=0x34646864, duplex=0x64786861, ioSupport=0x3, outConns=0x1, busy=0x0)]
[info][2026-07-28 17:07:53.518][decklink][[Output 1] DeckLink 8K Pro (2) / DeckLink 8K Pro (subDevice=1, profile=0x34646864, duplex=0x64786861, ioSupport=0x3, outConns=0x1, busy=0x2)]
[info][2026-07-28 17:07:53.518][decklink][[Output 2] DeckLink 8K Pro (3) / DeckLink 8K Pro (subDevice=2, profile=0x34646864, duplex=0x64786861, ioSupport=0x3, outConns=0x1, busy=0x0)]
[info][2026-07-28 17:07:53.518][decklink][[Output 3] DeckLink 8K Pro (4) / DeckLink 8K Pro (subDevice=3, profile=0x34646864, duplex=0x64786861, ioSupport=0x3, outConns=0x1, busy=0x0)]
[info][2026-07-28 17:07:53.518][decklink][[Output 1] Selected output connection: SDI]
[error][2026-07-28 17:07:53.520][decklink][[Output 1] EnableVideoOutput failed (mode=1080p50, conn=1, hr=0x-7ffffff7)]
[warning][2026-07-28 17:07:53.520][decklink][Requested output index 1 failed; trying fallback output index 2]
[info][2026-07-28 17:07:53.520][decklink][[Output 2] Selected output connection: SDI]
[info][2026-07-28 17:07:53.521][decklink][Successfully initialized DeckLink output on output index 2 with mode: 1080p50]
[info][2026-07-28 17:07:53.521][decklink][]
[info][2026-07-28 17:07:53.521][decklink][═══════════════════════════════════════════════════════════]
[info][2026-07-28 17:07:53.521][decklink][  CHECKING OUTPUT GENLOCK STATUS]
[info][2026-07-28 17:07:53.521][decklink][═══════════════════════════════════════════════════════════]
[info][2026-07-28 17:07:53.521][decklink][Output device supports genlock - will sync to reference input]
[info][2026-07-28 17:07:53.521][decklink][Output genlock status: Unlocked - Genlock reference lock has not been achieved]
[info][2026-07-28 17:07:53.521][decklink][]
[warning][2026-07-28 17:07:53.521][decklink][Output is not locked to genlock reference. Waiting for lock...]
[warning][2026-07-28 17:07:58.526][decklink][Output genlock reference lock timeout. Output may not be synchronized.]
[warning][2026-07-28 17:07:58.526][decklink][Genlock: UNLOCKED | CHECK BMD APP]
[info][2026-07-28 17:07:58.527][decklink][DeckLink scheduled playback enabled (1920x1080, duration=1000, scale=50000)]
[info][2026-07-28 17:12:35.216][decklink][Capture stopped]
[info][2026-07-29 12:12:54.409][decklink][Configuring DeckLink input capture settings...]
[info][2026-07-29 12:12:54.409][decklink][Device supports genlock reference input]
[info][2026-07-29 12:12:54.409][decklink][Available display modes:]
[info][2026-07-29 12:12:54.409][decklink][  0: 525i59.94 NTSC (720x486, flags=Rec601)]
[info][2026-07-29 12:12:54.409][decklink][  1: 625i50 PAL (720x576, flags=Rec601)]
[info][2026-07-29 12:12:54.409][decklink][  2: 1080p23.98 (1920x1080, flags=Rec709)]
[info][2026-07-29 12:12:54.409][decklink][  3: 1080p24 (1920x1080, flags=Rec709)]
[info][2026-07-29 12:12:54.409][decklink][  4: 1080p25 (1920x1080, flags=Rec709)]
[info][2026-07-29 12:12:54.409][decklink][  5: 1080p29.97 (1920x1080, flags=Rec709)]
[info][2026-07-29 12:12:54.409][decklink][  6: 1080p30 (1920x1080, flags=Rec709)]
[info][2026-07-29 12:12:54.409][decklink][  7: 1080p47.95 (1920x1080, flags=Rec709)]
[info][2026-07-29 12:12:54.409][decklink][  8: 1080p48 (1920x1080, flags=Rec709)]
[info][2026-07-29 12:12:54.409][decklink][  9: 1080p50 (1920x1080, flags=Rec709)]
[info][2026-07-29 12:12:54.409][decklink][  10: 1080p59.94 (1920x1080, flags=Rec709)]
[info][2026-07-29 12:12:54.409][decklink][  11: 1080p60 (1920x1080, flags=Rec709)]
[info][2026-07-29 12:12:54.409][decklink][  12: 1080p95.90 (1920x1080, flags=Rec709)]
[info][2026-07-29 12:12:54.409][decklink][  13: 1080p96 (1920x1080, flags=Rec709)]
[info][2026-07-29 12:12:54.409][decklink][  14: 1080p100 (1920x1080, flags=Rec709)]
[info][2026-07-29 12:12:54.409][decklink][  15: 1080p119.88 (1920x1080, flags=Rec709)]
[info][2026-07-29 12:12:54.409][decklink][  16: 1080p120 (1920x1080, flags=Rec709)]
[info][2026-07-29 12:12:54.409][decklink][  17: 1080i50 (1920x1080, flags=Rec709)]
[info][2026-07-29 12:12:54.409][decklink][  18: 1080i59.94 (1920x1080, flags=Rec709)]
[info][2026-07-29 12:12:54.409][decklink][  19: 1080i60 (1920x1080, flags=Rec709)]
[info][2026-07-29 12:12:54.409][decklink][  20: 720p50 (1280x720, flags=Rec709)]
[info][2026-07-29 12:12:54.409][decklink][  21: 720p59.94 (1280x720, flags=Rec709)]
[info][2026-07-29 12:12:54.409][decklink][  22: 720p60 (1280x720, flags=Rec709)]
[info][2026-07-29 12:12:54.409][decklink][  23: 2Kp23.98 DCI (2048x1080, flags=Rec709)]
[info][2026-07-29 12:12:54.409][decklink][  24: 2Kp24 DCI (2048x1080, flags=Rec709)]
[info][2026-07-29 12:12:54.409][decklink][  25: 2Kp25 DCI (2048x1080, flags=Rec709)]
[info][2026-07-29 12:12:54.409][decklink][  26: 2Kp29.97 DCI (2048x1080, flags=Rec709)]
[info][2026-07-29 12:12:54.409][decklink][  27: 2Kp30 DCI (2048x1080, flags=Rec709)]
[info][2026-07-29 12:12:54.409][decklink][  28: 2Kp47.95 DCI (2048x1080, flags=Rec709)]
[info][2026-07-29 12:12:54.409][decklink][  29: 2Kp48 DCI (2048x1080, flags=Rec709)]
[info][2026-07-29 12:12:54.409][decklink][  30: 2Kp50 DCI (2048x1080, flags=Rec709)]
[info][2026-07-29 12:12:54.409][decklink][  31: 2Kp59.94 DCI (2048x1080, flags=Rec709)]
[info][2026-07-29 12:12:54.409][decklink][  32: 2Kp60 DCI (2048x1080, flags=Rec709)]
[info][2026-07-29 12:12:54.409][decklink][  33: 2Kp95.90 DCI (2048x1080, flags=Rec709)]
[info][2026-07-29 12:12:54.409][decklink][  34: 2Kp96 DCI (2048x1080, flags=Rec709)]
[info][2026-07-29 12:12:54.409][decklink][  35: 2Kp100 DCI (2048x1080, flags=Rec709)]
[info][2026-07-29 12:12:54.409][decklink][  36: 2Kp119.88 DCI (2048x1080, flags=Rec709)]
[info][2026-07-29 12:12:54.409][decklink][  37: 2Kp120 DCI (2048x1080, flags=Rec709)]
[info][2026-07-29 12:12:54.409][decklink][  38: 2160p23.98 (3840x2160, flags=Rec709)]
[info][2026-07-29 12:12:54.409][decklink][  39: 2160p24 (3840x2160, flags=Rec709)]
[info][2026-07-29 12:12:54.409][decklink][  40: 2160p25 (3840x2160, flags=Rec709)]
[info][2026-07-29 12:12:54.409][decklink][  41: 2160p29.97 (3840x2160, flags=Rec709)]
[info][2026-07-29 12:12:54.409][decklink][  42: 2160p30 (3840x2160, flags=Rec709)]
[info][2026-07-29 12:12:54.409][decklink][  43: 2160p47.95 (3840x2160, flags=Rec709)]
[info][2026-07-29 12:12:54.409][decklink][  44: 2160p48 (3840x2160, flags=Rec709)]
[info][2026-07-29 12:12:54.409][decklink][  45: 2160p50 (3840x2160, flags=Rec709)]
[info][2026-07-29 12:12:54.409][decklink][  46: 2160p59.94 (3840x2160, flags=Rec709)]
[info][2026-07-29 12:12:54.409][decklink][  47: 2160p60 (3840x2160, flags=Rec709)]
[info][2026-07-29 12:12:54.409][decklink][  48: 2160p95.90 (3840x2160, flags=Rec709)]
[info][2026-07-29 12:12:54.409][decklink][  49: 2160p96 (3840x2160, flags=Rec709)]
[info][2026-07-29 12:12:54.409][decklink][  50: 2160p100 (3840x2160, flags=Rec709)]
[info][2026-07-29 12:12:54.409][decklink][  51: 2160p119.88 (3840x2160, flags=Rec709)]
[info][2026-07-29 12:12:54.409][decklink][  52: 2160p120 (3840x2160, flags=Rec709)]
[info][2026-07-29 12:12:54.409][decklink][  53: 4Kp23.98 DCI (4096x2160, flags=Rec709)]
[info][2026-07-29 12:12:54.409][decklink][  54: 4Kp24 DCI (4096x2160, flags=Rec709)]
[info][2026-07-29 12:12:54.409][decklink][  55: 4Kp25 DCI (4096x2160, flags=Rec709)]
[info][2026-07-29 12:12:54.409][decklink][  56: 4Kp29.97 DCI (4096x2160, flags=Rec709)]
[info][2026-07-29 12:12:54.409][decklink][  57: 4Kp30 DCI (4096x2160, flags=Rec709)]
[info][2026-07-29 12:12:54.409][decklink][  58: 4Kp47.95 DCI (4096x2160, flags=Rec709)]
[info][2026-07-29 12:12:54.409][decklink][  59: 4Kp48 DCI (4096x2160, flags=Rec709)]
[info][2026-07-29 12:12:54.409][decklink][  60: 4Kp50 DCI (4096x2160, flags=Rec709)]
[info][2026-07-29 12:12:54.409][decklink][  61: 4Kp59.94 DCI (4096x2160, flags=Rec709)]
[info][2026-07-29 12:12:54.409][decklink][  62: 4Kp60 DCI (4096x2160, flags=Rec709)]
[info][2026-07-29 12:12:54.409][decklink][  63: 4Kp95.90 DCI (4096x2160, flags=Rec709)]
[info][2026-07-29 12:12:54.409][decklink][  64: 4Kp96 DCI (4096x2160, flags=Rec709)]
[info][2026-07-29 12:12:54.409][decklink][  65: 4Kp100 DCI (4096x2160, flags=Rec709)]
[info][2026-07-29 12:12:54.409][decklink][  66: 4Kp119.88 DCI (4096x2160, flags=Rec709)]
[info][2026-07-29 12:12:54.409][decklink][  67: 4Kp120 DCI (4096x2160, flags=Rec709)]
[info][2026-07-29 12:12:54.409][decklink][  68: 4320p23.98 (7680x4320, flags=Rec709)]
[info][2026-07-29 12:12:54.409][decklink][  69: 4320p24 (7680x4320, flags=Rec709)]
[info][2026-07-29 12:12:54.409][decklink][  70: 4320p25 (7680x4320, flags=Rec709)]
[info][2026-07-29 12:12:54.409][decklink][  71: 4320p29.97 (7680x4320, flags=Rec709)]
[info][2026-07-29 12:12:54.409][decklink][  72: 4320p30 (7680x4320, flags=Rec709)]
[info][2026-07-29 12:12:54.409][decklink][  73: 4320p47.95 (7680x4320, flags=Rec709)]
[info][2026-07-29 12:12:54.409][decklink][  74: 4320p48 (7680x4320, flags=Rec709)]
[info][2026-07-29 12:12:54.409][decklink][  75: 4320p50 (7680x4320, flags=Rec709)]
[info][2026-07-29 12:12:54.409][decklink][  76: 4320p59.94 (7680x4320, flags=Rec709)]
[info][2026-07-29 12:12:54.409][decklink][  77: 4320p60 (7680x4320, flags=Rec709)]
[info][2026-07-29 12:12:54.409][decklink][  78: 8Kp23.98 DCI (8192x4320, flags=Rec709)]
[info][2026-07-29 12:12:54.409][decklink][  79: 8Kp24 DCI (8192x4320, flags=Rec709)]
[info][2026-07-29 12:12:54.409][decklink][  80: 8Kp25 DCI (8192x4320, flags=Rec709)]
[info][2026-07-29 12:12:54.409][decklink][  81: 8Kp29.97 DCI (8192x4320, flags=Rec709)]
[info][2026-07-29 12:12:54.409][decklink][  82: 8Kp30 DCI (8192x4320, flags=Rec709)]
[info][2026-07-29 12:12:54.409][decklink][  83: 8Kp47.95 DCI (8192x4320, flags=Rec709)]
[info][2026-07-29 12:12:54.409][decklink][  84: 8Kp48 DCI (8192x4320, flags=Rec709)]
[info][2026-07-29 12:12:54.409][decklink][  85: 8Kp50 DCI (8192x4320, flags=Rec709)]
[info][2026-07-29 12:12:54.409][decklink][  86: 8Kp59.94 DCI (8192x4320, flags=Rec709)]
[info][2026-07-29 12:12:54.409][decklink][  87: 8Kp60 DCI (8192x4320, flags=Rec709)]
[info][2026-07-29 12:12:54.409][decklink][Waiting for input signal detection...]
[info][2026-07-29 12:12:54.422][decklink][Video input enabled with automatic format detection]
[info][2026-07-29 12:12:54.422][decklink][Capture started (UYVY 4:2:2)]
[info][2026-07-29 12:12:54.712][decklink][Video input format changed events=0x5, mode=1080i50, flags=Rec709, detected=YCbCr422, 10Bit (0x11)]
[info][2026-07-29 12:12:54.722][decklink][Capture stopped]
[info][2026-07-29 12:12:54.747][decklink][Video input enabled with mode: 1080i50]
[info][2026-07-29 12:12:54.748][decklink][Capture started (UYVY 4:2:2)]
[info][2026-07-29 12:12:54.885][decklink][Video input format changed events=0x4, mode=1080i50, flags=Rec709, detected=YCbCr422, 10Bit (0x11)]
[info][2026-07-29 12:12:54.896][decklink][Output 1080i50 (matching input, no decimator needed)]
[info][2026-07-29 12:12:54.926][decklink][[Output 0] DeckLink 8K Pro (1) / DeckLink 8K Pro (subDevice=0, profile=0x34646864, duplex=0x64786861, ioSupport=0x3, outConns=0x1, busy=0x0)]
[info][2026-07-29 12:12:54.926][decklink][[Output 1] DeckLink 8K Pro (2) / DeckLink 8K Pro (subDevice=1, profile=0x34646864, duplex=0x64786861, ioSupport=0x3, outConns=0x1, busy=0x2)]
[info][2026-07-29 12:12:54.926][decklink][[Output 2] DeckLink 8K Pro (3) / DeckLink 8K Pro (subDevice=2, profile=0x34646864, duplex=0x64786861, ioSupport=0x3, outConns=0x1, busy=0x0)]
[info][2026-07-29 12:12:54.926][decklink][[Output 3] DeckLink 8K Pro (4) / DeckLink 8K Pro (subDevice=3, profile=0x34646864, duplex=0x64786861, ioSupport=0x3, outConns=0x1, busy=0x0)]
[info][2026-07-29 12:12:54.926][decklink][[Output 1] Selected output connection: SDI]
[error][2026-07-29 12:12:54.928][decklink][[Output 1] EnableVideoOutput failed (mode=1080i50, conn=1, hr=0x-7ffffff7)]
[warning][2026-07-29 12:12:54.928][decklink][Requested output index 1 failed; trying fallback output index 2]
[info][2026-07-29 12:12:54.928][decklink][[Output 2] Selected output connection: SDI]
[info][2026-07-29 12:12:54.930][decklink][Successfully initialized DeckLink output on output index 2 with mode: 1080i50]
[info][2026-07-29 12:12:54.930][decklink][]
[info][2026-07-29 12:12:54.930][decklink][═══════════════════════════════════════════════════════════]
[info][2026-07-29 12:12:54.930][decklink][  CHECKING OUTPUT GENLOCK STATUS]
[info][2026-07-29 12:12:54.930][decklink][═══════════════════════════════════════════════════════════]
[info][2026-07-29 12:12:54.930][decklink][Output device supports genlock - will sync to reference input]
[info][2026-07-29 12:12:54.930][decklink][Output genlock status: Unlocked - Genlock reference lock has not been achieved]
[info][2026-07-29 12:12:54.930][decklink][]
[warning][2026-07-29 12:12:54.930][decklink][Output is not locked to genlock reference. Waiting for lock...]
[warning][2026-07-29 12:12:59.935][decklink][Output genlock reference lock timeout. Output may not be synchronized.]
[warning][2026-07-29 12:12:59.935][decklink][Genlock: UNLOCKED | CHECK BMD APP]
[info][2026-07-29 12:12:59.935][decklink][DeckLink scheduled playback enabled (1920x1080, duration=1000, scale=25000)]
[info][2026-07-29 12:15:18.585][decklink][Capture stopped]
[info][2026-07-29 12:32:36.894][decklink][Configuring DeckLink input capture settings...]
[info][2026-07-29 12:32:36.894][decklink][Device supports genlock reference input]
[info][2026-07-29 12:32:36.894][decklink][Available display modes:]
[info][2026-07-29 12:32:36.894][decklink][  0: 525i59.94 NTSC (720x486, flags=Rec601)]
[info][2026-07-29 12:32:36.894][decklink][  1: 625i50 PAL (720x576, flags=Rec601)]
[info][2026-07-29 12:32:36.894][decklink][  2: 1080p23.98 (1920x1080, flags=Rec709)]
[info][2026-07-29 12:32:36.894][decklink][  3: 1080p24 (1920x1080, flags=Rec709)]
[info][2026-07-29 12:32:36.894][decklink][  4: 1080p25 (1920x1080, flags=Rec709)]
[info][2026-07-29 12:32:36.894][decklink][  5: 1080p29.97 (1920x1080, flags=Rec709)]
[info][2026-07-29 12:32:36.894][decklink][  6: 1080p30 (1920x1080, flags=Rec709)]
[info][2026-07-29 12:32:36.894][decklink][  7: 1080p47.95 (1920x1080, flags=Rec709)]
[info][2026-07-29 12:32:36.894][decklink][  8: 1080p48 (1920x1080, flags=Rec709)]
[info][2026-07-29 12:32:36.894][decklink][  9: 1080p50 (1920x1080, flags=Rec709)]
[info][2026-07-29 12:32:36.894][decklink][  10: 1080p59.94 (1920x1080, flags=Rec709)]
[info][2026-07-29 12:32:36.894][decklink][  11: 1080p60 (1920x1080, flags=Rec709)]
[info][2026-07-29 12:32:36.894][decklink][  12: 1080p95.90 (1920x1080, flags=Rec709)]
[info][2026-07-29 12:32:36.894][decklink][  13: 1080p96 (1920x1080, flags=Rec709)]
[info][2026-07-29 12:32:36.894][decklink][  14: 1080p100 (1920x1080, flags=Rec709)]
[info][2026-07-29 12:32:36.894][decklink][  15: 1080p119.88 (1920x1080, flags=Rec709)]
[info][2026-07-29 12:32:36.894][decklink][  16: 1080p120 (1920x1080, flags=Rec709)]
[info][2026-07-29 12:32:36.894][decklink][  17: 1080i50 (1920x1080, flags=Rec709)]
[info][2026-07-29 12:32:36.894][decklink][  18: 1080i59.94 (1920x1080, flags=Rec709)]
[info][2026-07-29 12:32:36.894][decklink][  19: 1080i60 (1920x1080, flags=Rec709)]
[info][2026-07-29 12:32:36.894][decklink][  20: 720p50 (1280x720, flags=Rec709)]
[info][2026-07-29 12:32:36.894][decklink][  21: 720p59.94 (1280x720, flags=Rec709)]
[info][2026-07-29 12:32:36.894][decklink][  22: 720p60 (1280x720, flags=Rec709)]
[info][2026-07-29 12:32:36.894][decklink][  23: 2Kp23.98 DCI (2048x1080, flags=Rec709)]
[info][2026-07-29 12:32:36.894][decklink][  24: 2Kp24 DCI (2048x1080, flags=Rec709)]
[info][2026-07-29 12:32:36.894][decklink][  25: 2Kp25 DCI (2048x1080, flags=Rec709)]
[info][2026-07-29 12:32:36.894][decklink][  26: 2Kp29.97 DCI (2048x1080, flags=Rec709)]
[info][2026-07-29 12:32:36.894][decklink][  27: 2Kp30 DCI (2048x1080, flags=Rec709)]
[info][2026-07-29 12:32:36.894][decklink][  28: 2Kp47.95 DCI (2048x1080, flags=Rec709)]
[info][2026-07-29 12:32:36.894][decklink][  29: 2Kp48 DCI (2048x1080, flags=Rec709)]
[info][2026-07-29 12:32:36.894][decklink][  30: 2Kp50 DCI (2048x1080, flags=Rec709)]
[info][2026-07-29 12:32:36.894][decklink][  31: 2Kp59.94 DCI (2048x1080, flags=Rec709)]
[info][2026-07-29 12:32:36.894][decklink][  32: 2Kp60 DCI (2048x1080, flags=Rec709)]
[info][2026-07-29 12:32:36.894][decklink][  33: 2Kp95.90 DCI (2048x1080, flags=Rec709)]
[info][2026-07-29 12:32:36.894][decklink][  34: 2Kp96 DCI (2048x1080, flags=Rec709)]
[info][2026-07-29 12:32:36.894][decklink][  35: 2Kp100 DCI (2048x1080, flags=Rec709)]
[info][2026-07-29 12:32:36.894][decklink][  36: 2Kp119.88 DCI (2048x1080, flags=Rec709)]
[info][2026-07-29 12:32:36.894][decklink][  37: 2Kp120 DCI (2048x1080, flags=Rec709)]
[info][2026-07-29 12:32:36.894][decklink][  38: 2160p23.98 (3840x2160, flags=Rec709)]
[info][2026-07-29 12:32:36.894][decklink][  39: 2160p24 (3840x2160, flags=Rec709)]
[info][2026-07-29 12:32:36.894][decklink][  40: 2160p25 (3840x2160, flags=Rec709)]
[info][2026-07-29 12:32:36.894][decklink][  41: 2160p29.97 (3840x2160, flags=Rec709)]
[info][2026-07-29 12:32:36.894][decklink][  42: 2160p30 (3840x2160, flags=Rec709)]
[info][2026-07-29 12:32:36.894][decklink][  43: 2160p47.95 (3840x2160, flags=Rec709)]
[info][2026-07-29 12:32:36.894][decklink][  44: 2160p48 (3840x2160, flags=Rec709)]
[info][2026-07-29 12:32:36.894][decklink][  45: 2160p50 (3840x2160, flags=Rec709)]
[info][2026-07-29 12:32:36.894][decklink][  46: 2160p59.94 (3840x2160, flags=Rec709)]
[info][2026-07-29 12:32:36.894][decklink][  47: 2160p60 (3840x2160, flags=Rec709)]
[info][2026-07-29 12:32:36.894][decklink][  48: 2160p95.90 (3840x2160, flags=Rec709)]
[info][2026-07-29 12:32:36.894][decklink][  49: 2160p96 (3840x2160, flags=Rec709)]
[info][2026-07-29 12:32:36.894][decklink][  50: 2160p100 (3840x2160, flags=Rec709)]
[info][2026-07-29 12:32:36.894][decklink][  51: 2160p119.88 (3840x2160, flags=Rec709)]
[info][2026-07-29 12:32:36.894][decklink][  52: 2160p120 (3840x2160, flags=Rec709)]
[info][2026-07-29 12:32:36.894][decklink][  53: 4Kp23.98 DCI (4096x2160, flags=Rec709)]
[info][2026-07-29 12:32:36.894][decklink][  54: 4Kp24 DCI (4096x2160, flags=Rec709)]
[info][2026-07-29 12:32:36.894][decklink][  55: 4Kp25 DCI (4096x2160, flags=Rec709)]
[info][2026-07-29 12:32:36.894][decklink][  56: 4Kp29.97 DCI (4096x2160, flags=Rec709)]
[info][2026-07-29 12:32:36.894][decklink][  57: 4Kp30 DCI (4096x2160, flags=Rec709)]
[info][2026-07-29 12:32:36.894][decklink][  58: 4Kp47.95 DCI (4096x2160, flags=Rec709)]
[info][2026-07-29 12:32:36.894][decklink][  59: 4Kp48 DCI (4096x2160, flags=Rec709)]
[info][2026-07-29 12:32:36.894][decklink][  60: 4Kp50 DCI (4096x2160, flags=Rec709)]
[info][2026-07-29 12:32:36.894][decklink][  61: 4Kp59.94 DCI (4096x2160, flags=Rec709)]
[info][2026-07-29 12:32:36.894][decklink][  62: 4Kp60 DCI (4096x2160, flags=Rec709)]
[info][2026-07-29 12:32:36.894][decklink][  63: 4Kp95.90 DCI (4096x2160, flags=Rec709)]
[info][2026-07-29 12:32:36.894][decklink][  64: 4Kp96 DCI (4096x2160, flags=Rec709)]
[info][2026-07-29 12:32:36.894][decklink][  65: 4Kp100 DCI (4096x2160, flags=Rec709)]
[info][2026-07-29 12:32:36.894][decklink][  66: 4Kp119.88 DCI (4096x2160, flags=Rec709)]
[info][2026-07-29 12:32:36.894][decklink][  67: 4Kp120 DCI (4096x2160, flags=Rec709)]
[info][2026-07-29 12:32:36.894][decklink][  68: 4320p23.98 (7680x4320, flags=Rec709)]
[info][2026-07-29 12:32:36.894][decklink][  69: 4320p24 (7680x4320, flags=Rec709)]
[info][2026-07-29 12:32:36.894][decklink][  70: 4320p25 (7680x4320, flags=Rec709)]
[info][2026-07-29 12:32:36.894][decklink][  71: 4320p29.97 (7680x4320, flags=Rec709)]
[info][2026-07-29 12:32:36.894][decklink][  72: 4320p30 (7680x4320, flags=Rec709)]
[info][2026-07-29 12:32:36.894][decklink][  73: 4320p47.95 (7680x4320, flags=Rec709)]
[info][2026-07-29 12:32:36.894][decklink][  74: 4320p48 (7680x4320, flags=Rec709)]
[info][2026-07-29 12:32:36.894][decklink][  75: 4320p50 (7680x4320, flags=Rec709)]
[info][2026-07-29 12:32:36.894][decklink][  76: 4320p59.94 (7680x4320, flags=Rec709)]
[info][2026-07-29 12:32:36.894][decklink][  77: 4320p60 (7680x4320, flags=Rec709)]
[info][2026-07-29 12:32:36.894][decklink][  78: 8Kp23.98 DCI (8192x4320, flags=Rec709)]
[info][2026-07-29 12:32:36.894][decklink][  79: 8Kp24 DCI (8192x4320, flags=Rec709)]
[info][2026-07-29 12:32:36.894][decklink][  80: 8Kp25 DCI (8192x4320, flags=Rec709)]
[info][2026-07-29 12:32:36.894][decklink][  81: 8Kp29.97 DCI (8192x4320, flags=Rec709)]
[info][2026-07-29 12:32:36.894][decklink][  82: 8Kp30 DCI (8192x4320, flags=Rec709)]
[info][2026-07-29 12:32:36.894][decklink][  83: 8Kp47.95 DCI (8192x4320, flags=Rec709)]
[info][2026-07-29 12:32:36.894][decklink][  84: 8Kp48 DCI (8192x4320, flags=Rec709)]
[info][2026-07-29 12:32:36.894][decklink][  85: 8Kp50 DCI (8192x4320, flags=Rec709)]
[info][2026-07-29 12:32:36.894][decklink][  86: 8Kp59.94 DCI (8192x4320, flags=Rec709)]
[info][2026-07-29 12:32:36.894][decklink][  87: 8Kp60 DCI (8192x4320, flags=Rec709)]
[info][2026-07-29 12:32:36.894][decklink][Waiting for input signal detection...]
[info][2026-07-29 12:32:36.907][decklink][Video input enabled with automatic format detection]
[info][2026-07-29 12:32:36.907][decklink][Capture started (UYVY 4:2:2)]
[info][2026-07-29 12:32:37.158][decklink][Video input format changed events=0x5, mode=1080i50, flags=Rec709, detected=YCbCr422, 10Bit (0x11)]
[info][2026-07-29 12:32:37.168][decklink][Capture stopped]
[info][2026-07-29 12:32:37.191][decklink][Video input enabled with mode: 1080i50]
[info][2026-07-29 12:32:37.191][decklink][Capture started (UYVY 4:2:2)]
[info][2026-07-29 12:32:37.332][decklink][Video input format changed events=0x4, mode=1080i50, flags=Rec709, detected=YCbCr422, 10Bit (0x11)]
[info][2026-07-29 12:32:37.358][decklink][Output 1080i50 (matching input, no decimator needed)]
[info][2026-07-29 12:32:37.385][decklink][[Output 0] DeckLink 8K Pro (1) / DeckLink 8K Pro (subDevice=0, profile=0x34646864, duplex=0x64786861, ioSupport=0x3, outConns=0x1, busy=0x0)]
[info][2026-07-29 12:32:37.385][decklink][[Output 1] DeckLink 8K Pro (2) / DeckLink 8K Pro (subDevice=1, profile=0x34646864, duplex=0x64786861, ioSupport=0x3, outConns=0x1, busy=0x2)]
[info][2026-07-29 12:32:37.385][decklink][[Output 2] DeckLink 8K Pro (3) / DeckLink 8K Pro (subDevice=2, profile=0x34646864, duplex=0x64786861, ioSupport=0x3, outConns=0x1, busy=0x0)]
[info][2026-07-29 12:32:37.385][decklink][[Output 3] DeckLink 8K Pro (4) / DeckLink 8K Pro (subDevice=3, profile=0x34646864, duplex=0x64786861, ioSupport=0x3, outConns=0x1, busy=0x0)]
[info][2026-07-29 12:32:37.385][decklink][[Output 1] Selected output connection: SDI]
[error][2026-07-29 12:32:37.387][decklink][[Output 1] EnableVideoOutput failed (mode=1080i50, conn=1, hr=0x-7ffffff7)]
[info][2026-07-29 12:33:38.894][decklink][Configuring DeckLink input capture settings...]
[info][2026-07-29 12:33:38.894][decklink][Device supports genlock reference input]
[info][2026-07-29 12:33:38.894][decklink][Available display modes:]
[info][2026-07-29 12:33:38.894][decklink][  0: 525i59.94 NTSC (720x486, flags=Rec601)]
[info][2026-07-29 12:33:38.894][decklink][  1: 625i50 PAL (720x576, flags=Rec601)]
[info][2026-07-29 12:33:38.894][decklink][  2: 1080p23.98 (1920x1080, flags=Rec709)]
[info][2026-07-29 12:33:38.894][decklink][  3: 1080p24 (1920x1080, flags=Rec709)]
[info][2026-07-29 12:33:38.894][decklink][  4: 1080p25 (1920x1080, flags=Rec709)]
[info][2026-07-29 12:33:38.894][decklink][  5: 1080p29.97 (1920x1080, flags=Rec709)]
[info][2026-07-29 12:33:38.894][decklink][  6: 1080p30 (1920x1080, flags=Rec709)]
[info][2026-07-29 12:33:38.894][decklink][  7: 1080p47.95 (1920x1080, flags=Rec709)]
[info][2026-07-29 12:33:38.894][decklink][  8: 1080p48 (1920x1080, flags=Rec709)]
[info][2026-07-29 12:33:38.894][decklink][  9: 1080p50 (1920x1080, flags=Rec709)]
[info][2026-07-29 12:33:38.894][decklink][  10: 1080p59.94 (1920x1080, flags=Rec709)]
[info][2026-07-29 12:33:38.894][decklink][  11: 1080p60 (1920x1080, flags=Rec709)]
[info][2026-07-29 12:33:38.894][decklink][  12: 1080p95.90 (1920x1080, flags=Rec709)]
[info][2026-07-29 12:33:38.894][decklink][  13: 1080p96 (1920x1080, flags=Rec709)]
[info][2026-07-29 12:33:38.894][decklink][  14: 1080p100 (1920x1080, flags=Rec709)]
[info][2026-07-29 12:33:38.894][decklink][  15: 1080p119.88 (1920x1080, flags=Rec709)]
[info][2026-07-29 12:33:38.894][decklink][  16: 1080p120 (1920x1080, flags=Rec709)]
[info][2026-07-29 12:33:38.894][decklink][  17: 1080i50 (1920x1080, flags=Rec709)]
[info][2026-07-29 12:33:38.894][decklink][  18: 1080i59.94 (1920x1080, flags=Rec709)]
[info][2026-07-29 12:33:38.894][decklink][  19: 1080i60 (1920x1080, flags=Rec709)]
[info][2026-07-29 12:33:38.894][decklink][  20: 720p50 (1280x720, flags=Rec709)]
[info][2026-07-29 12:33:38.894][decklink][  21: 720p59.94 (1280x720, flags=Rec709)]
[info][2026-07-29 12:33:38.894][decklink][  22: 720p60 (1280x720, flags=Rec709)]
[info][2026-07-29 12:33:38.894][decklink][  23: 2Kp23.98 DCI (2048x1080, flags=Rec709)]
[info][2026-07-29 12:33:38.894][decklink][  24: 2Kp24 DCI (2048x1080, flags=Rec709)]
[info][2026-07-29 12:33:38.894][decklink][  25: 2Kp25 DCI (2048x1080, flags=Rec709)]
[info][2026-07-29 12:33:38.894][decklink][  26: 2Kp29.97 DCI (2048x1080, flags=Rec709)]
[info][2026-07-29 12:33:38.894][decklink][  27: 2Kp30 DCI (2048x1080, flags=Rec709)]
[info][2026-07-29 12:33:38.894][decklink][  28: 2Kp47.95 DCI (2048x1080, flags=Rec709)]
[info][2026-07-29 12:33:38.894][decklink][  29: 2Kp48 DCI (2048x1080, flags=Rec709)]
[info][2026-07-29 12:33:38.894][decklink][  30: 2Kp50 DCI (2048x1080, flags=Rec709)]
[info][2026-07-29 12:33:38.894][decklink][  31: 2Kp59.94 DCI (2048x1080, flags=Rec709)]
[info][2026-07-29 12:33:38.894][decklink][  32: 2Kp60 DCI (2048x1080, flags=Rec709)]
[info][2026-07-29 12:33:38.894][decklink][  33: 2Kp95.90 DCI (2048x1080, flags=Rec709)]
[info][2026-07-29 12:33:38.894][decklink][  34: 2Kp96 DCI (2048x1080, flags=Rec709)]
[info][2026-07-29 12:33:38.894][decklink][  35: 2Kp100 DCI (2048x1080, flags=Rec709)]
[info][2026-07-29 12:33:38.894][decklink][  36: 2Kp119.88 DCI (2048x1080, flags=Rec709)]
[info][2026-07-29 12:33:38.894][decklink][  37: 2Kp120 DCI (2048x1080, flags=Rec709)]
[info][2026-07-29 12:33:38.894][decklink][  38: 2160p23.98 (3840x2160, flags=Rec709)]
[info][2026-07-29 12:33:38.894][decklink][  39: 2160p24 (3840x2160, flags=Rec709)]
[info][2026-07-29 12:33:38.894][decklink][  40: 2160p25 (3840x2160, flags=Rec709)]
[info][2026-07-29 12:33:38.894][decklink][  41: 2160p29.97 (3840x2160, flags=Rec709)]
[info][2026-07-29 12:33:38.894][decklink][  42: 2160p30 (3840x2160, flags=Rec709)]
[info][2026-07-29 12:33:38.894][decklink][  43: 2160p47.95 (3840x2160, flags=Rec709)]
[info][2026-07-29 12:33:38.894][decklink][  44: 2160p48 (3840x2160, flags=Rec709)]
[info][2026-07-29 12:33:38.894][decklink][  45: 2160p50 (3840x2160, flags=Rec709)]
[info][2026-07-29 12:33:38.894][decklink][  46: 2160p59.94 (3840x2160, flags=Rec709)]
[info][2026-07-29 12:33:38.894][decklink][  47: 2160p60 (3840x2160, flags=Rec709)]
[info][2026-07-29 12:33:38.894][decklink][  48: 2160p95.90 (3840x2160, flags=Rec709)]
[info][2026-07-29 12:33:38.894][decklink][  49: 2160p96 (3840x2160, flags=Rec709)]
[info][2026-07-29 12:33:38.894][decklink][  50: 2160p100 (3840x2160, flags=Rec709)]
[info][2026-07-29 12:33:38.894][decklink][  51: 2160p119.88 (3840x2160, flags=Rec709)]
[info][2026-07-29 12:33:38.894][decklink][  52: 2160p120 (3840x2160, flags=Rec709)]
[info][2026-07-29 12:33:38.894][decklink][  53: 4Kp23.98 DCI (4096x2160, flags=Rec709)]
[info][2026-07-29 12:33:38.894][decklink][  54: 4Kp24 DCI (4096x2160, flags=Rec709)]
[info][2026-07-29 12:33:38.894][decklink][  55: 4Kp25 DCI (4096x2160, flags=Rec709)]
[info][2026-07-29 12:33:38.894][decklink][  56: 4Kp29.97 DCI (4096x2160, flags=Rec709)]
[info][2026-07-29 12:33:38.894][decklink][  57: 4Kp30 DCI (4096x2160, flags=Rec709)]
[info][2026-07-29 12:33:38.894][decklink][  58: 4Kp47.95 DCI (4096x2160, flags=Rec709)]
[info][2026-07-29 12:33:38.894][decklink][  59: 4Kp48 DCI (4096x2160, flags=Rec709)]
[info][2026-07-29 12:33:38.894][decklink][  60: 4Kp50 DCI (4096x2160, flags=Rec709)]
[info][2026-07-29 12:33:38.894][decklink][  61: 4Kp59.94 DCI (4096x2160, flags=Rec709)]
[info][2026-07-29 12:33:38.894][decklink][  62: 4Kp60 DCI (4096x2160, flags=Rec709)]
[info][2026-07-29 12:33:38.894][decklink][  63: 4Kp95.90 DCI (4096x2160, flags=Rec709)]
[info][2026-07-29 12:33:38.894][decklink][  64: 4Kp96 DCI (4096x2160, flags=Rec709)]
[info][2026-07-29 12:33:38.894][decklink][  65: 4Kp100 DCI (4096x2160, flags=Rec709)]
[info][2026-07-29 12:33:38.894][decklink][  66: 4Kp119.88 DCI (4096x2160, flags=Rec709)]
[info][2026-07-29 12:33:38.894][decklink][  67: 4Kp120 DCI (4096x2160, flags=Rec709)]
[info][2026-07-29 12:33:38.894][decklink][  68: 4320p23.98 (7680x4320, flags=Rec709)]
[info][2026-07-29 12:33:38.894][decklink][  69: 4320p24 (7680x4320, flags=Rec709)]
[info][2026-07-29 12:33:38.894][decklink][  70: 4320p25 (7680x4320, flags=Rec709)]
[info][2026-07-29 12:33:38.894][decklink][  71: 4320p29.97 (7680x4320, flags=Rec709)]
[info][2026-07-29 12:33:38.895][decklink][  72: 4320p30 (7680x4320, flags=Rec709)]
[info][2026-07-29 12:33:38.895][decklink][  73: 4320p47.95 (7680x4320, flags=Rec709)]
[info][2026-07-29 12:33:38.895][decklink][  74: 4320p48 (7680x4320, flags=Rec709)]
[info][2026-07-29 12:33:38.895][decklink][  75: 4320p50 (7680x4320, flags=Rec709)]
[info][2026-07-29 12:33:38.895][decklink][  76: 4320p59.94 (7680x4320, flags=Rec709)]
[info][2026-07-29 12:33:38.895][decklink][  77: 4320p60 (7680x4320, flags=Rec709)]
[info][2026-07-29 12:33:38.895][decklink][  78: 8Kp23.98 DCI (8192x4320, flags=Rec709)]
[info][2026-07-29 12:33:38.895][decklink][  79: 8Kp24 DCI (8192x4320, flags=Rec709)]
[info][2026-07-29 12:33:38.895][decklink][  80: 8Kp25 DCI (8192x4320, flags=Rec709)]
[info][2026-07-29 12:33:38.895][decklink][  81: 8Kp29.97 DCI (8192x4320, flags=Rec709)]
[info][2026-07-29 12:33:38.895][decklink][  82: 8Kp30 DCI (8192x4320, flags=Rec709)]
[info][2026-07-29 12:33:38.895][decklink][  83: 8Kp47.95 DCI (8192x4320, flags=Rec709)]
[info][2026-07-29 12:33:38.895][decklink][  84: 8Kp48 DCI (8192x4320, flags=Rec709)]
[info][2026-07-29 12:33:38.895][decklink][  85: 8Kp50 DCI (8192x4320, flags=Rec709)]
[info][2026-07-29 12:33:38.895][decklink][  86: 8Kp59.94 DCI (8192x4320, flags=Rec709)]
[info][2026-07-29 12:33:38.895][decklink][  87: 8Kp60 DCI (8192x4320, flags=Rec709)]
[info][2026-07-29 12:33:38.895][decklink][Waiting for input signal detection...]
[info][2026-07-29 12:33:38.908][decklink][Video input enabled with automatic format detection]
[info][2026-07-29 12:33:38.908][decklink][Capture started (UYVY 4:2:2)]
[info][2026-07-29 12:33:39.159][decklink][Video input format changed events=0x5, mode=1080i50, flags=Rec709, detected=YCbCr422, 10Bit (0x11)]
[info][2026-07-29 12:33:39.168][decklink][Capture stopped]
[info][2026-07-29 12:33:39.194][decklink][Video input enabled with mode: 1080i50]
[info][2026-07-29 12:33:39.194][decklink][Capture started (UYVY 4:2:2)]
[info][2026-07-29 12:33:39.333][decklink][Video input format changed events=0x4, mode=1080i50, flags=Rec709, detected=YCbCr422, 10Bit (0x11)]
[info][2026-07-29 12:33:39.355][decklink][Output 1080i50 (matching input, no decimator needed)]
[info][2026-07-29 12:33:39.384][decklink][[Output 0] DeckLink 8K Pro (1) / DeckLink 8K Pro (subDevice=0, profile=0x34646864, duplex=0x64786861, ioSupport=0x3, outConns=0x1, busy=0x0)]
[info][2026-07-29 12:33:39.384][decklink][[Output 1] DeckLink 8K Pro (2) / DeckLink 8K Pro (subDevice=1, profile=0x34646864, duplex=0x64786861, ioSupport=0x3, outConns=0x1, busy=0x2)]
[info][2026-07-29 12:33:39.384][decklink][[Output 2] DeckLink 8K Pro (3) / DeckLink 8K Pro (subDevice=2, profile=0x34646864, duplex=0x64786861, ioSupport=0x3, outConns=0x1, busy=0x0)]
[info][2026-07-29 12:33:39.384][decklink][[Output 3] DeckLink 8K Pro (4) / DeckLink 8K Pro (subDevice=3, profile=0x34646864, duplex=0x64786861, ioSupport=0x3, outConns=0x1, busy=0x0)]
[info][2026-07-29 12:33:39.384][decklink][[Output 1] Selected output connection: SDI]
[error][2026-07-29 12:33:39.385][decklink][[Output 1] EnableVideoOutput failed (mode=1080i50, conn=1, hr=0x-7ffffff7)]
[info][2026-07-29 13:06:02.996][decklink][Configuring DeckLink input capture settings...]
[info][2026-07-29 13:06:02.996][decklink][Device supports genlock reference input]
[info][2026-07-29 13:06:02.996][decklink][Available display modes:]
[info][2026-07-29 13:06:02.996][decklink][  0: 525i59.94 NTSC (720x486, flags=Rec601)]
[info][2026-07-29 13:06:02.996][decklink][  1: 625i50 PAL (720x576, flags=Rec601)]
[info][2026-07-29 13:06:02.996][decklink][  2: 1080p23.98 (1920x1080, flags=Rec709)]
[info][2026-07-29 13:06:02.996][decklink][  3: 1080p24 (1920x1080, flags=Rec709)]
[info][2026-07-29 13:06:02.996][decklink][  4: 1080p25 (1920x1080, flags=Rec709)]
[info][2026-07-29 13:06:02.996][decklink][  5: 1080p29.97 (1920x1080, flags=Rec709)]
[info][2026-07-29 13:06:02.996][decklink][  6: 1080p30 (1920x1080, flags=Rec709)]
[info][2026-07-29 13:06:02.996][decklink][  7: 1080p47.95 (1920x1080, flags=Rec709)]
[info][2026-07-29 13:06:02.996][decklink][  8: 1080p48 (1920x1080, flags=Rec709)]
[info][2026-07-29 13:06:02.996][decklink][  9: 1080p50 (1920x1080, flags=Rec709)]
[info][2026-07-29 13:06:02.996][decklink][  10: 1080p59.94 (1920x1080, flags=Rec709)]
[info][2026-07-29 13:06:02.996][decklink][  11: 1080p60 (1920x1080, flags=Rec709)]
[info][2026-07-29 13:06:02.996][decklink][  12: 1080p95.90 (1920x1080, flags=Rec709)]
[info][2026-07-29 13:06:02.996][decklink][  13: 1080p96 (1920x1080, flags=Rec709)]
[info][2026-07-29 13:06:02.996][decklink][  14: 1080p100 (1920x1080, flags=Rec709)]
[info][2026-07-29 13:06:02.996][decklink][  15: 1080p119.88 (1920x1080, flags=Rec709)]
[info][2026-07-29 13:06:02.996][decklink][  16: 1080p120 (1920x1080, flags=Rec709)]
[info][2026-07-29 13:06:02.996][decklink][  17: 1080i50 (1920x1080, flags=Rec709)]
[info][2026-07-29 13:06:02.996][decklink][  18: 1080i59.94 (1920x1080, flags=Rec709)]
[info][2026-07-29 13:06:02.996][decklink][  19: 1080i60 (1920x1080, flags=Rec709)]
[info][2026-07-29 13:06:02.996][decklink][  20: 720p50 (1280x720, flags=Rec709)]
[info][2026-07-29 13:06:02.996][decklink][  21: 720p59.94 (1280x720, flags=Rec709)]
[info][2026-07-29 13:06:02.996][decklink][  22: 720p60 (1280x720, flags=Rec709)]
[info][2026-07-29 13:06:02.996][decklink][  23: 2Kp23.98 DCI (2048x1080, flags=Rec709)]
[info][2026-07-29 13:06:02.996][decklink][  24: 2Kp24 DCI (2048x1080, flags=Rec709)]
[info][2026-07-29 13:06:02.996][decklink][  25: 2Kp25 DCI (2048x1080, flags=Rec709)]
[info][2026-07-29 13:06:02.996][decklink][  26: 2Kp29.97 DCI (2048x1080, flags=Rec709)]
[info][2026-07-29 13:06:02.996][decklink][  27: 2Kp30 DCI (2048x1080, flags=Rec709)]
[info][2026-07-29 13:06:02.996][decklink][  28: 2Kp47.95 DCI (2048x1080, flags=Rec709)]
[info][2026-07-29 13:06:02.996][decklink][  29: 2Kp48 DCI (2048x1080, flags=Rec709)]
[info][2026-07-29 13:06:02.996][decklink][  30: 2Kp50 DCI (2048x1080, flags=Rec709)]
[info][2026-07-29 13:06:02.996][decklink][  31: 2Kp59.94 DCI (2048x1080, flags=Rec709)]
[info][2026-07-29 13:06:02.996][decklink][  32: 2Kp60 DCI (2048x1080, flags=Rec709)]
[info][2026-07-29 13:06:02.996][decklink][  33: 2Kp95.90 DCI (2048x1080, flags=Rec709)]
[info][2026-07-29 13:06:02.996][decklink][  34: 2Kp96 DCI (2048x1080, flags=Rec709)]
[info][2026-07-29 13:06:02.996][decklink][  35: 2Kp100 DCI (2048x1080, flags=Rec709)]
[info][2026-07-29 13:06:02.996][decklink][  36: 2Kp119.88 DCI (2048x1080, flags=Rec709)]
[info][2026-07-29 13:06:02.996][decklink][  37: 2Kp120 DCI (2048x1080, flags=Rec709)]
[info][2026-07-29 13:06:02.996][decklink][  38: 2160p23.98 (3840x2160, flags=Rec709)]
[info][2026-07-29 13:06:02.996][decklink][  39: 2160p24 (3840x2160, flags=Rec709)]
[info][2026-07-29 13:06:02.996][decklink][  40: 2160p25 (3840x2160, flags=Rec709)]
[info][2026-07-29 13:06:02.996][decklink][  41: 2160p29.97 (3840x2160, flags=Rec709)]
[info][2026-07-29 13:06:02.996][decklink][  42: 2160p30 (3840x2160, flags=Rec709)]
[info][2026-07-29 13:06:02.996][decklink][  43: 2160p47.95 (3840x2160, flags=Rec709)]
[info][2026-07-29 13:06:02.996][decklink][  44: 2160p48 (3840x2160, flags=Rec709)]
[info][2026-07-29 13:06:02.996][decklink][  45: 2160p50 (3840x2160, flags=Rec709)]
[info][2026-07-29 13:06:02.996][decklink][  46: 2160p59.94 (3840x2160, flags=Rec709)]
[info][2026-07-29 13:06:02.996][decklink][  47: 2160p60 (3840x2160, flags=Rec709)]
[info][2026-07-29 13:06:02.996][decklink][  48: 2160p95.90 (3840x2160, flags=Rec709)]
[info][2026-07-29 13:06:02.996][decklink][  49: 2160p96 (3840x2160, flags=Rec709)]
[info][2026-07-29 13:06:02.996][decklink][  50: 2160p100 (3840x2160, flags=Rec709)]
[info][2026-07-29 13:06:02.996][decklink][  51: 2160p119.88 (3840x2160, flags=Rec709)]
[info][2026-07-29 13:06:02.996][decklink][  52: 2160p120 (3840x2160, flags=Rec709)]
[info][2026-07-29 13:06:02.996][decklink][  53: 4Kp23.98 DCI (4096x2160, flags=Rec709)]
[info][2026-07-29 13:06:02.996][decklink][  54: 4Kp24 DCI (4096x2160, flags=Rec709)]
[info][2026-07-29 13:06:02.996][decklink][  55: 4Kp25 DCI (4096x2160, flags=Rec709)]
[info][2026-07-29 13:06:02.996][decklink][  56: 4Kp29.97 DCI (4096x2160, flags=Rec709)]
[info][2026-07-29 13:06:02.996][decklink][  57: 4Kp30 DCI (4096x2160, flags=Rec709)]
[info][2026-07-29 13:06:02.996][decklink][  58: 4Kp47.95 DCI (4096x2160, flags=Rec709)]
[info][2026-07-29 13:06:02.996][decklink][  59: 4Kp48 DCI (4096x2160, flags=Rec709)]
[info][2026-07-29 13:06:02.996][decklink][  60: 4Kp50 DCI (4096x2160, flags=Rec709)]
[info][2026-07-29 13:06:02.996][decklink][  61: 4Kp59.94 DCI (4096x2160, flags=Rec709)]
[info][2026-07-29 13:06:02.996][decklink][  62: 4Kp60 DCI (4096x2160, flags=Rec709)]
[info][2026-07-29 13:06:02.996][decklink][  63: 4Kp95.90 DCI (4096x2160, flags=Rec709)]
[info][2026-07-29 13:06:02.996][decklink][  64: 4Kp96 DCI (4096x2160, flags=Rec709)]
[info][2026-07-29 13:06:02.996][decklink][  65: 4Kp100 DCI (4096x2160, flags=Rec709)]
[info][2026-07-29 13:06:02.996][decklink][  66: 4Kp119.88 DCI (4096x2160, flags=Rec709)]
[info][2026-07-29 13:06:02.996][decklink][  67: 4Kp120 DCI (4096x2160, flags=Rec709)]
[info][2026-07-29 13:06:02.996][decklink][  68: 4320p23.98 (7680x4320, flags=Rec709)]
[info][2026-07-29 13:06:02.996][decklink][  69: 4320p24 (7680x4320, flags=Rec709)]
[info][2026-07-29 13:06:02.996][decklink][  70: 4320p25 (7680x4320, flags=Rec709)]
[info][2026-07-29 13:06:02.996][decklink][  71: 4320p29.97 (7680x4320, flags=Rec709)]
[info][2026-07-29 13:06:02.996][decklink][  72: 4320p30 (7680x4320, flags=Rec709)]
[info][2026-07-29 13:06:02.996][decklink][  73: 4320p47.95 (7680x4320, flags=Rec709)]
[info][2026-07-29 13:06:02.996][decklink][  74: 4320p48 (7680x4320, flags=Rec709)]
[info][2026-07-29 13:06:02.996][decklink][  75: 4320p50 (7680x4320, flags=Rec709)]
[info][2026-07-29 13:06:02.996][decklink][  76: 4320p59.94 (7680x4320, flags=Rec709)]
[info][2026-07-29 13:06:02.996][decklink][  77: 4320p60 (7680x4320, flags=Rec709)]
[info][2026-07-29 13:06:02.996][decklink][  78: 8Kp23.98 DCI (8192x4320, flags=Rec709)]
[info][2026-07-29 13:06:02.996][decklink][  79: 8Kp24 DCI (8192x4320, flags=Rec709)]
[info][2026-07-29 13:06:02.996][decklink][  80: 8Kp25 DCI (8192x4320, flags=Rec709)]
[info][2026-07-29 13:06:02.996][decklink][  81: 8Kp29.97 DCI (8192x4320, flags=Rec709)]
[info][2026-07-29 13:06:02.996][decklink][  82: 8Kp30 DCI (8192x4320, flags=Rec709)]
[info][2026-07-29 13:06:02.996][decklink][  83: 8Kp47.95 DCI (8192x4320, flags=Rec709)]
[info][2026-07-29 13:06:02.996][decklink][  84: 8Kp48 DCI (8192x4320, flags=Rec709)]
[info][2026-07-29 13:06:02.996][decklink][  85: 8Kp50 DCI (8192x4320, flags=Rec709)]
[info][2026-07-29 13:06:02.996][decklink][  86: 8Kp59.94 DCI (8192x4320, flags=Rec709)]
[info][2026-07-29 13:06:02.996][decklink][  87: 8Kp60 DCI (8192x4320, flags=Rec709)]
[info][2026-07-29 13:06:02.996][decklink][Waiting for input signal detection...]
[info][2026-07-29 13:06:03.006][decklink][Video input enabled with automatic format detection]
[info][2026-07-29 13:06:03.007][decklink][Capture started (UYVY 4:2:2)]
[info][2026-07-29 13:06:03.250][decklink][Video input format changed events=0x5, mode=1080i50, flags=Rec709, detected=YCbCr422, 10Bit (0x11)]
[info][2026-07-29 13:06:03.250][decklink][Video format changed: 1080i50]
[info][2026-07-29 13:06:03.329][decklink][Output 1080i50 (matching input, no decimator needed)]
[info][2026-07-29 13:06:03.355][decklink][[Output 0] DeckLink 8K Pro (1) / DeckLink 8K Pro (subDevice=0, profile=0x34646864, duplex=0x64786861, ioSupport=0x3, outConns=0x1, busy=0x0)]
[info][2026-07-29 13:06:03.355][decklink][[Output 1] DeckLink 8K Pro (2) / DeckLink 8K Pro (subDevice=1, profile=0x34646864, duplex=0x64786861, ioSupport=0x3, outConns=0x1, busy=0x2)]
[info][2026-07-29 13:06:03.355][decklink][[Output 2] DeckLink 8K Pro (3) / DeckLink 8K Pro (subDevice=2, profile=0x34646864, duplex=0x64786861, ioSupport=0x3, outConns=0x1, busy=0x0)]
[info][2026-07-29 13:06:03.355][decklink][[Output 3] DeckLink 8K Pro (4) / DeckLink 8K Pro (subDevice=3, profile=0x34646864, duplex=0x64786861, ioSupport=0x3, outConns=0x1, busy=0x0)]
[info][2026-07-29 13:06:03.355][decklink][[Output 1] Selected output connection: SDI]
[error][2026-07-29 13:06:03.356][decklink][[Output 1] EnableVideoOutput failed (mode=1080i50, conn=1, hr=0x-7ffffff7)]
[warning][2026-07-29 13:06:03.356][decklink][Requested output index 1 failed; trying fallback output index 2]
[info][2026-07-29 13:06:03.356][decklink][[Output 2] Selected output connection: SDI]
[info][2026-07-29 13:06:03.358][decklink][Successfully initialized DeckLink output on output index 2 with mode: 1080i50]
[info][2026-07-29 13:06:03.358][decklink][]
[info][2026-07-29 13:06:03.358][decklink][═══════════════════════════════════════════════════════════]
[info][2026-07-29 13:06:03.358][decklink][  CHECKING OUTPUT GENLOCK STATUS]
[info][2026-07-29 13:06:03.358][decklink][═══════════════════════════════════════════════════════════]
[info][2026-07-29 13:06:03.358][decklink][Output device supports genlock - will sync to reference input]
[info][2026-07-29 13:06:03.358][decklink][Output genlock status: Unlocked - Genlock reference lock has not been achieved]
[info][2026-07-29 13:06:03.358][decklink][]
[warning][2026-07-29 13:06:03.358][decklink][Output is not locked to genlock reference. Waiting for lock...]
[info][2026-07-29 13:06:04.292][decklink][Capture stopped]
[info][2026-07-29 13:06:04.310][decklink][Video input enabled with mode: 1080i50]
[info][2026-07-29 13:06:04.310][decklink][Capture started (UYVY 4:2:2)]
[info][2026-07-29 13:06:04.422][decklink][Video input format changed events=0x4, mode=1080i50, flags=Rec709, detected=YCbCr422, 10Bit (0x11)]
[warning][2026-07-29 13:06:08.363][decklink][Output genlock reference lock timeout. Output may not be synchronized.]
[warning][2026-07-29 13:06:08.363][decklink][Genlock: UNLOCKED | CHECK BMD APP]
[info][2026-07-29 13:06:08.363][decklink][DeckLink scheduled playback enabled (1920x1080, duration=1000, scale=25000)]
[error][2026-07-29 13:06:08.366][decklink][Output frame size 1280x720 does not match enabled DeckLink mode 1920x1080]
[info][2026-07-29 13:07:02.189][decklink][Configuring DeckLink input capture settings...]
[info][2026-07-29 13:07:02.189][decklink][Device supports genlock reference input]
[info][2026-07-29 13:07:02.189][decklink][Available display modes:]
[info][2026-07-29 13:07:02.189][decklink][  0: 525i59.94 NTSC (720x486, flags=Rec601)]
[info][2026-07-29 13:07:02.189][decklink][  1: 625i50 PAL (720x576, flags=Rec601)]
[info][2026-07-29 13:07:02.189][decklink][  2: 1080p23.98 (1920x1080, flags=Rec709)]
[info][2026-07-29 13:07:02.189][decklink][  3: 1080p24 (1920x1080, flags=Rec709)]
[info][2026-07-29 13:07:02.189][decklink][  4: 1080p25 (1920x1080, flags=Rec709)]
[info][2026-07-29 13:07:02.189][decklink][  5: 1080p29.97 (1920x1080, flags=Rec709)]
[info][2026-07-29 13:07:02.189][decklink][  6: 1080p30 (1920x1080, flags=Rec709)]
[info][2026-07-29 13:07:02.189][decklink][  7: 1080p47.95 (1920x1080, flags=Rec709)]
[info][2026-07-29 13:07:02.189][decklink][  8: 1080p48 (1920x1080, flags=Rec709)]
[info][2026-07-29 13:07:02.189][decklink][  9: 1080p50 (1920x1080, flags=Rec709)]
[info][2026-07-29 13:07:02.189][decklink][  10: 1080p59.94 (1920x1080, flags=Rec709)]
[info][2026-07-29 13:07:02.189][decklink][  11: 1080p60 (1920x1080, flags=Rec709)]
[info][2026-07-29 13:07:02.189][decklink][  12: 1080p95.90 (1920x1080, flags=Rec709)]
[info][2026-07-29 13:07:02.189][decklink][  13: 1080p96 (1920x1080, flags=Rec709)]
[info][2026-07-29 13:07:02.189][decklink][  14: 1080p100 (1920x1080, flags=Rec709)]
[info][2026-07-29 13:07:02.189][decklink][  15: 1080p119.88 (1920x1080, flags=Rec709)]
[info][2026-07-29 13:07:02.189][decklink][  16: 1080p120 (1920x1080, flags=Rec709)]
[info][2026-07-29 13:07:02.189][decklink][  17: 1080i50 (1920x1080, flags=Rec709)]
[info][2026-07-29 13:07:02.189][decklink][  18: 1080i59.94 (1920x1080, flags=Rec709)]
[info][2026-07-29 13:07:02.189][decklink][  19: 1080i60 (1920x1080, flags=Rec709)]
[info][2026-07-29 13:07:02.189][decklink][  20: 720p50 (1280x720, flags=Rec709)]
[info][2026-07-29 13:07:02.189][decklink][  21: 720p59.94 (1280x720, flags=Rec709)]
[info][2026-07-29 13:07:02.189][decklink][  22: 720p60 (1280x720, flags=Rec709)]
[info][2026-07-29 13:07:02.189][decklink][  23: 2Kp23.98 DCI (2048x1080, flags=Rec709)]
[info][2026-07-29 13:07:02.189][decklink][  24: 2Kp24 DCI (2048x1080, flags=Rec709)]
[info][2026-07-29 13:07:02.189][decklink][  25: 2Kp25 DCI (2048x1080, flags=Rec709)]
[info][2026-07-29 13:07:02.189][decklink][  26: 2Kp29.97 DCI (2048x1080, flags=Rec709)]
[info][2026-07-29 13:07:02.189][decklink][  27: 2Kp30 DCI (2048x1080, flags=Rec709)]
[info][2026-07-29 13:07:02.189][decklink][  28: 2Kp47.95 DCI (2048x1080, flags=Rec709)]
[info][2026-07-29 13:07:02.189][decklink][  29: 2Kp48 DCI (2048x1080, flags=Rec709)]
[info][2026-07-29 13:07:02.189][decklink][  30: 2Kp50 DCI (2048x1080, flags=Rec709)]
[info][2026-07-29 13:07:02.189][decklink][  31: 2Kp59.94 DCI (2048x1080, flags=Rec709)]
[info][2026-07-29 13:07:02.189][decklink][  32: 2Kp60 DCI (2048x1080, flags=Rec709)]
[info][2026-07-29 13:07:02.189][decklink][  33: 2Kp95.90 DCI (2048x1080, flags=Rec709)]
[info][2026-07-29 13:07:02.189][decklink][  34: 2Kp96 DCI (2048x1080, flags=Rec709)]
[info][2026-07-29 13:07:02.189][decklink][  35: 2Kp100 DCI (2048x1080, flags=Rec709)]
[info][2026-07-29 13:07:02.189][decklink][  36: 2Kp119.88 DCI (2048x1080, flags=Rec709)]
[info][2026-07-29 13:07:02.189][decklink][  37: 2Kp120 DCI (2048x1080, flags=Rec709)]
[info][2026-07-29 13:07:02.189][decklink][  38: 2160p23.98 (3840x2160, flags=Rec709)]
[info][2026-07-29 13:07:02.189][decklink][  39: 2160p24 (3840x2160, flags=Rec709)]
[info][2026-07-29 13:07:02.190][decklink][  40: 2160p25 (3840x2160, flags=Rec709)]
[info][2026-07-29 13:07:02.190][decklink][  41: 2160p29.97 (3840x2160, flags=Rec709)]
[info][2026-07-29 13:07:02.190][decklink][  42: 2160p30 (3840x2160, flags=Rec709)]
[info][2026-07-29 13:07:02.190][decklink][  43: 2160p47.95 (3840x2160, flags=Rec709)]
[info][2026-07-29 13:07:02.190][decklink][  44: 2160p48 (3840x2160, flags=Rec709)]
[info][2026-07-29 13:07:02.190][decklink][  45: 2160p50 (3840x2160, flags=Rec709)]
[info][2026-07-29 13:07:02.190][decklink][  46: 2160p59.94 (3840x2160, flags=Rec709)]
[info][2026-07-29 13:07:02.190][decklink][  47: 2160p60 (3840x2160, flags=Rec709)]
[info][2026-07-29 13:07:02.190][decklink][  48: 2160p95.90 (3840x2160, flags=Rec709)]
[info][2026-07-29 13:07:02.190][decklink][  49: 2160p96 (3840x2160, flags=Rec709)]
[info][2026-07-29 13:07:02.190][decklink][  50: 2160p100 (3840x2160, flags=Rec709)]
[info][2026-07-29 13:07:02.190][decklink][  51: 2160p119.88 (3840x2160, flags=Rec709)]
[info][2026-07-29 13:07:02.190][decklink][  52: 2160p120 (3840x2160, flags=Rec709)]
[info][2026-07-29 13:07:02.190][decklink][  53: 4Kp23.98 DCI (4096x2160, flags=Rec709)]
[info][2026-07-29 13:07:02.190][decklink][  54: 4Kp24 DCI (4096x2160, flags=Rec709)]
[info][2026-07-29 13:07:02.190][decklink][  55: 4Kp25 DCI (4096x2160, flags=Rec709)]
[info][2026-07-29 13:07:02.190][decklink][  56: 4Kp29.97 DCI (4096x2160, flags=Rec709)]
[info][2026-07-29 13:07:02.190][decklink][  57: 4Kp30 DCI (4096x2160, flags=Rec709)]
[info][2026-07-29 13:07:02.190][decklink][  58: 4Kp47.95 DCI (4096x2160, flags=Rec709)]
[info][2026-07-29 13:07:02.190][decklink][  59: 4Kp48 DCI (4096x2160, flags=Rec709)]
[info][2026-07-29 13:07:02.190][decklink][  60: 4Kp50 DCI (4096x2160, flags=Rec709)]
[info][2026-07-29 13:07:02.190][decklink][  61: 4Kp59.94 DCI (4096x2160, flags=Rec709)]
[info][2026-07-29 13:07:02.190][decklink][  62: 4Kp60 DCI (4096x2160, flags=Rec709)]
[info][2026-07-29 13:07:02.190][decklink][  63: 4Kp95.90 DCI (4096x2160, flags=Rec709)]
[info][2026-07-29 13:07:02.190][decklink][  64: 4Kp96 DCI (4096x2160, flags=Rec709)]
[info][2026-07-29 13:07:02.190][decklink][  65: 4Kp100 DCI (4096x2160, flags=Rec709)]
[info][2026-07-29 13:07:02.190][decklink][  66: 4Kp119.88 DCI (4096x2160, flags=Rec709)]
[info][2026-07-29 13:07:02.190][decklink][  67: 4Kp120 DCI (4096x2160, flags=Rec709)]
[info][2026-07-29 13:07:02.190][decklink][  68: 4320p23.98 (7680x4320, flags=Rec709)]
[info][2026-07-29 13:07:02.190][decklink][  69: 4320p24 (7680x4320, flags=Rec709)]
[info][2026-07-29 13:07:02.190][decklink][  70: 4320p25 (7680x4320, flags=Rec709)]
[info][2026-07-29 13:07:02.190][decklink][  71: 4320p29.97 (7680x4320, flags=Rec709)]
[info][2026-07-29 13:07:02.190][decklink][  72: 4320p30 (7680x4320, flags=Rec709)]
[info][2026-07-29 13:07:02.190][decklink][  73: 4320p47.95 (7680x4320, flags=Rec709)]
[info][2026-07-29 13:07:02.190][decklink][  74: 4320p48 (7680x4320, flags=Rec709)]
[info][2026-07-29 13:07:02.190][decklink][  75: 4320p50 (7680x4320, flags=Rec709)]
[info][2026-07-29 13:07:02.190][decklink][  76: 4320p59.94 (7680x4320, flags=Rec709)]
[info][2026-07-29 13:07:02.190][decklink][  77: 4320p60 (7680x4320, flags=Rec709)]
[info][2026-07-29 13:07:02.190][decklink][  78: 8Kp23.98 DCI (8192x4320, flags=Rec709)]
[info][2026-07-29 13:07:02.190][decklink][  79: 8Kp24 DCI (8192x4320, flags=Rec709)]
[info][2026-07-29 13:07:02.190][decklink][  80: 8Kp25 DCI (8192x4320, flags=Rec709)]
[info][2026-07-29 13:07:02.190][decklink][  81: 8Kp29.97 DCI (8192x4320, flags=Rec709)]
[info][2026-07-29 13:07:02.190][decklink][  82: 8Kp30 DCI (8192x4320, flags=Rec709)]
[info][2026-07-29 13:07:02.190][decklink][  83: 8Kp47.95 DCI (8192x4320, flags=Rec709)]
[info][2026-07-29 13:07:02.190][decklink][  84: 8Kp48 DCI (8192x4320, flags=Rec709)]
[info][2026-07-29 13:07:02.190][decklink][  85: 8Kp50 DCI (8192x4320, flags=Rec709)]
[info][2026-07-29 13:07:02.190][decklink][  86: 8Kp59.94 DCI (8192x4320, flags=Rec709)]
[info][2026-07-29 13:07:02.190][decklink][  87: 8Kp60 DCI (8192x4320, flags=Rec709)]
[info][2026-07-29 13:07:02.190][decklink][Waiting for input signal detection...]
[info][2026-07-29 13:07:02.200][decklink][Video input enabled with automatic format detection]
[info][2026-07-29 13:07:02.200][decklink][Capture started (UYVY 4:2:2)]
[info][2026-07-29 13:07:02.438][decklink][Video input format changed events=0x5, mode=1080i50, flags=Rec709, detected=YCbCr422, 10Bit (0x11)]
[info][2026-07-29 13:07:02.438][decklink][Video format changed: 1080i50]
[info][2026-07-29 13:07:03.492][decklink][Capture stopped]
[info][2026-07-29 13:07:03.510][decklink][Video input enabled with mode: 1080i50]
[info][2026-07-29 13:07:03.511][decklink][Capture started (UYVY 4:2:2)]
[info][2026-07-29 13:07:03.622][decklink][Video input format changed events=0x4, mode=1080i50, flags=Rec709, detected=YCbCr422, 10Bit (0x11)]
[info][2026-07-29 13:07:21.262][decklink][Output 1080i50 (matching input, no decimator needed)]
[info][2026-07-29 13:07:21.286][decklink][[Output 0] DeckLink 8K Pro (1) / DeckLink 8K Pro (subDevice=0, profile=0x34646864, duplex=0x64786861, ioSupport=0x3, outConns=0x1, busy=0x1)]
[info][2026-07-29 13:07:21.286][decklink][[Output 1] DeckLink 8K Pro (2) / DeckLink 8K Pro (subDevice=1, profile=0x34646864, duplex=0x64786861, ioSupport=0x3, outConns=0x1, busy=0x2)]
[info][2026-07-29 13:07:21.286][decklink][[Output 2] DeckLink 8K Pro (3) / DeckLink 8K Pro (subDevice=2, profile=0x34646864, duplex=0x64786861, ioSupport=0x3, outConns=0x1, busy=0x2)]
[info][2026-07-29 13:07:21.286][decklink][[Output 3] DeckLink 8K Pro (4) / DeckLink 8K Pro (subDevice=3, profile=0x34646864, duplex=0x64786861, ioSupport=0x3, outConns=0x1, busy=0x0)]
[info][2026-07-29 13:07:21.286][decklink][[Output 1] Selected output connection: SDI]
[error][2026-07-29 13:07:21.287][decklink][[Output 1] EnableVideoOutput failed (mode=1080i50, conn=1, hr=0x-7ffffff7)]
[warning][2026-07-29 13:07:21.287][decklink][Requested output index 1 failed; trying fallback output index 2]
[info][2026-07-29 13:07:21.287][decklink][[Output 2] Selected output connection: SDI]
[error][2026-07-29 13:07:21.289][decklink][[Output 2] EnableVideoOutput failed (mode=1080i50, conn=1, hr=0x-7ffffff7)]
[warning][2026-07-29 13:07:21.289][decklink][Requested output index 1 failed; trying fallback output index 3]
[info][2026-07-29 13:07:21.289][decklink][[Output 3] Selected output connection: SDI]
[info][2026-07-29 13:07:21.290][decklink][Successfully initialized DeckLink output on output index 3 with mode: 1080i50]
[info][2026-07-29 13:07:21.290][decklink][]
[info][2026-07-29 13:07:21.290][decklink][═══════════════════════════════════════════════════════════]
[info][2026-07-29 13:07:21.290][decklink][  CHECKING OUTPUT GENLOCK STATUS]
[info][2026-07-29 13:07:21.290][decklink][═══════════════════════════════════════════════════════════]
[info][2026-07-29 13:07:21.290][decklink][Output device supports genlock - will sync to reference input]
[info][2026-07-29 13:07:21.290][decklink][Output genlock status: Unlocked - Genlock reference lock has not been achieved]
[info][2026-07-29 13:07:21.290][decklink][]
[warning][2026-07-29 13:07:21.290][decklink][Output is not locked to genlock reference. Waiting for lock...]
[warning][2026-07-29 13:07:26.295][decklink][Output genlock reference lock timeout. Output may not be synchronized.]
[warning][2026-07-29 13:07:26.295][decklink][Genlock: UNLOCKED | CHECK BMD APP]
[info][2026-07-29 13:07:26.295][decklink][DeckLink scheduled playback enabled (1920x1080, duration=1000, scale=25000)]
[info][2026-07-29 13:13:19.402][decklink][Capture stopped]
[info][2026-07-29 13:13:25.958][decklink][Configuring DeckLink input capture settings...]
[info][2026-07-29 13:13:25.958][decklink][Device supports genlock reference input]
[info][2026-07-29 13:13:25.958][decklink][Available display modes:]
[info][2026-07-29 13:13:25.958][decklink][  0: 525i59.94 NTSC (720x486, flags=Rec601)]
[info][2026-07-29 13:13:25.958][decklink][  1: 625i50 PAL (720x576, flags=Rec601)]
[info][2026-07-29 13:13:25.958][decklink][  2: 1080p23.98 (1920x1080, flags=Rec709)]
[info][2026-07-29 13:13:25.958][decklink][  3: 1080p24 (1920x1080, flags=Rec709)]
[info][2026-07-29 13:13:25.958][decklink][  4: 1080p25 (1920x1080, flags=Rec709)]
[info][2026-07-29 13:13:25.958][decklink][  5: 1080p29.97 (1920x1080, flags=Rec709)]
[info][2026-07-29 13:13:25.958][decklink][  6: 1080p30 (1920x1080, flags=Rec709)]
[info][2026-07-29 13:13:25.958][decklink][  7: 1080p47.95 (1920x1080, flags=Rec709)]
[info][2026-07-29 13:13:25.958][decklink][  8: 1080p48 (1920x1080, flags=Rec709)]
[info][2026-07-29 13:13:25.958][decklink][  9: 1080p50 (1920x1080, flags=Rec709)]
[info][2026-07-29 13:13:25.958][decklink][  10: 1080p59.94 (1920x1080, flags=Rec709)]
[info][2026-07-29 13:13:25.958][decklink][  11: 1080p60 (1920x1080, flags=Rec709)]
[info][2026-07-29 13:13:25.958][decklink][  12: 1080p95.90 (1920x1080, flags=Rec709)]
[info][2026-07-29 13:13:25.958][decklink][  13: 1080p96 (1920x1080, flags=Rec709)]
[info][2026-07-29 13:13:25.958][decklink][  14: 1080p100 (1920x1080, flags=Rec709)]
[info][2026-07-29 13:13:25.958][decklink][  15: 1080p119.88 (1920x1080, flags=Rec709)]
[info][2026-07-29 13:13:25.958][decklink][  16: 1080p120 (1920x1080, flags=Rec709)]
[info][2026-07-29 13:13:25.958][decklink][  17: 1080i50 (1920x1080, flags=Rec709)]
[info][2026-07-29 13:13:25.958][decklink][  18: 1080i59.94 (1920x1080, flags=Rec709)]
[info][2026-07-29 13:13:25.958][decklink][  19: 1080i60 (1920x1080, flags=Rec709)]
[info][2026-07-29 13:13:25.958][decklink][  20: 720p50 (1280x720, flags=Rec709)]
[info][2026-07-29 13:13:25.958][decklink][  21: 720p59.94 (1280x720, flags=Rec709)]
[info][2026-07-29 13:13:25.958][decklink][  22: 720p60 (1280x720, flags=Rec709)]
[info][2026-07-29 13:13:25.958][decklink][  23: 2Kp23.98 DCI (2048x1080, flags=Rec709)]
[info][2026-07-29 13:13:25.958][decklink][  24: 2Kp24 DCI (2048x1080, flags=Rec709)]
[info][2026-07-29 13:13:25.958][decklink][  25: 2Kp25 DCI (2048x1080, flags=Rec709)]
[info][2026-07-29 13:13:25.958][decklink][  26: 2Kp29.97 DCI (2048x1080, flags=Rec709)]
[info][2026-07-29 13:13:25.958][decklink][  27: 2Kp30 DCI (2048x1080, flags=Rec709)]
[info][2026-07-29 13:13:25.958][decklink][  28: 2Kp47.95 DCI (2048x1080, flags=Rec709)]
[info][2026-07-29 13:13:25.958][decklink][  29: 2Kp48 DCI (2048x1080, flags=Rec709)]
[info][2026-07-29 13:13:25.958][decklink][  30: 2Kp50 DCI (2048x1080, flags=Rec709)]
[info][2026-07-29 13:13:25.958][decklink][  31: 2Kp59.94 DCI (2048x1080, flags=Rec709)]
[info][2026-07-29 13:13:25.958][decklink][  32: 2Kp60 DCI (2048x1080, flags=Rec709)]
[info][2026-07-29 13:13:25.959][decklink][  33: 2Kp95.90 DCI (2048x1080, flags=Rec709)]
[info][2026-07-29 13:13:25.959][decklink][  34: 2Kp96 DCI (2048x1080, flags=Rec709)]
[info][2026-07-29 13:13:25.959][decklink][  35: 2Kp100 DCI (2048x1080, flags=Rec709)]
[info][2026-07-29 13:13:25.959][decklink][  36: 2Kp119.88 DCI (2048x1080, flags=Rec709)]
[info][2026-07-29 13:13:25.959][decklink][  37: 2Kp120 DCI (2048x1080, flags=Rec709)]
[info][2026-07-29 13:13:25.959][decklink][  38: 2160p23.98 (3840x2160, flags=Rec709)]
[info][2026-07-29 13:13:25.959][decklink][  39: 2160p24 (3840x2160, flags=Rec709)]
[info][2026-07-29 13:13:25.959][decklink][  40: 2160p25 (3840x2160, flags=Rec709)]
[info][2026-07-29 13:13:25.959][decklink][  41: 2160p29.97 (3840x2160, flags=Rec709)]
[info][2026-07-29 13:13:25.959][decklink][  42: 2160p30 (3840x2160, flags=Rec709)]
[info][2026-07-29 13:13:25.959][decklink][  43: 2160p47.95 (3840x2160, flags=Rec709)]
[info][2026-07-29 13:13:25.959][decklink][  44: 2160p48 (3840x2160, flags=Rec709)]
[info][2026-07-29 13:13:25.959][decklink][  45: 2160p50 (3840x2160, flags=Rec709)]
[info][2026-07-29 13:13:25.959][decklink][  46: 2160p59.94 (3840x2160, flags=Rec709)]
[info][2026-07-29 13:13:25.959][decklink][  47: 2160p60 (3840x2160, flags=Rec709)]
[info][2026-07-29 13:13:25.959][decklink][  48: 2160p95.90 (3840x2160, flags=Rec709)]
[info][2026-07-29 13:13:25.959][decklink][  49: 2160p96 (3840x2160, flags=Rec709)]
[info][2026-07-29 13:13:25.959][decklink][  50: 2160p100 (3840x2160, flags=Rec709)]
[info][2026-07-29 13:13:25.959][decklink][  51: 2160p119.88 (3840x2160, flags=Rec709)]
[info][2026-07-29 13:13:25.959][decklink][  52: 2160p120 (3840x2160, flags=Rec709)]
[info][2026-07-29 13:13:25.959][decklink][  53: 4Kp23.98 DCI (4096x2160, flags=Rec709)]
[info][2026-07-29 13:13:25.959][decklink][  54: 4Kp24 DCI (4096x2160, flags=Rec709)]
[info][2026-07-29 13:13:25.959][decklink][  55: 4Kp25 DCI (4096x2160, flags=Rec709)]
[info][2026-07-29 13:13:25.959][decklink][  56: 4Kp29.97 DCI (4096x2160, flags=Rec709)]
[info][2026-07-29 13:13:25.959][decklink][  57: 4Kp30 DCI (4096x2160, flags=Rec709)]
[info][2026-07-29 13:13:25.959][decklink][  58: 4Kp47.95 DCI (4096x2160, flags=Rec709)]
[info][2026-07-29 13:13:25.959][decklink][  59: 4Kp48 DCI (4096x2160, flags=Rec709)]
[info][2026-07-29 13:13:25.959][decklink][  60: 4Kp50 DCI (4096x2160, flags=Rec709)]
[info][2026-07-29 13:13:25.959][decklink][  61: 4Kp59.94 DCI (4096x2160, flags=Rec709)]
[info][2026-07-29 13:13:25.959][decklink][  62: 4Kp60 DCI (4096x2160, flags=Rec709)]
[info][2026-07-29 13:13:25.959][decklink][  63: 4Kp95.90 DCI (4096x2160, flags=Rec709)]
[info][2026-07-29 13:13:25.959][decklink][  64: 4Kp96 DCI (4096x2160, flags=Rec709)]
[info][2026-07-29 13:13:25.959][decklink][  65: 4Kp100 DCI (4096x2160, flags=Rec709)]
[info][2026-07-29 13:13:25.959][decklink][  66: 4Kp119.88 DCI (4096x2160, flags=Rec709)]
[info][2026-07-29 13:13:25.959][decklink][  67: 4Kp120 DCI (4096x2160, flags=Rec709)]
[info][2026-07-29 13:13:25.959][decklink][  68: 4320p23.98 (7680x4320, flags=Rec709)]
[info][2026-07-29 13:13:25.959][decklink][  69: 4320p24 (7680x4320, flags=Rec709)]
[info][2026-07-29 13:13:25.959][decklink][  70: 4320p25 (7680x4320, flags=Rec709)]
[info][2026-07-29 13:13:25.959][decklink][  71: 4320p29.97 (7680x4320, flags=Rec709)]
[info][2026-07-29 13:13:25.959][decklink][  72: 4320p30 (7680x4320, flags=Rec709)]
[info][2026-07-29 13:13:25.959][decklink][  73: 4320p47.95 (7680x4320, flags=Rec709)]
[info][2026-07-29 13:13:25.959][decklink][  74: 4320p48 (7680x4320, flags=Rec709)]
[info][2026-07-29 13:13:25.959][decklink][  75: 4320p50 (7680x4320, flags=Rec709)]
[info][2026-07-29 13:13:25.959][decklink][  76: 4320p59.94 (7680x4320, flags=Rec709)]
[info][2026-07-29 13:13:25.959][decklink][  77: 4320p60 (7680x4320, flags=Rec709)]
[info][2026-07-29 13:13:25.959][decklink][  78: 8Kp23.98 DCI (8192x4320, flags=Rec709)]
[info][2026-07-29 13:13:25.959][decklink][  79: 8Kp24 DCI (8192x4320, flags=Rec709)]
[info][2026-07-29 13:13:25.959][decklink][  80: 8Kp25 DCI (8192x4320, flags=Rec709)]
[info][2026-07-29 13:13:25.959][decklink][  81: 8Kp29.97 DCI (8192x4320, flags=Rec709)]
[info][2026-07-29 13:13:25.959][decklink][  82: 8Kp30 DCI (8192x4320, flags=Rec709)]
[info][2026-07-29 13:13:25.959][decklink][  83: 8Kp47.95 DCI (8192x4320, flags=Rec709)]
[info][2026-07-29 13:13:25.959][decklink][  84: 8Kp48 DCI (8192x4320, flags=Rec709)]
[info][2026-07-29 13:13:25.959][decklink][  85: 8Kp50 DCI (8192x4320, flags=Rec709)]
[info][2026-07-29 13:13:25.959][decklink][  86: 8Kp59.94 DCI (8192x4320, flags=Rec709)]
[info][2026-07-29 13:13:25.959][decklink][  87: 8Kp60 DCI (8192x4320, flags=Rec709)]
[info][2026-07-29 13:13:25.959][decklink][Waiting for input signal detection...]
[info][2026-07-29 13:13:25.968][decklink][Video input enabled with automatic format detection]
[info][2026-07-29 13:13:25.968][decklink][Capture started (UYVY 4:2:2)]
[info][2026-07-29 13:13:26.190][decklink][Video input format changed events=0x5, mode=1080i50, flags=Rec709, detected=YCbCr422, 10Bit (0x11)]
[info][2026-07-29 13:13:26.190][decklink][Video format changed: 1080i50]
[info][2026-07-29 13:13:26.191][decklink][Capture stopped]
[info][2026-07-29 13:13:26.211][decklink][Video input enabled with mode: 1080i50]
[info][2026-07-29 13:13:26.211][decklink][Capture started (UYVY 4:2:2)]
[info][2026-07-29 13:13:26.343][decklink][Video input format changed events=0x4, mode=1080i50, flags=Rec709, detected=YCbCr422, 10Bit (0x11)]
[info][2026-07-29 13:13:58.603][decklink][Capture stopped]
[info][2026-07-29 13:14:24.414][decklink][Configuring DeckLink input capture settings...]
[info][2026-07-29 13:14:24.414][decklink][Device supports genlock reference input]
[info][2026-07-29 13:14:24.414][decklink][Available display modes:]
[info][2026-07-29 13:14:24.414][decklink][  0: 525i59.94 NTSC (720x486, flags=Rec601)]
[info][2026-07-29 13:14:24.414][decklink][  1: 625i50 PAL (720x576, flags=Rec601)]
[info][2026-07-29 13:14:24.414][decklink][  2: 1080p23.98 (1920x1080, flags=Rec709)]
[info][2026-07-29 13:14:24.414][decklink][  3: 1080p24 (1920x1080, flags=Rec709)]
[info][2026-07-29 13:14:24.414][decklink][  4: 1080p25 (1920x1080, flags=Rec709)]
[info][2026-07-29 13:14:24.414][decklink][  5: 1080p29.97 (1920x1080, flags=Rec709)]
[info][2026-07-29 13:14:24.414][decklink][  6: 1080p30 (1920x1080, flags=Rec709)]
[info][2026-07-29 13:14:24.414][decklink][  7: 1080p47.95 (1920x1080, flags=Rec709)]
[info][2026-07-29 13:14:24.414][decklink][  8: 1080p48 (1920x1080, flags=Rec709)]
[info][2026-07-29 13:14:24.414][decklink][  9: 1080p50 (1920x1080, flags=Rec709)]
[info][2026-07-29 13:14:24.414][decklink][  10: 1080p59.94 (1920x1080, flags=Rec709)]
[info][2026-07-29 13:14:24.414][decklink][  11: 1080p60 (1920x1080, flags=Rec709)]
[info][2026-07-29 13:14:24.414][decklink][  12: 1080p95.90 (1920x1080, flags=Rec709)]
[info][2026-07-29 13:14:24.414][decklink][  13: 1080p96 (1920x1080, flags=Rec709)]
[info][2026-07-29 13:14:24.414][decklink][  14: 1080p100 (1920x1080, flags=Rec709)]
[info][2026-07-29 13:14:24.414][decklink][  15: 1080p119.88 (1920x1080, flags=Rec709)]
[info][2026-07-29 13:14:24.414][decklink][  16: 1080p120 (1920x1080, flags=Rec709)]
[info][2026-07-29 13:14:24.414][decklink][  17: 1080i50 (1920x1080, flags=Rec709)]
[info][2026-07-29 13:14:24.414][decklink][  18: 1080i59.94 (1920x1080, flags=Rec709)]
[info][2026-07-29 13:14:24.414][decklink][  19: 1080i60 (1920x1080, flags=Rec709)]
[info][2026-07-29 13:14:24.414][decklink][  20: 720p50 (1280x720, flags=Rec709)]
[info][2026-07-29 13:14:24.414][decklink][  21: 720p59.94 (1280x720, flags=Rec709)]
[info][2026-07-29 13:14:24.414][decklink][  22: 720p60 (1280x720, flags=Rec709)]
[info][2026-07-29 13:14:24.414][decklink][  23: 2Kp23.98 DCI (2048x1080, flags=Rec709)]
[info][2026-07-29 13:14:24.414][decklink][  24: 2Kp24 DCI (2048x1080, flags=Rec709)]
[info][2026-07-29 13:14:24.414][decklink][  25: 2Kp25 DCI (2048x1080, flags=Rec709)]
[info][2026-07-29 13:14:24.414][decklink][  26: 2Kp29.97 DCI (2048x1080, flags=Rec709)]
[info][2026-07-29 13:14:24.414][decklink][  27: 2Kp30 DCI (2048x1080, flags=Rec709)]
[info][2026-07-29 13:14:24.414][decklink][  28: 2Kp47.95 DCI (2048x1080, flags=Rec709)]
[info][2026-07-29 13:14:24.414][decklink][  29: 2Kp48 DCI (2048x1080, flags=Rec709)]
[info][2026-07-29 13:14:24.414][decklink][  30: 2Kp50 DCI (2048x1080, flags=Rec709)]
[info][2026-07-29 13:14:24.414][decklink][  31: 2Kp59.94 DCI (2048x1080, flags=Rec709)]
[info][2026-07-29 13:14:24.415][decklink][  32: 2Kp60 DCI (2048x1080, flags=Rec709)]
[info][2026-07-29 13:14:24.415][decklink][  33: 2Kp95.90 DCI (2048x1080, flags=Rec709)]
[info][2026-07-29 13:14:24.415][decklink][  34: 2Kp96 DCI (2048x1080, flags=Rec709)]
[info][2026-07-29 13:14:24.415][decklink][  35: 2Kp100 DCI (2048x1080, flags=Rec709)]
[info][2026-07-29 13:14:24.415][decklink][  36: 2Kp119.88 DCI (2048x1080, flags=Rec709)]
[info][2026-07-29 13:14:24.415][decklink][  37: 2Kp120 DCI (2048x1080, flags=Rec709)]
[info][2026-07-29 13:14:24.415][decklink][  38: 2160p23.98 (3840x2160, flags=Rec709)]
[info][2026-07-29 13:14:24.415][decklink][  39: 2160p24 (3840x2160, flags=Rec709)]
[info][2026-07-29 13:14:24.415][decklink][  40: 2160p25 (3840x2160, flags=Rec709)]
[info][2026-07-29 13:14:24.415][decklink][  41: 2160p29.97 (3840x2160, flags=Rec709)]
[info][2026-07-29 13:14:24.415][decklink][  42: 2160p30 (3840x2160, flags=Rec709)]
[info][2026-07-29 13:14:24.415][decklink][  43: 2160p47.95 (3840x2160, flags=Rec709)]
[info][2026-07-29 13:14:24.415][decklink][  44: 2160p48 (3840x2160, flags=Rec709)]
[info][2026-07-29 13:14:24.415][decklink][  45: 2160p50 (3840x2160, flags=Rec709)]
[info][2026-07-29 13:14:24.415][decklink][  46: 2160p59.94 (3840x2160, flags=Rec709)]
[info][2026-07-29 13:14:24.415][decklink][  47: 2160p60 (3840x2160, flags=Rec709)]
[info][2026-07-29 13:14:24.415][decklink][  48: 2160p95.90 (3840x2160, flags=Rec709)]
[info][2026-07-29 13:14:24.415][decklink][  49: 2160p96 (3840x2160, flags=Rec709)]
[info][2026-07-29 13:14:24.415][decklink][  50: 2160p100 (3840x2160, flags=Rec709)]
[info][2026-07-29 13:14:24.415][decklink][  51: 2160p119.88 (3840x2160, flags=Rec709)]
[info][2026-07-29 13:14:24.415][decklink][  52: 2160p120 (3840x2160, flags=Rec709)]
[info][2026-07-29 13:14:24.415][decklink][  53: 4Kp23.98 DCI (4096x2160, flags=Rec709)]
[info][2026-07-29 13:14:24.415][decklink][  54: 4Kp24 DCI (4096x2160, flags=Rec709)]
[info][2026-07-29 13:14:24.415][decklink][  55: 4Kp25 DCI (4096x2160, flags=Rec709)]
[info][2026-07-29 13:14:24.415][decklink][  56: 4Kp29.97 DCI (4096x2160, flags=Rec709)]
[info][2026-07-29 13:14:24.415][decklink][  57: 4Kp30 DCI (4096x2160, flags=Rec709)]
[info][2026-07-29 13:14:24.415][decklink][  58: 4Kp47.95 DCI (4096x2160, flags=Rec709)]
[info][2026-07-29 13:14:24.415][decklink][  59: 4Kp48 DCI (4096x2160, flags=Rec709)]
[info][2026-07-29 13:14:24.415][decklink][  60: 4Kp50 DCI (4096x2160, flags=Rec709)]
[info][2026-07-29 13:14:24.415][decklink][  61: 4Kp59.94 DCI (4096x2160, flags=Rec709)]
[info][2026-07-29 13:14:24.415][decklink][  62: 4Kp60 DCI (4096x2160, flags=Rec709)]
[info][2026-07-29 13:14:24.415][decklink][  63: 4Kp95.90 DCI (4096x2160, flags=Rec709)]
[info][2026-07-29 13:14:24.415][decklink][  64: 4Kp96 DCI (4096x2160, flags=Rec709)]
[info][2026-07-29 13:14:24.415][decklink][  65: 4Kp100 DCI (4096x2160, flags=Rec709)]
[info][2026-07-29 13:14:24.415][decklink][  66: 4Kp119.88 DCI (4096x2160, flags=Rec709)]
[info][2026-07-29 13:14:24.415][decklink][  67: 4Kp120 DCI (4096x2160, flags=Rec709)]
[info][2026-07-29 13:14:24.415][decklink][  68: 4320p23.98 (7680x4320, flags=Rec709)]
[info][2026-07-29 13:14:24.415][decklink][  69: 4320p24 (7680x4320, flags=Rec709)]
[info][2026-07-29 13:14:24.415][decklink][  70: 4320p25 (7680x4320, flags=Rec709)]
[info][2026-07-29 13:14:24.415][decklink][  71: 4320p29.97 (7680x4320, flags=Rec709)]
[info][2026-07-29 13:14:24.415][decklink][  72: 4320p30 (7680x4320, flags=Rec709)]
[info][2026-07-29 13:14:24.415][decklink][  73: 4320p47.95 (7680x4320, flags=Rec709)]
[info][2026-07-29 13:14:24.415][decklink][  74: 4320p48 (7680x4320, flags=Rec709)]
[info][2026-07-29 13:14:24.415][decklink][  75: 4320p50 (7680x4320, flags=Rec709)]
[info][2026-07-29 13:14:24.415][decklink][  76: 4320p59.94 (7680x4320, flags=Rec709)]
[info][2026-07-29 13:14:24.415][decklink][  77: 4320p60 (7680x4320, flags=Rec709)]
[info][2026-07-29 13:14:24.415][decklink][  78: 8Kp23.98 DCI (8192x4320, flags=Rec709)]
[info][2026-07-29 13:14:24.415][decklink][  79: 8Kp24 DCI (8192x4320, flags=Rec709)]
[info][2026-07-29 13:14:24.415][decklink][  80: 8Kp25 DCI (8192x4320, flags=Rec709)]
[info][2026-07-29 13:14:24.415][decklink][  81: 8Kp29.97 DCI (8192x4320, flags=Rec709)]
[info][2026-07-29 13:14:24.415][decklink][  82: 8Kp30 DCI (8192x4320, flags=Rec709)]
[info][2026-07-29 13:14:24.415][decklink][  83: 8Kp47.95 DCI (8192x4320, flags=Rec709)]
[info][2026-07-29 13:14:24.415][decklink][  84: 8Kp48 DCI (8192x4320, flags=Rec709)]
[info][2026-07-29 13:14:24.415][decklink][  85: 8Kp50 DCI (8192x4320, flags=Rec709)]
[info][2026-07-29 13:14:24.415][decklink][  86: 8Kp59.94 DCI (8192x4320, flags=Rec709)]
[info][2026-07-29 13:14:24.415][decklink][  87: 8Kp60 DCI (8192x4320, flags=Rec709)]
[info][2026-07-29 13:14:24.415][decklink][Waiting for input signal detection...]
[info][2026-07-29 13:14:24.425][decklink][Video input enabled with automatic format detection]
[info][2026-07-29 13:14:24.425][decklink][Capture started (UYVY 4:2:2)]
[info][2026-07-29 13:14:24.741][decklink][Video input format changed events=0x5, mode=1080i50, flags=Rec709, detected=YCbCr422, 10Bit (0x11)]
[info][2026-07-29 13:14:24.741][decklink][Video format changed: 1080i50]
[info][2026-07-29 13:14:24.752][decklink][Capture stopped]
[info][2026-07-29 13:14:24.773][decklink][Video input enabled with mode: 1080i50]
[info][2026-07-29 13:14:24.773][decklink][Capture started (UYVY 4:2:2)]
[info][2026-07-29 13:14:24.904][decklink][Video input format changed events=0x4, mode=1080i50, flags=Rec709, detected=YCbCr422, 10Bit (0x11)]
[info][2026-07-29 13:14:28.843][decklink][Capture stopped]
[info][2026-07-29 13:16:53.062][decklink][Configuring DeckLink input capture settings...]
[info][2026-07-29 13:16:53.062][decklink][Device supports genlock reference input]
[info][2026-07-29 13:16:53.062][decklink][Available display modes:]
[info][2026-07-29 13:16:53.062][decklink][  0: 525i59.94 NTSC (720x486, flags=Rec601)]
[info][2026-07-29 13:16:53.062][decklink][  1: 625i50 PAL (720x576, flags=Rec601)]
[info][2026-07-29 13:16:53.062][decklink][  2: 1080p23.98 (1920x1080, flags=Rec709)]
[info][2026-07-29 13:16:53.062][decklink][  3: 1080p24 (1920x1080, flags=Rec709)]
[info][2026-07-29 13:16:53.062][decklink][  4: 1080p25 (1920x1080, flags=Rec709)]
[info][2026-07-29 13:16:53.062][decklink][  5: 1080p29.97 (1920x1080, flags=Rec709)]
[info][2026-07-29 13:16:53.062][decklink][  6: 1080p30 (1920x1080, flags=Rec709)]
[info][2026-07-29 13:16:53.062][decklink][  7: 1080p47.95 (1920x1080, flags=Rec709)]
[info][2026-07-29 13:16:53.062][decklink][  8: 1080p48 (1920x1080, flags=Rec709)]
[info][2026-07-29 13:16:53.062][decklink][  9: 1080p50 (1920x1080, flags=Rec709)]
[info][2026-07-29 13:16:53.062][decklink][  10: 1080p59.94 (1920x1080, flags=Rec709)]
[info][2026-07-29 13:16:53.062][decklink][  11: 1080p60 (1920x1080, flags=Rec709)]
[info][2026-07-29 13:16:53.062][decklink][  12: 1080p95.90 (1920x1080, flags=Rec709)]
[info][2026-07-29 13:16:53.062][decklink][  13: 1080p96 (1920x1080, flags=Rec709)]
[info][2026-07-29 13:16:53.062][decklink][  14: 1080p100 (1920x1080, flags=Rec709)]
[info][2026-07-29 13:16:53.062][decklink][  15: 1080p119.88 (1920x1080, flags=Rec709)]
[info][2026-07-29 13:16:53.062][decklink][  16: 1080p120 (1920x1080, flags=Rec709)]
[info][2026-07-29 13:16:53.062][decklink][  17: 1080i50 (1920x1080, flags=Rec709)]
[info][2026-07-29 13:16:53.062][decklink][  18: 1080i59.94 (1920x1080, flags=Rec709)]
[info][2026-07-29 13:16:53.062][decklink][  19: 1080i60 (1920x1080, flags=Rec709)]
[info][2026-07-29 13:16:53.062][decklink][  20: 720p50 (1280x720, flags=Rec709)]
[info][2026-07-29 13:16:53.062][decklink][  21: 720p59.94 (1280x720, flags=Rec709)]
[info][2026-07-29 13:16:53.062][decklink][  22: 720p60 (1280x720, flags=Rec709)]
[info][2026-07-29 13:16:53.062][decklink][  23: 2Kp23.98 DCI (2048x1080, flags=Rec709)]
[info][2026-07-29 13:16:53.062][decklink][  24: 2Kp24 DCI (2048x1080, flags=Rec709)]
[info][2026-07-29 13:16:53.062][decklink][  25: 2Kp25 DCI (2048x1080, flags=Rec709)]
[info][2026-07-29 13:16:53.062][decklink][  26: 2Kp29.97 DCI (2048x1080, flags=Rec709)]
[info][2026-07-29 13:16:53.062][decklink][  27: 2Kp30 DCI (2048x1080, flags=Rec709)]
[info][2026-07-29 13:16:53.062][decklink][  28: 2Kp47.95 DCI (2048x1080, flags=Rec709)]
[info][2026-07-29 13:16:53.062][decklink][  29: 2Kp48 DCI (2048x1080, flags=Rec709)]
[info][2026-07-29 13:16:53.062][decklink][  30: 2Kp50 DCI (2048x1080, flags=Rec709)]
[info][2026-07-29 13:16:53.062][decklink][  31: 2Kp59.94 DCI (2048x1080, flags=Rec709)]
[info][2026-07-29 13:16:53.062][decklink][  32: 2Kp60 DCI (2048x1080, flags=Rec709)]
[info][2026-07-29 13:16:53.062][decklink][  33: 2Kp95.90 DCI (2048x1080, flags=Rec709)]
[info][2026-07-29 13:16:53.062][decklink][  34: 2Kp96 DCI (2048x1080, flags=Rec709)]
[info][2026-07-29 13:16:53.062][decklink][  35: 2Kp100 DCI (2048x1080, flags=Rec709)]
[info][2026-07-29 13:16:53.062][decklink][  36: 2Kp119.88 DCI (2048x1080, flags=Rec709)]
[info][2026-07-29 13:16:53.062][decklink][  37: 2Kp120 DCI (2048x1080, flags=Rec709)]
[info][2026-07-29 13:16:53.062][decklink][  38: 2160p23.98 (3840x2160, flags=Rec709)]
[info][2026-07-29 13:16:53.062][decklink][  39: 2160p24 (3840x2160, flags=Rec709)]
[info][2026-07-29 13:16:53.062][decklink][  40: 2160p25 (3840x2160, flags=Rec709)]
[info][2026-07-29 13:16:53.062][decklink][  41: 2160p29.97 (3840x2160, flags=Rec709)]
[info][2026-07-29 13:16:53.062][decklink][  42: 2160p30 (3840x2160, flags=Rec709)]
[info][2026-07-29 13:16:53.062][decklink][  43: 2160p47.95 (3840x2160, flags=Rec709)]
[info][2026-07-29 13:16:53.062][decklink][  44: 2160p48 (3840x2160, flags=Rec709)]
[info][2026-07-29 13:16:53.062][decklink][  45: 2160p50 (3840x2160, flags=Rec709)]
[info][2026-07-29 13:16:53.062][decklink][  46: 2160p59.94 (3840x2160, flags=Rec709)]
[info][2026-07-29 13:16:53.062][decklink][  47: 2160p60 (3840x2160, flags=Rec709)]
[info][2026-07-29 13:16:53.062][decklink][  48: 2160p95.90 (3840x2160, flags=Rec709)]
[info][2026-07-29 13:16:53.062][decklink][  49: 2160p96 (3840x2160, flags=Rec709)]
[info][2026-07-29 13:16:53.062][decklink][  50: 2160p100 (3840x2160, flags=Rec709)]
[info][2026-07-29 13:16:53.062][decklink][  51: 2160p119.88 (3840x2160, flags=Rec709)]
[info][2026-07-29 13:16:53.062][decklink][  52: 2160p120 (3840x2160, flags=Rec709)]
[info][2026-07-29 13:16:53.062][decklink][  53: 4Kp23.98 DCI (4096x2160, flags=Rec709)]
[info][2026-07-29 13:16:53.062][decklink][  54: 4Kp24 DCI (4096x2160, flags=Rec709)]
[info][2026-07-29 13:16:53.062][decklink][  55: 4Kp25 DCI (4096x2160, flags=Rec709)]
[info][2026-07-29 13:16:53.062][decklink][  56: 4Kp29.97 DCI (4096x2160, flags=Rec709)]
[info][2026-07-29 13:16:53.062][decklink][  57: 4Kp30 DCI (4096x2160, flags=Rec709)]
[info][2026-07-29 13:16:53.062][decklink][  58: 4Kp47.95 DCI (4096x2160, flags=Rec709)]
[info][2026-07-29 13:16:53.062][decklink][  59: 4Kp48 DCI (4096x2160, flags=Rec709)]
[info][2026-07-29 13:16:53.062][decklink][  60: 4Kp50 DCI (4096x2160, flags=Rec709)]
[info][2026-07-29 13:16:53.062][decklink][  61: 4Kp59.94 DCI (4096x2160, flags=Rec709)]
[info][2026-07-29 13:16:53.062][decklink][  62: 4Kp60 DCI (4096x2160, flags=Rec709)]
[info][2026-07-29 13:16:53.062][decklink][  63: 4Kp95.90 DCI (4096x2160, flags=Rec709)]
[info][2026-07-29 13:16:53.062][decklink][  64: 4Kp96 DCI (4096x2160, flags=Rec709)]
[info][2026-07-29 13:16:53.062][decklink][  65: 4Kp100 DCI (4096x2160, flags=Rec709)]
[info][2026-07-29 13:16:53.062][decklink][  66: 4Kp119.88 DCI (4096x2160, flags=Rec709)]
[info][2026-07-29 13:16:53.062][decklink][  67: 4Kp120 DCI (4096x2160, flags=Rec709)]
[info][2026-07-29 13:16:53.062][decklink][  68: 4320p23.98 (7680x4320, flags=Rec709)]
[info][2026-07-29 13:16:53.062][decklink][  69: 4320p24 (7680x4320, flags=Rec709)]
[info][2026-07-29 13:16:53.062][decklink][  70: 4320p25 (7680x4320, flags=Rec709)]
[info][2026-07-29 13:16:53.062][decklink][  71: 4320p29.97 (7680x4320, flags=Rec709)]
[info][2026-07-29 13:16:53.062][decklink][  72: 4320p30 (7680x4320, flags=Rec709)]
[info][2026-07-29 13:16:53.062][decklink][  73: 4320p47.95 (7680x4320, flags=Rec709)]
[info][2026-07-29 13:16:53.062][decklink][  74: 4320p48 (7680x4320, flags=Rec709)]
[info][2026-07-29 13:16:53.062][decklink][  75: 4320p50 (7680x4320, flags=Rec709)]
[info][2026-07-29 13:16:53.062][decklink][  76: 4320p59.94 (7680x4320, flags=Rec709)]
[info][2026-07-29 13:16:53.062][decklink][  77: 4320p60 (7680x4320, flags=Rec709)]
[info][2026-07-29 13:16:53.062][decklink][  78: 8Kp23.98 DCI (8192x4320, flags=Rec709)]
[info][2026-07-29 13:16:53.062][decklink][  79: 8Kp24 DCI (8192x4320, flags=Rec709)]
[info][2026-07-29 13:16:53.062][decklink][  80: 8Kp25 DCI (8192x4320, flags=Rec709)]
[info][2026-07-29 13:16:53.062][decklink][  81: 8Kp29.97 DCI (8192x4320, flags=Rec709)]
[info][2026-07-29 13:16:53.062][decklink][  82: 8Kp30 DCI (8192x4320, flags=Rec709)]
[info][2026-07-29 13:16:53.062][decklink][  83: 8Kp47.95 DCI (8192x4320, flags=Rec709)]
[info][2026-07-29 13:16:53.062][decklink][  84: 8Kp48 DCI (8192x4320, flags=Rec709)]
[info][2026-07-29 13:16:53.062][decklink][  85: 8Kp50 DCI (8192x4320, flags=Rec709)]
[info][2026-07-29 13:16:53.062][decklink][  86: 8Kp59.94 DCI (8192x4320, flags=Rec709)]
[info][2026-07-29 13:16:53.062][decklink][  87: 8Kp60 DCI (8192x4320, flags=Rec709)]
[info][2026-07-29 13:16:53.062][decklink][Waiting for input signal detection...]
[info][2026-07-29 13:16:53.075][decklink][Video input enabled with automatic format detection]
[info][2026-07-29 13:16:53.075][decklink][Capture started (UYVY 4:2:2)]
[info][2026-07-29 13:16:53.295][decklink][Video input format changed events=0x5, mode=1080i50, flags=Rec709, detected=YCbCr422, 10Bit (0x11)]
[info][2026-07-29 13:16:53.295][decklink][Video format changed: 1080i50]
[info][2026-07-29 13:16:53.304][decklink][Capture stopped]
[info][2026-07-29 13:16:53.328][decklink][Video input enabled with mode: 1080i50]
[info][2026-07-29 13:16:53.328][decklink][Capture started (UYVY 4:2:2)]
[info][2026-07-29 13:16:53.466][decklink][Video input format changed events=0x4, mode=1080i50, flags=Rec709, detected=YCbCr422, 10Bit (0x11)]
[info][2026-07-29 13:17:07.267][decklink][Output 1080i50 (matching input, no decimator needed)]
[info][2026-07-29 13:17:07.294][decklink][[Output 0] DeckLink 8K Pro (1) / DeckLink 8K Pro (subDevice=0, profile=0x34646864, duplex=0x64786861, ioSupport=0x3, outConns=0x1, busy=0x1)]
[info][2026-07-29 13:17:07.294][decklink][[Output 1] DeckLink 8K Pro (2) / DeckLink 8K Pro (subDevice=1, profile=0x34646864, duplex=0x64786861, ioSupport=0x3, outConns=0x1, busy=0x2)]
[info][2026-07-29 13:17:07.294][decklink][[Output 2] DeckLink 8K Pro (3) / DeckLink 8K Pro (subDevice=2, profile=0x34646864, duplex=0x64786861, ioSupport=0x3, outConns=0x1, busy=0x2)]
[info][2026-07-29 13:17:07.294][decklink][[Output 3] DeckLink 8K Pro (4) / DeckLink 8K Pro (subDevice=3, profile=0x34646864, duplex=0x64786861, ioSupport=0x3, outConns=0x1, busy=0x0)]
[info][2026-07-29 13:17:07.294][decklink][[Output 1] Selected output connection: SDI]
[error][2026-07-29 13:17:07.295][decklink][[Output 1] EnableVideoOutput failed (mode=1080i50, conn=1, hr=0x-7ffffff7)]
[warning][2026-07-29 13:17:07.295][decklink][Requested output index 1 failed; trying fallback output index 2]
[info][2026-07-29 13:17:07.295][decklink][[Output 2] Selected output connection: SDI]
[error][2026-07-29 13:17:07.297][decklink][[Output 2] EnableVideoOutput failed (mode=1080i50, conn=1, hr=0x-7ffffff7)]
[info][2026-07-29 13:27:52.065][decklink][Configuring DeckLink input capture settings...]
[info][2026-07-29 13:27:52.066][decklink][Device supports genlock reference input]
[info][2026-07-29 13:27:52.066][decklink][Available display modes:]
[info][2026-07-29 13:27:52.066][decklink][  0: 525i59.94 NTSC (720x486, flags=Rec601)]
[info][2026-07-29 13:27:52.066][decklink][  1: 625i50 PAL (720x576, flags=Rec601)]
[info][2026-07-29 13:27:52.066][decklink][  2: 1080p23.98 (1920x1080, flags=Rec709)]
[info][2026-07-29 13:27:52.066][decklink][  3: 1080p24 (1920x1080, flags=Rec709)]
[info][2026-07-29 13:27:52.066][decklink][  4: 1080p25 (1920x1080, flags=Rec709)]
[info][2026-07-29 13:27:52.066][decklink][  5: 1080p29.97 (1920x1080, flags=Rec709)]
[info][2026-07-29 13:27:52.066][decklink][  6: 1080p30 (1920x1080, flags=Rec709)]
[info][2026-07-29 13:27:52.066][decklink][  7: 1080p47.95 (1920x1080, flags=Rec709)]
[info][2026-07-29 13:27:52.066][decklink][  8: 1080p48 (1920x1080, flags=Rec709)]
[info][2026-07-29 13:27:52.066][decklink][  9: 1080p50 (1920x1080, flags=Rec709)]
[info][2026-07-29 13:27:52.066][decklink][  10: 1080p59.94 (1920x1080, flags=Rec709)]
[info][2026-07-29 13:27:52.066][decklink][  11: 1080p60 (1920x1080, flags=Rec709)]
[info][2026-07-29 13:27:52.066][decklink][  12: 1080p95.90 (1920x1080, flags=Rec709)]
[info][2026-07-29 13:27:52.066][decklink][  13: 1080p96 (1920x1080, flags=Rec709)]
[info][2026-07-29 13:27:52.066][decklink][  14: 1080p100 (1920x1080, flags=Rec709)]
[info][2026-07-29 13:27:52.066][decklink][  15: 1080p119.88 (1920x1080, flags=Rec709)]
[info][2026-07-29 13:27:52.066][decklink][  16: 1080p120 (1920x1080, flags=Rec709)]
[info][2026-07-29 13:27:52.066][decklink][  17: 1080i50 (1920x1080, flags=Rec709)]
[info][2026-07-29 13:27:52.066][decklink][  18: 1080i59.94 (1920x1080, flags=Rec709)]
[info][2026-07-29 13:27:52.066][decklink][  19: 1080i60 (1920x1080, flags=Rec709)]
[info][2026-07-29 13:27:52.066][decklink][  20: 720p50 (1280x720, flags=Rec709)]
[info][2026-07-29 13:27:52.066][decklink][  21: 720p59.94 (1280x720, flags=Rec709)]
[info][2026-07-29 13:27:52.066][decklink][  22: 720p60 (1280x720, flags=Rec709)]
[info][2026-07-29 13:27:52.066][decklink][  23: 2Kp23.98 DCI (2048x1080, flags=Rec709)]
[info][2026-07-29 13:27:52.066][decklink][  24: 2Kp24 DCI (2048x1080, flags=Rec709)]
[info][2026-07-29 13:27:52.066][decklink][  25: 2Kp25 DCI (2048x1080, flags=Rec709)]
[info][2026-07-29 13:27:52.066][decklink][  26: 2Kp29.97 DCI (2048x1080, flags=Rec709)]
[info][2026-07-29 13:27:52.066][decklink][  27: 2Kp30 DCI (2048x1080, flags=Rec709)]
[info][2026-07-29 13:27:52.066][decklink][  28: 2Kp47.95 DCI (2048x1080, flags=Rec709)]
[info][2026-07-29 13:27:52.066][decklink][  29: 2Kp48 DCI (2048x1080, flags=Rec709)]
[info][2026-07-29 13:27:52.066][decklink][  30: 2Kp50 DCI (2048x1080, flags=Rec709)]
[info][2026-07-29 13:27:52.066][decklink][  31: 2Kp59.94 DCI (2048x1080, flags=Rec709)]
[info][2026-07-29 13:27:52.066][decklink][  32: 2Kp60 DCI (2048x1080, flags=Rec709)]
[info][2026-07-29 13:27:52.066][decklink][  33: 2Kp95.90 DCI (2048x1080, flags=Rec709)]
[info][2026-07-29 13:27:52.066][decklink][  34: 2Kp96 DCI (2048x1080, flags=Rec709)]
[info][2026-07-29 13:27:52.066][decklink][  35: 2Kp100 DCI (2048x1080, flags=Rec709)]
[info][2026-07-29 13:27:52.066][decklink][  36: 2Kp119.88 DCI (2048x1080, flags=Rec709)]
[info][2026-07-29 13:27:52.066][decklink][  37: 2Kp120 DCI (2048x1080, flags=Rec709)]
[info][2026-07-29 13:27:52.066][decklink][  38: 2160p23.98 (3840x2160, flags=Rec709)]
[info][2026-07-29 13:27:52.066][decklink][  39: 2160p24 (3840x2160, flags=Rec709)]
[info][2026-07-29 13:27:52.066][decklink][  40: 2160p25 (3840x2160, flags=Rec709)]
[info][2026-07-29 13:27:52.066][decklink][  41: 2160p29.97 (3840x2160, flags=Rec709)]
[info][2026-07-29 13:27:52.066][decklink][  42: 2160p30 (3840x2160, flags=Rec709)]
[info][2026-07-29 13:27:52.066][decklink][  43: 2160p47.95 (3840x2160, flags=Rec709)]
[info][2026-07-29 13:27:52.066][decklink][  44: 2160p48 (3840x2160, flags=Rec709)]
[info][2026-07-29 13:27:52.066][decklink][  45: 2160p50 (3840x2160, flags=Rec709)]
[info][2026-07-29 13:27:52.066][decklink][  46: 2160p59.94 (3840x2160, flags=Rec709)]
[info][2026-07-29 13:27:52.066][decklink][  47: 2160p60 (3840x2160, flags=Rec709)]
[info][2026-07-29 13:27:52.066][decklink][  48: 2160p95.90 (3840x2160, flags=Rec709)]
[info][2026-07-29 13:27:52.066][decklink][  49: 2160p96 (3840x2160, flags=Rec709)]
[info][2026-07-29 13:27:52.066][decklink][  50: 2160p100 (3840x2160, flags=Rec709)]
[info][2026-07-29 13:27:52.066][decklink][  51: 2160p119.88 (3840x2160, flags=Rec709)]
[info][2026-07-29 13:27:52.066][decklink][  52: 2160p120 (3840x2160, flags=Rec709)]
[info][2026-07-29 13:27:52.066][decklink][  53: 4Kp23.98 DCI (4096x2160, flags=Rec709)]
[info][2026-07-29 13:27:52.066][decklink][  54: 4Kp24 DCI (4096x2160, flags=Rec709)]
[info][2026-07-29 13:27:52.066][decklink][  55: 4Kp25 DCI (4096x2160, flags=Rec709)]
[info][2026-07-29 13:27:52.066][decklink][  56: 4Kp29.97 DCI (4096x2160, flags=Rec709)]
[info][2026-07-29 13:27:52.066][decklink][  57: 4Kp30 DCI (4096x2160, flags=Rec709)]
[info][2026-07-29 13:27:52.066][decklink][  58: 4Kp47.95 DCI (4096x2160, flags=Rec709)]
[info][2026-07-29 13:27:52.066][decklink][  59: 4Kp48 DCI (4096x2160, flags=Rec709)]
[info][2026-07-29 13:27:52.066][decklink][  60: 4Kp50 DCI (4096x2160, flags=Rec709)]
[info][2026-07-29 13:27:52.066][decklink][  61: 4Kp59.94 DCI (4096x2160, flags=Rec709)]
[info][2026-07-29 13:27:52.066][decklink][  62: 4Kp60 DCI (4096x2160, flags=Rec709)]
[info][2026-07-29 13:27:52.066][decklink][  63: 4Kp95.90 DCI (4096x2160, flags=Rec709)]
[info][2026-07-29 13:27:52.066][decklink][  64: 4Kp96 DCI (4096x2160, flags=Rec709)]
[info][2026-07-29 13:27:52.066][decklink][  65: 4Kp100 DCI (4096x2160, flags=Rec709)]
[info][2026-07-29 13:27:52.066][decklink][  66: 4Kp119.88 DCI (4096x2160, flags=Rec709)]
[info][2026-07-29 13:27:52.066][decklink][  67: 4Kp120 DCI (4096x2160, flags=Rec709)]
[info][2026-07-29 13:27:52.066][decklink][  68: 4320p23.98 (7680x4320, flags=Rec709)]
[info][2026-07-29 13:27:52.066][decklink][  69: 4320p24 (7680x4320, flags=Rec709)]
[info][2026-07-29 13:27:52.066][decklink][  70: 4320p25 (7680x4320, flags=Rec709)]
[info][2026-07-29 13:27:52.066][decklink][  71: 4320p29.97 (7680x4320, flags=Rec709)]
[info][2026-07-29 13:27:52.066][decklink][  72: 4320p30 (7680x4320, flags=Rec709)]
[info][2026-07-29 13:27:52.066][decklink][  73: 4320p47.95 (7680x4320, flags=Rec709)]
[info][2026-07-29 13:27:52.066][decklink][  74: 4320p48 (7680x4320, flags=Rec709)]
[info][2026-07-29 13:27:52.066][decklink][  75: 4320p50 (7680x4320, flags=Rec709)]
[info][2026-07-29 13:27:52.066][decklink][  76: 4320p59.94 (7680x4320, flags=Rec709)]
[info][2026-07-29 13:27:52.066][decklink][  77: 4320p60 (7680x4320, flags=Rec709)]
[info][2026-07-29 13:27:52.066][decklink][  78: 8Kp23.98 DCI (8192x4320, flags=Rec709)]
[info][2026-07-29 13:27:52.066][decklink][  79: 8Kp24 DCI (8192x4320, flags=Rec709)]
[info][2026-07-29 13:27:52.066][decklink][  80: 8Kp25 DCI (8192x4320, flags=Rec709)]
[info][2026-07-29 13:27:52.066][decklink][  81: 8Kp29.97 DCI (8192x4320, flags=Rec709)]
[info][2026-07-29 13:27:52.066][decklink][  82: 8Kp30 DCI (8192x4320, flags=Rec709)]
[info][2026-07-29 13:27:52.066][decklink][  83: 8Kp47.95 DCI (8192x4320, flags=Rec709)]
[info][2026-07-29 13:27:52.066][decklink][  84: 8Kp48 DCI (8192x4320, flags=Rec709)]
[info][2026-07-29 13:27:52.066][decklink][  85: 8Kp50 DCI (8192x4320, flags=Rec709)]
[info][2026-07-29 13:27:52.066][decklink][  86: 8Kp59.94 DCI (8192x4320, flags=Rec709)]
[info][2026-07-29 13:27:52.066][decklink][  87: 8Kp60 DCI (8192x4320, flags=Rec709)]
[info][2026-07-29 13:27:52.066][decklink][Waiting for input signal detection...]
[info][2026-07-29 13:27:52.078][decklink][Video input enabled with automatic format detection]
[info][2026-07-29 13:27:52.078][decklink][Capture started (UYVY 4:2:2)]
[info][2026-07-29 13:27:52.354][decklink][Video input format changed events=0x5, mode=1080i50, flags=Rec709, detected=YCbCr422, 10Bit (0x11)]
[info][2026-07-29 13:27:52.354][decklink][Video format changed: 1080i50]
[info][2026-07-29 13:27:53.412][decklink][Capture stopped]
[info][2026-07-29 13:27:53.437][decklink][Video input enabled with mode: 1080i50]
[info][2026-07-29 13:27:53.437][decklink][Capture started (UYVY 4:2:2)]
[info][2026-07-29 13:27:53.547][decklink][Video input format changed events=0x4, mode=1080i50, flags=Rec709, detected=YCbCr422, 10Bit (0x11)]
[info][2026-07-29 13:32:59.277][decklink][Output 1080i50 (matching input, no decimator needed)]
[info][2026-07-29 13:32:59.307][decklink][[Output 0] DeckLink 8K Pro (1) / DeckLink 8K Pro (subDevice=0, profile=0x34646864, duplex=0x64786861, ioSupport=0x3, outConns=0x1, busy=0x1)]
[info][2026-07-29 13:32:59.307][decklink][[Output 1] DeckLink 8K Pro (2) / DeckLink 8K Pro (subDevice=1, profile=0x34646864, duplex=0x64786861, ioSupport=0x3, outConns=0x1, busy=0x2)]
[info][2026-07-29 13:32:59.307][decklink][[Output 2] DeckLink 8K Pro (3) / DeckLink 8K Pro (subDevice=2, profile=0x34646864, duplex=0x64786861, ioSupport=0x3, outConns=0x1, busy=0x1)]
[info][2026-07-29 13:32:59.307][decklink][[Output 3] DeckLink 8K Pro (4) / DeckLink 8K Pro (subDevice=3, profile=0x34646864, duplex=0x64786861, ioSupport=0x3, outConns=0x1, busy=0x0)]
[info][2026-07-29 13:32:59.307][decklink][[Output 1] Selected output connection: SDI]
[error][2026-07-29 13:32:59.308][decklink][[Output 1] EnableVideoOutput failed (mode=1080i50, conn=1, hr=0x-7ffffff7)]
[warning][2026-07-29 13:32:59.308][decklink][Requested output index 1 failed; trying fallback output index 2]
[warning][2026-07-29 13:32:59.308][decklink][[Output 2] Device reports CAPTURE busy (busy=0x1). If this is the same connector as input, output may fail in half-duplex mode.]
[info][2026-07-29 13:32:59.308][decklink][[Output 2] Selected output connection: SDI]
[error][2026-07-29 13:32:59.310][decklink][[Output 2] EnableVideoOutput failed (mode=1080i50, conn=1, hr=0x-7ffffff8)]
[warning][2026-07-29 13:32:59.310][decklink][Requested output index 1 failed; trying fallback output index 3]
[info][2026-07-29 13:32:59.310][decklink][[Output 3] Selected output connection: SDI]
[info][2026-07-29 13:32:59.312][decklink][Successfully initialized DeckLink output on output index 3 with mode: 1080i50]
[info][2026-07-29 13:32:59.312][decklink][]
[info][2026-07-29 13:32:59.312][decklink][═══════════════════════════════════════════════════════════]
[info][2026-07-29 13:32:59.312][decklink][  CHECKING OUTPUT GENLOCK STATUS]
[info][2026-07-29 13:32:59.312][decklink][═══════════════════════════════════════════════════════════]
[info][2026-07-29 13:32:59.312][decklink][Output device supports genlock - will sync to reference input]
[info][2026-07-29 13:32:59.312][decklink][Output genlock status: Unlocked - Genlock reference lock has not been achieved]
[info][2026-07-29 13:32:59.312][decklink][]
[warning][2026-07-29 13:32:59.312][decklink][Output is not locked to genlock reference. Waiting for lock...]
[warning][2026-07-29 13:33:04.318][decklink][Output genlock reference lock timeout. Output may not be synchronized.]
[warning][2026-07-29 13:33:04.318][decklink][Genlock: UNLOCKED | CHECK BMD APP]
[info][2026-07-29 13:33:04.318][decklink][DeckLink scheduled playback enabled (1920x1080, duration=1000, scale=25000)]
[info][2026-07-29 13:35:29.167][decklink][Capture stopped]
[info][2026-07-29 13:35:31.516][decklink][Configuring DeckLink input capture settings...]
[info][2026-07-29 13:35:31.516][decklink][Device supports genlock reference input]
[info][2026-07-29 13:35:31.516][decklink][Available display modes:]
[info][2026-07-29 13:35:31.516][decklink][  0: 525i59.94 NTSC (720x486, flags=Rec601)]
[info][2026-07-29 13:35:31.516][decklink][  1: 625i50 PAL (720x576, flags=Rec601)]
[info][2026-07-29 13:35:31.516][decklink][  2: 1080p23.98 (1920x1080, flags=Rec709)]
[info][2026-07-29 13:35:31.516][decklink][  3: 1080p24 (1920x1080, flags=Rec709)]
[info][2026-07-29 13:35:31.516][decklink][  4: 1080p25 (1920x1080, flags=Rec709)]
[info][2026-07-29 13:35:31.516][decklink][  5: 1080p29.97 (1920x1080, flags=Rec709)]
[info][2026-07-29 13:35:31.516][decklink][  6: 1080p30 (1920x1080, flags=Rec709)]
[info][2026-07-29 13:35:31.516][decklink][  7: 1080p47.95 (1920x1080, flags=Rec709)]
[info][2026-07-29 13:35:31.516][decklink][  8: 1080p48 (1920x1080, flags=Rec709)]
[info][2026-07-29 13:35:31.516][decklink][  9: 1080p50 (1920x1080, flags=Rec709)]
[info][2026-07-29 13:35:31.516][decklink][  10: 1080p59.94 (1920x1080, flags=Rec709)]
[info][2026-07-29 13:35:31.516][decklink][  11: 1080p60 (1920x1080, flags=Rec709)]
[info][2026-07-29 13:35:31.516][decklink][  12: 1080p95.90 (1920x1080, flags=Rec709)]
[info][2026-07-29 13:35:31.516][decklink][  13: 1080p96 (1920x1080, flags=Rec709)]
[info][2026-07-29 13:35:31.516][decklink][  14: 1080p100 (1920x1080, flags=Rec709)]
[info][2026-07-29 13:35:31.516][decklink][  15: 1080p119.88 (1920x1080, flags=Rec709)]
[info][2026-07-29 13:35:31.516][decklink][  16: 1080p120 (1920x1080, flags=Rec709)]
[info][2026-07-29 13:35:31.516][decklink][  17: 1080i50 (1920x1080, flags=Rec709)]
[info][2026-07-29 13:35:31.516][decklink][  18: 1080i59.94 (1920x1080, flags=Rec709)]
[info][2026-07-29 13:35:31.516][decklink][  19: 1080i60 (1920x1080, flags=Rec709)]
[info][2026-07-29 13:35:31.516][decklink][  20: 720p50 (1280x720, flags=Rec709)]
[info][2026-07-29 13:35:31.516][decklink][  21: 720p59.94 (1280x720, flags=Rec709)]
[info][2026-07-29 13:35:31.516][decklink][  22: 720p60 (1280x720, flags=Rec709)]
[info][2026-07-29 13:35:31.516][decklink][  23: 2Kp23.98 DCI (2048x1080, flags=Rec709)]
[info][2026-07-29 13:35:31.516][decklink][  24: 2Kp24 DCI (2048x1080, flags=Rec709)]
[info][2026-07-29 13:35:31.516][decklink][  25: 2Kp25 DCI (2048x1080, flags=Rec709)]
[info][2026-07-29 13:35:31.516][decklink][  26: 2Kp29.97 DCI (2048x1080, flags=Rec709)]
[info][2026-07-29 13:35:31.516][decklink][  27: 2Kp30 DCI (2048x1080, flags=Rec709)]
[info][2026-07-29 13:35:31.516][decklink][  28: 2Kp47.95 DCI (2048x1080, flags=Rec709)]
[info][2026-07-29 13:35:31.516][decklink][  29: 2Kp48 DCI (2048x1080, flags=Rec709)]
[info][2026-07-29 13:35:31.516][decklink][  30: 2Kp50 DCI (2048x1080, flags=Rec709)]
[info][2026-07-29 13:35:31.516][decklink][  31: 2Kp59.94 DCI (2048x1080, flags=Rec709)]
[info][2026-07-29 13:35:31.516][decklink][  32: 2Kp60 DCI (2048x1080, flags=Rec709)]
[info][2026-07-29 13:35:31.516][decklink][  33: 2Kp95.90 DCI (2048x1080, flags=Rec709)]
[info][2026-07-29 13:35:31.516][decklink][  34: 2Kp96 DCI (2048x1080, flags=Rec709)]
[info][2026-07-29 13:35:31.516][decklink][  35: 2Kp100 DCI (2048x1080, flags=Rec709)]
[info][2026-07-29 13:35:31.516][decklink][  36: 2Kp119.88 DCI (2048x1080, flags=Rec709)]
[info][2026-07-29 13:35:31.516][decklink][  37: 2Kp120 DCI (2048x1080, flags=Rec709)]
[info][2026-07-29 13:35:31.516][decklink][  38: 2160p23.98 (3840x2160, flags=Rec709)]
[info][2026-07-29 13:35:31.516][decklink][  39: 2160p24 (3840x2160, flags=Rec709)]
[info][2026-07-29 13:35:31.516][decklink][  40: 2160p25 (3840x2160, flags=Rec709)]
[info][2026-07-29 13:35:31.516][decklink][  41: 2160p29.97 (3840x2160, flags=Rec709)]
[info][2026-07-29 13:35:31.516][decklink][  42: 2160p30 (3840x2160, flags=Rec709)]
[info][2026-07-29 13:35:31.516][decklink][  43: 2160p47.95 (3840x2160, flags=Rec709)]
[info][2026-07-29 13:35:31.516][decklink][  44: 2160p48 (3840x2160, flags=Rec709)]
[info][2026-07-29 13:35:31.516][decklink][  45: 2160p50 (3840x2160, flags=Rec709)]
[info][2026-07-29 13:35:31.516][decklink][  46: 2160p59.94 (3840x2160, flags=Rec709)]
[info][2026-07-29 13:35:31.516][decklink][  47: 2160p60 (3840x2160, flags=Rec709)]
[info][2026-07-29 13:35:31.516][decklink][  48: 2160p95.90 (3840x2160, flags=Rec709)]
[info][2026-07-29 13:35:31.516][decklink][  49: 2160p96 (3840x2160, flags=Rec709)]
[info][2026-07-29 13:35:31.516][decklink][  50: 2160p100 (3840x2160, flags=Rec709)]
[info][2026-07-29 13:35:31.516][decklink][  51: 2160p119.88 (3840x2160, flags=Rec709)]
[info][2026-07-29 13:35:31.516][decklink][  52: 2160p120 (3840x2160, flags=Rec709)]
[info][2026-07-29 13:35:31.516][decklink][  53: 4Kp23.98 DCI (4096x2160, flags=Rec709)]
[info][2026-07-29 13:35:31.516][decklink][  54: 4Kp24 DCI (4096x2160, flags=Rec709)]
[info][2026-07-29 13:35:31.516][decklink][  55: 4Kp25 DCI (4096x2160, flags=Rec709)]
[info][2026-07-29 13:35:31.516][decklink][  56: 4Kp29.97 DCI (4096x2160, flags=Rec709)]
[info][2026-07-29 13:35:31.516][decklink][  57: 4Kp30 DCI (4096x2160, flags=Rec709)]
[info][2026-07-29 13:35:31.516][decklink][  58: 4Kp47.95 DCI (4096x2160, flags=Rec709)]
[info][2026-07-29 13:35:31.516][decklink][  59: 4Kp48 DCI (4096x2160, flags=Rec709)]
[info][2026-07-29 13:35:31.516][decklink][  60: 4Kp50 DCI (4096x2160, flags=Rec709)]
[info][2026-07-29 13:35:31.516][decklink][  61: 4Kp59.94 DCI (4096x2160, flags=Rec709)]
[info][2026-07-29 13:35:31.516][decklink][  62: 4Kp60 DCI (4096x2160, flags=Rec709)]
[info][2026-07-29 13:35:31.516][decklink][  63: 4Kp95.90 DCI (4096x2160, flags=Rec709)]
[info][2026-07-29 13:35:31.516][decklink][  64: 4Kp96 DCI (4096x2160, flags=Rec709)]
[info][2026-07-29 13:35:31.516][decklink][  65: 4Kp100 DCI (4096x2160, flags=Rec709)]
[info][2026-07-29 13:35:31.516][decklink][  66: 4Kp119.88 DCI (4096x2160, flags=Rec709)]
[info][2026-07-29 13:35:31.516][decklink][  67: 4Kp120 DCI (4096x2160, flags=Rec709)]
[info][2026-07-29 13:35:31.516][decklink][  68: 4320p23.98 (7680x4320, flags=Rec709)]
[info][2026-07-29 13:35:31.516][decklink][  69: 4320p24 (7680x4320, flags=Rec709)]
[info][2026-07-29 13:35:31.516][decklink][  70: 4320p25 (7680x4320, flags=Rec709)]
[info][2026-07-29 13:35:31.516][decklink][  71: 4320p29.97 (7680x4320, flags=Rec709)]
[info][2026-07-29 13:35:31.516][decklink][  72: 4320p30 (7680x4320, flags=Rec709)]
[info][2026-07-29 13:35:31.516][decklink][  73: 4320p47.95 (7680x4320, flags=Rec709)]
[info][2026-07-29 13:35:31.516][decklink][  74: 4320p48 (7680x4320, flags=Rec709)]
[info][2026-07-29 13:35:31.516][decklink][  75: 4320p50 (7680x4320, flags=Rec709)]
[info][2026-07-29 13:35:31.516][decklink][  76: 4320p59.94 (7680x4320, flags=Rec709)]
[info][2026-07-29 13:35:31.516][decklink][  77: 4320p60 (7680x4320, flags=Rec709)]
[info][2026-07-29 13:35:31.516][decklink][  78: 8Kp23.98 DCI (8192x4320, flags=Rec709)]
[info][2026-07-29 13:35:31.516][decklink][  79: 8Kp24 DCI (8192x4320, flags=Rec709)]
[info][2026-07-29 13:35:31.516][decklink][  80: 8Kp25 DCI (8192x4320, flags=Rec709)]
[info][2026-07-29 13:35:31.516][decklink][  81: 8Kp29.97 DCI (8192x4320, flags=Rec709)]
[info][2026-07-29 13:35:31.516][decklink][  82: 8Kp30 DCI (8192x4320, flags=Rec709)]
[info][2026-07-29 13:35:31.516][decklink][  83: 8Kp47.95 DCI (8192x4320, flags=Rec709)]
[info][2026-07-29 13:35:31.516][decklink][  84: 8Kp48 DCI (8192x4320, flags=Rec709)]
[info][2026-07-29 13:35:31.516][decklink][  85: 8Kp50 DCI (8192x4320, flags=Rec709)]
[info][2026-07-29 13:35:31.516][decklink][  86: 8Kp59.94 DCI (8192x4320, flags=Rec709)]
[info][2026-07-29 13:35:31.516][decklink][  87: 8Kp60 DCI (8192x4320, flags=Rec709)]
[info][2026-07-29 13:35:31.516][decklink][Waiting for input signal detection...]
[info][2026-07-29 13:35:31.529][decklink][Video input enabled with automatic format detection]
[info][2026-07-29 13:35:31.529][decklink][Capture started (UYVY 4:2:2)]
[info][2026-07-29 13:35:31.601][decklink][Video input format changed events=0x5, mode=1080i50, flags=Rec709, detected=YCbCr422, 10Bit (0x11)]
[info][2026-07-29 13:35:31.601][decklink][Video format changed: 1080i50]
[info][2026-07-29 13:38:39.000][decklink][Configuring DeckLink input capture settings...]
[info][2026-07-29 13:38:39.000][decklink][Device supports genlock reference input]
[info][2026-07-29 13:38:39.000][decklink][Available display modes:]
[info][2026-07-29 13:38:39.000][decklink][  0: 525i59.94 NTSC (720x486, flags=Rec601)]
[info][2026-07-29 13:38:39.000][decklink][  1: 625i50 PAL (720x576, flags=Rec601)]
[info][2026-07-29 13:38:39.000][decklink][  2: 1080p23.98 (1920x1080, flags=Rec709)]
[info][2026-07-29 13:38:39.000][decklink][  3: 1080p24 (1920x1080, flags=Rec709)]
[info][2026-07-29 13:38:39.000][decklink][  4: 1080p25 (1920x1080, flags=Rec709)]
[info][2026-07-29 13:38:39.000][decklink][  5: 1080p29.97 (1920x1080, flags=Rec709)]
[info][2026-07-29 13:38:39.000][decklink][  6: 1080p30 (1920x1080, flags=Rec709)]
[info][2026-07-29 13:38:39.000][decklink][  7: 1080p47.95 (1920x1080, flags=Rec709)]
[info][2026-07-29 13:38:39.000][decklink][  8: 1080p48 (1920x1080, flags=Rec709)]
[info][2026-07-29 13:38:39.000][decklink][  9: 1080p50 (1920x1080, flags=Rec709)]
[info][2026-07-29 13:38:39.000][decklink][  10: 1080p59.94 (1920x1080, flags=Rec709)]
[info][2026-07-29 13:38:39.000][decklink][  11: 1080p60 (1920x1080, flags=Rec709)]
[info][2026-07-29 13:38:39.000][decklink][  12: 1080p95.90 (1920x1080, flags=Rec709)]
[info][2026-07-29 13:38:39.000][decklink][  13: 1080p96 (1920x1080, flags=Rec709)]
[info][2026-07-29 13:38:39.000][decklink][  14: 1080p100 (1920x1080, flags=Rec709)]
[info][2026-07-29 13:38:39.000][decklink][  15: 1080p119.88 (1920x1080, flags=Rec709)]
[info][2026-07-29 13:38:39.000][decklink][  16: 1080p120 (1920x1080, flags=Rec709)]
[info][2026-07-29 13:38:39.000][decklink][  17: 1080i50 (1920x1080, flags=Rec709)]
[info][2026-07-29 13:38:39.000][decklink][  18: 1080i59.94 (1920x1080, flags=Rec709)]
[info][2026-07-29 13:38:39.000][decklink][  19: 1080i60 (1920x1080, flags=Rec709)]
[info][2026-07-29 13:38:39.000][decklink][  20: 720p50 (1280x720, flags=Rec709)]
[info][2026-07-29 13:38:39.000][decklink][  21: 720p59.94 (1280x720, flags=Rec709)]
[info][2026-07-29 13:38:39.000][decklink][  22: 720p60 (1280x720, flags=Rec709)]
[info][2026-07-29 13:38:39.000][decklink][  23: 2Kp23.98 DCI (2048x1080, flags=Rec709)]
[info][2026-07-29 13:38:39.000][decklink][  24: 2Kp24 DCI (2048x1080, flags=Rec709)]
[info][2026-07-29 13:38:39.000][decklink][  25: 2Kp25 DCI (2048x1080, flags=Rec709)]
[info][2026-07-29 13:38:39.000][decklink][  26: 2Kp29.97 DCI (2048x1080, flags=Rec709)]
[info][2026-07-29 13:38:39.000][decklink][  27: 2Kp30 DCI (2048x1080, flags=Rec709)]
[info][2026-07-29 13:38:39.000][decklink][  28: 2Kp47.95 DCI (2048x1080, flags=Rec709)]
[info][2026-07-29 13:38:39.000][decklink][  29: 2Kp48 DCI (2048x1080, flags=Rec709)]
[info][2026-07-29 13:38:39.000][decklink][  30: 2Kp50 DCI (2048x1080, flags=Rec709)]
[info][2026-07-29 13:38:39.000][decklink][  31: 2Kp59.94 DCI (2048x1080, flags=Rec709)]
[info][2026-07-29 13:38:39.000][decklink][  32: 2Kp60 DCI (2048x1080, flags=Rec709)]
[info][2026-07-29 13:38:39.000][decklink][  33: 2Kp95.90 DCI (2048x1080, flags=Rec709)]
[info][2026-07-29 13:38:39.000][decklink][  34: 2Kp96 DCI (2048x1080, flags=Rec709)]
[info][2026-07-29 13:38:39.001][decklink][  35: 2Kp100 DCI (2048x1080, flags=Rec709)]
[info][2026-07-29 13:38:39.001][decklink][  36: 2Kp119.88 DCI (2048x1080, flags=Rec709)]
[info][2026-07-29 13:38:39.001][decklink][  37: 2Kp120 DCI (2048x1080, flags=Rec709)]
[info][2026-07-29 13:38:39.001][decklink][  38: 2160p23.98 (3840x2160, flags=Rec709)]
[info][2026-07-29 13:38:39.001][decklink][  39: 2160p24 (3840x2160, flags=Rec709)]
[info][2026-07-29 13:38:39.001][decklink][  40: 2160p25 (3840x2160, flags=Rec709)]
[info][2026-07-29 13:38:39.001][decklink][  41: 2160p29.97 (3840x2160, flags=Rec709)]
[info][2026-07-29 13:38:39.001][decklink][  42: 2160p30 (3840x2160, flags=Rec709)]
[info][2026-07-29 13:38:39.001][decklink][  43: 2160p47.95 (3840x2160, flags=Rec709)]
[info][2026-07-29 13:38:39.001][decklink][  44: 2160p48 (3840x2160, flags=Rec709)]
[info][2026-07-29 13:38:39.001][decklink][  45: 2160p50 (3840x2160, flags=Rec709)]
[info][2026-07-29 13:38:39.001][decklink][  46: 2160p59.94 (3840x2160, flags=Rec709)]
[info][2026-07-29 13:38:39.001][decklink][  47: 2160p60 (3840x2160, flags=Rec709)]
[info][2026-07-29 13:38:39.001][decklink][  48: 2160p95.90 (3840x2160, flags=Rec709)]
[info][2026-07-29 13:38:39.001][decklink][  49: 2160p96 (3840x2160, flags=Rec709)]
[info][2026-07-29 13:38:39.001][decklink][  50: 2160p100 (3840x2160, flags=Rec709)]
[info][2026-07-29 13:38:39.001][decklink][  51: 2160p119.88 (3840x2160, flags=Rec709)]
[info][2026-07-29 13:38:39.001][decklink][  52: 2160p120 (3840x2160, flags=Rec709)]
[info][2026-07-29 13:38:39.001][decklink][  53: 4Kp23.98 DCI (4096x2160, flags=Rec709)]
[info][2026-07-29 13:38:39.001][decklink][  54: 4Kp24 DCI (4096x2160, flags=Rec709)]
[info][2026-07-29 13:38:39.001][decklink][  55: 4Kp25 DCI (4096x2160, flags=Rec709)]
[info][2026-07-29 13:38:39.001][decklink][  56: 4Kp29.97 DCI (4096x2160, flags=Rec709)]
[info][2026-07-29 13:38:39.001][decklink][  57: 4Kp30 DCI (4096x2160, flags=Rec709)]
[info][2026-07-29 13:38:39.001][decklink][  58: 4Kp47.95 DCI (4096x2160, flags=Rec709)]
[info][2026-07-29 13:38:39.001][decklink][  59: 4Kp48 DCI (4096x2160, flags=Rec709)]
[info][2026-07-29 13:38:39.001][decklink][  60: 4Kp50 DCI (4096x2160, flags=Rec709)]
[info][2026-07-29 13:38:39.001][decklink][  61: 4Kp59.94 DCI (4096x2160, flags=Rec709)]
[info][2026-07-29 13:38:39.001][decklink][  62: 4Kp60 DCI (4096x2160, flags=Rec709)]
[info][2026-07-29 13:38:39.001][decklink][  63: 4Kp95.90 DCI (4096x2160, flags=Rec709)]
[info][2026-07-29 13:38:39.001][decklink][  64: 4Kp96 DCI (4096x2160, flags=Rec709)]
[info][2026-07-29 13:38:39.001][decklink][  65: 4Kp100 DCI (4096x2160, flags=Rec709)]
[info][2026-07-29 13:38:39.001][decklink][  66: 4Kp119.88 DCI (4096x2160, flags=Rec709)]
[info][2026-07-29 13:38:39.001][decklink][  67: 4Kp120 DCI (4096x2160, flags=Rec709)]
[info][2026-07-29 13:38:39.001][decklink][  68: 4320p23.98 (7680x4320, flags=Rec709)]
[info][2026-07-29 13:38:39.001][decklink][  69: 4320p24 (7680x4320, flags=Rec709)]
[info][2026-07-29 13:38:39.001][decklink][  70: 4320p25 (7680x4320, flags=Rec709)]
[info][2026-07-29 13:38:39.001][decklink][  71: 4320p29.97 (7680x4320, flags=Rec709)]
[info][2026-07-29 13:38:39.001][decklink][  72: 4320p30 (7680x4320, flags=Rec709)]
[info][2026-07-29 13:38:39.001][decklink][  73: 4320p47.95 (7680x4320, flags=Rec709)]
[info][2026-07-29 13:38:39.001][decklink][  74: 4320p48 (7680x4320, flags=Rec709)]
[info][2026-07-29 13:38:39.001][decklink][  75: 4320p50 (7680x4320, flags=Rec709)]
[info][2026-07-29 13:38:39.001][decklink][  76: 4320p59.94 (7680x4320, flags=Rec709)]
[info][2026-07-29 13:38:39.001][decklink][  77: 4320p60 (7680x4320, flags=Rec709)]
[info][2026-07-29 13:38:39.001][decklink][  78: 8Kp23.98 DCI (8192x4320, flags=Rec709)]
[info][2026-07-29 13:38:39.001][decklink][  79: 8Kp24 DCI (8192x4320, flags=Rec709)]
[info][2026-07-29 13:38:39.001][decklink][  80: 8Kp25 DCI (8192x4320, flags=Rec709)]
[info][2026-07-29 13:38:39.001][decklink][  81: 8Kp29.97 DCI (8192x4320, flags=Rec709)]
[info][2026-07-29 13:38:39.001][decklink][  82: 8Kp30 DCI (8192x4320, flags=Rec709)]
[info][2026-07-29 13:38:39.001][decklink][  83: 8Kp47.95 DCI (8192x4320, flags=Rec709)]
[info][2026-07-29 13:38:39.001][decklink][  84: 8Kp48 DCI (8192x4320, flags=Rec709)]
[info][2026-07-29 13:38:39.001][decklink][  85: 8Kp50 DCI (8192x4320, flags=Rec709)]
[info][2026-07-29 13:38:39.001][decklink][  86: 8Kp59.94 DCI (8192x4320, flags=Rec709)]
[info][2026-07-29 13:38:39.001][decklink][  87: 8Kp60 DCI (8192x4320, flags=Rec709)]
[info][2026-07-29 13:38:39.001][decklink][Waiting for input signal detection...]
[info][2026-07-29 13:38:39.013][decklink][Video input enabled with automatic format detection]
[info][2026-07-29 13:38:39.013][decklink][Capture started (UYVY 4:2:2)]
[info][2026-07-29 13:38:39.246][decklink][Video input format changed events=0x5, mode=1080i50, flags=Rec709, detected=YCbCr422, 10Bit (0x11)]
[info][2026-07-29 13:38:39.246][decklink][Video format changed: 1080i50]
[info][2026-07-29 13:38:40.260][decklink][Capture stopped]
[info][2026-07-29 13:38:40.284][decklink][Video input enabled with mode: 1080i50]
[info][2026-07-29 13:38:40.284][decklink][Capture started (UYVY 4:2:2)]
[info][2026-07-29 13:38:40.390][decklink][Video input format changed events=0x4, mode=1080i50, flags=Rec709, detected=YCbCr422, 10Bit (0x11)]
[info][2026-07-29 13:39:17.049][decklink][Output 1080i50 (matching input, no decimator needed)]
[info][2026-07-29 13:39:17.075][decklink][[Output 0] DeckLink 8K Pro (1) / DeckLink 8K Pro (subDevice=0, profile=0x34646864, duplex=0x64786861, ioSupport=0x3, outConns=0x1, busy=0x1)]
[info][2026-07-29 13:39:17.075][decklink][[Output 1] DeckLink 8K Pro (2) / DeckLink 8K Pro (subDevice=1, profile=0x34646864, duplex=0x64786861, ioSupport=0x3, outConns=0x1, busy=0x2)]
[info][2026-07-29 13:39:17.075][decklink][[Output 2] DeckLink 8K Pro (3) / DeckLink 8K Pro (subDevice=2, profile=0x34646864, duplex=0x64786861, ioSupport=0x3, outConns=0x1, busy=0x2)]
[info][2026-07-29 13:39:17.075][decklink][[Output 3] DeckLink 8K Pro (4) / DeckLink 8K Pro (subDevice=3, profile=0x34646864, duplex=0x64786861, ioSupport=0x3, outConns=0x1, busy=0x0)]
[info][2026-07-29 13:39:17.075][decklink][[Output 1] Selected output connection: SDI]
[error][2026-07-29 13:39:17.077][decklink][[Output 1] EnableVideoOutput failed (mode=1080i50, conn=1, hr=0x-7ffffff7)]
[warning][2026-07-29 13:39:17.077][decklink][Requested output index 1 failed; trying fallback output index 2]
[info][2026-07-29 13:39:17.077][decklink][[Output 2] Selected output connection: SDI]
[error][2026-07-29 13:39:17.078][decklink][[Output 2] EnableVideoOutput failed (mode=1080i50, conn=1, hr=0x-7ffffff7)]
[warning][2026-07-29 13:39:17.078][decklink][Requested output index 1 failed; trying fallback output index 3]
[info][2026-07-29 13:39:17.078][decklink][[Output 3] Selected output connection: SDI]
[info][2026-07-29 13:39:17.080][decklink][Successfully initialized DeckLink output on output index 3 with mode: 1080i50]
[info][2026-07-29 13:39:17.080][decklink][]
[info][2026-07-29 13:39:17.080][decklink][═══════════════════════════════════════════════════════════]
[info][2026-07-29 13:39:17.080][decklink][  CHECKING OUTPUT GENLOCK STATUS]
[info][2026-07-29 13:39:17.080][decklink][═══════════════════════════════════════════════════════════]
[info][2026-07-29 13:39:17.080][decklink][Output device supports genlock - will sync to reference input]
[info][2026-07-29 13:39:17.080][decklink][Output genlock status: Unlocked - Genlock reference lock has not been achieved]
[info][2026-07-29 13:39:17.080][decklink][]
[warning][2026-07-29 13:39:17.080][decklink][Output is not locked to genlock reference. Waiting for lock...]
[warning][2026-07-29 13:39:22.085][decklink][Output genlock reference lock timeout. Output may not be synchronized.]
[warning][2026-07-29 13:39:22.085][decklink][Genlock: UNLOCKED | CHECK BMD APP]
[info][2026-07-29 13:39:22.086][decklink][DeckLink scheduled playback enabled (1920x1080, duration=1000, scale=25000)]
[info][2026-07-29 13:39:58.128][decklink][Capture stopped]
[info][2026-07-29 13:40:01.117][decklink][Configuring DeckLink input capture settings...]
[info][2026-07-29 13:40:01.117][decklink][Device supports genlock reference input]
[info][2026-07-29 13:40:01.117][decklink][Available display modes:]
[info][2026-07-29 13:40:01.117][decklink][  0: 525i59.94 NTSC (720x486, flags=Rec601)]
[info][2026-07-29 13:40:01.117][decklink][  1: 625i50 PAL (720x576, flags=Rec601)]
[info][2026-07-29 13:40:01.117][decklink][  2: 1080p23.98 (1920x1080, flags=Rec709)]
[info][2026-07-29 13:40:01.117][decklink][  3: 1080p24 (1920x1080, flags=Rec709)]
[info][2026-07-29 13:40:01.117][decklink][  4: 1080p25 (1920x1080, flags=Rec709)]
[info][2026-07-29 13:40:01.117][decklink][  5: 1080p29.97 (1920x1080, flags=Rec709)]
[info][2026-07-29 13:40:01.117][decklink][  6: 1080p30 (1920x1080, flags=Rec709)]
[info][2026-07-29 13:40:01.117][decklink][  7: 1080p47.95 (1920x1080, flags=Rec709)]
[info][2026-07-29 13:40:01.117][decklink][  8: 1080p48 (1920x1080, flags=Rec709)]
[info][2026-07-29 13:40:01.117][decklink][  9: 1080p50 (1920x1080, flags=Rec709)]
[info][2026-07-29 13:40:01.117][decklink][  10: 1080p59.94 (1920x1080, flags=Rec709)]
[info][2026-07-29 13:40:01.117][decklink][  11: 1080p60 (1920x1080, flags=Rec709)]
[info][2026-07-29 13:40:01.117][decklink][  12: 1080p95.90 (1920x1080, flags=Rec709)]
[info][2026-07-29 13:40:01.117][decklink][  13: 1080p96 (1920x1080, flags=Rec709)]
[info][2026-07-29 13:40:01.117][decklink][  14: 1080p100 (1920x1080, flags=Rec709)]
[info][2026-07-29 13:40:01.117][decklink][  15: 1080p119.88 (1920x1080, flags=Rec709)]
[info][2026-07-29 13:40:01.117][decklink][  16: 1080p120 (1920x1080, flags=Rec709)]
[info][2026-07-29 13:40:01.118][decklink][  17: 1080i50 (1920x1080, flags=Rec709)]
[info][2026-07-29 13:40:01.118][decklink][  18: 1080i59.94 (1920x1080, flags=Rec709)]
[info][2026-07-29 13:40:01.118][decklink][  19: 1080i60 (1920x1080, flags=Rec709)]
[info][2026-07-29 13:40:01.118][decklink][  20: 720p50 (1280x720, flags=Rec709)]
[info][2026-07-29 13:40:01.118][decklink][  21: 720p59.94 (1280x720, flags=Rec709)]
[info][2026-07-29 13:40:01.118][decklink][  22: 720p60 (1280x720, flags=Rec709)]
[info][2026-07-29 13:40:01.118][decklink][  23: 2Kp23.98 DCI (2048x1080, flags=Rec709)]
[info][2026-07-29 13:40:01.118][decklink][  24: 2Kp24 DCI (2048x1080, flags=Rec709)]
[info][2026-07-29 13:40:01.118][decklink][  25: 2Kp25 DCI (2048x1080, flags=Rec709)]
[info][2026-07-29 13:40:01.118][decklink][  26: 2Kp29.97 DCI (2048x1080, flags=Rec709)]
[info][2026-07-29 13:40:01.118][decklink][  27: 2Kp30 DCI (2048x1080, flags=Rec709)]
[info][2026-07-29 13:40:01.118][decklink][  28: 2Kp47.95 DCI (2048x1080, flags=Rec709)]
[info][2026-07-29 13:40:01.118][decklink][  29: 2Kp48 DCI (2048x1080, flags=Rec709)]
[info][2026-07-29 13:40:01.118][decklink][  30: 2Kp50 DCI (2048x1080, flags=Rec709)]
[info][2026-07-29 13:40:01.118][decklink][  31: 2Kp59.94 DCI (2048x1080, flags=Rec709)]
[info][2026-07-29 13:40:01.118][decklink][  32: 2Kp60 DCI (2048x1080, flags=Rec709)]
[info][2026-07-29 13:40:01.118][decklink][  33: 2Kp95.90 DCI (2048x1080, flags=Rec709)]
[info][2026-07-29 13:40:01.118][decklink][  34: 2Kp96 DCI (2048x1080, flags=Rec709)]
[info][2026-07-29 13:40:01.118][decklink][  35: 2Kp100 DCI (2048x1080, flags=Rec709)]
[info][2026-07-29 13:40:01.118][decklink][  36: 2Kp119.88 DCI (2048x1080, flags=Rec709)]
[info][2026-07-29 13:40:01.118][decklink][  37: 2Kp120 DCI (2048x1080, flags=Rec709)]
[info][2026-07-29 13:40:01.118][decklink][  38: 2160p23.98 (3840x2160, flags=Rec709)]
[info][2026-07-29 13:40:01.118][decklink][  39: 2160p24 (3840x2160, flags=Rec709)]
[info][2026-07-29 13:40:01.118][decklink][  40: 2160p25 (3840x2160, flags=Rec709)]
[info][2026-07-29 13:40:01.118][decklink][  41: 2160p29.97 (3840x2160, flags=Rec709)]
[info][2026-07-29 13:40:01.118][decklink][  42: 2160p30 (3840x2160, flags=Rec709)]
[info][2026-07-29 13:40:01.118][decklink][  43: 2160p47.95 (3840x2160, flags=Rec709)]
[info][2026-07-29 13:40:01.118][decklink][  44: 2160p48 (3840x2160, flags=Rec709)]
[info][2026-07-29 13:40:01.118][decklink][  45: 2160p50 (3840x2160, flags=Rec709)]
[info][2026-07-29 13:40:01.118][decklink][  46: 2160p59.94 (3840x2160, flags=Rec709)]
[info][2026-07-29 13:40:01.118][decklink][  47: 2160p60 (3840x2160, flags=Rec709)]
[info][2026-07-29 13:40:01.118][decklink][  48: 2160p95.90 (3840x2160, flags=Rec709)]
[info][2026-07-29 13:40:01.118][decklink][  49: 2160p96 (3840x2160, flags=Rec709)]
[info][2026-07-29 13:40:01.118][decklink][  50: 2160p100 (3840x2160, flags=Rec709)]
[info][2026-07-29 13:40:01.118][decklink][  51: 2160p119.88 (3840x2160, flags=Rec709)]
[info][2026-07-29 13:40:01.118][decklink][  52: 2160p120 (3840x2160, flags=Rec709)]
[info][2026-07-29 13:40:01.118][decklink][  53: 4Kp23.98 DCI (4096x2160, flags=Rec709)]
[info][2026-07-29 13:40:01.118][decklink][  54: 4Kp24 DCI (4096x2160, flags=Rec709)]
[info][2026-07-29 13:40:01.118][decklink][  55: 4Kp25 DCI (4096x2160, flags=Rec709)]
[info][2026-07-29 13:40:01.118][decklink][  56: 4Kp29.97 DCI (4096x2160, flags=Rec709)]
[info][2026-07-29 13:40:01.118][decklink][  57: 4Kp30 DCI (4096x2160, flags=Rec709)]
[info][2026-07-29 13:40:01.118][decklink][  58: 4Kp47.95 DCI (4096x2160, flags=Rec709)]
[info][2026-07-29 13:40:01.118][decklink][  59: 4Kp48 DCI (4096x2160, flags=Rec709)]
[info][2026-07-29 13:40:01.118][decklink][  60: 4Kp50 DCI (4096x2160, flags=Rec709)]
[info][2026-07-29 13:40:01.118][decklink][  61: 4Kp59.94 DCI (4096x2160, flags=Rec709)]
[info][2026-07-29 13:40:01.118][decklink][  62: 4Kp60 DCI (4096x2160, flags=Rec709)]
[info][2026-07-29 13:40:01.118][decklink][  63: 4Kp95.90 DCI (4096x2160, flags=Rec709)]
[info][2026-07-29 13:40:01.118][decklink][  64: 4Kp96 DCI (4096x2160, flags=Rec709)]
[info][2026-07-29 13:40:01.118][decklink][  65: 4Kp100 DCI (4096x2160, flags=Rec709)]
[info][2026-07-29 13:40:01.118][decklink][  66: 4Kp119.88 DCI (4096x2160, flags=Rec709)]
[info][2026-07-29 13:40:01.118][decklink][  67: 4Kp120 DCI (4096x2160, flags=Rec709)]
[info][2026-07-29 13:40:01.118][decklink][  68: 4320p23.98 (7680x4320, flags=Rec709)]
[info][2026-07-29 13:40:01.118][decklink][  69: 4320p24 (7680x4320, flags=Rec709)]
[info][2026-07-29 13:40:01.118][decklink][  70: 4320p25 (7680x4320, flags=Rec709)]
[info][2026-07-29 13:40:01.118][decklink][  71: 4320p29.97 (7680x4320, flags=Rec709)]
[info][2026-07-29 13:40:01.118][decklink][  72: 4320p30 (7680x4320, flags=Rec709)]
[info][2026-07-29 13:40:01.118][decklink][  73: 4320p47.95 (7680x4320, flags=Rec709)]
[info][2026-07-29 13:40:01.118][decklink][  74: 4320p48 (7680x4320, flags=Rec709)]
[info][2026-07-29 13:40:01.118][decklink][  75: 4320p50 (7680x4320, flags=Rec709)]
[info][2026-07-29 13:40:01.118][decklink][  76: 4320p59.94 (7680x4320, flags=Rec709)]
[info][2026-07-29 13:40:01.118][decklink][  77: 4320p60 (7680x4320, flags=Rec709)]
[info][2026-07-29 13:40:01.118][decklink][  78: 8Kp23.98 DCI (8192x4320, flags=Rec709)]
[info][2026-07-29 13:40:01.118][decklink][  79: 8Kp24 DCI (8192x4320, flags=Rec709)]
[info][2026-07-29 13:40:01.118][decklink][  80: 8Kp25 DCI (8192x4320, flags=Rec709)]
[info][2026-07-29 13:40:01.118][decklink][  81: 8Kp29.97 DCI (8192x4320, flags=Rec709)]
[info][2026-07-29 13:40:01.118][decklink][  82: 8Kp30 DCI (8192x4320, flags=Rec709)]
[info][2026-07-29 13:40:01.118][decklink][  83: 8Kp47.95 DCI (8192x4320, flags=Rec709)]
[info][2026-07-29 13:40:01.118][decklink][  84: 8Kp48 DCI (8192x4320, flags=Rec709)]
[info][2026-07-29 13:40:01.118][decklink][  85: 8Kp50 DCI (8192x4320, flags=Rec709)]
[info][2026-07-29 13:40:01.118][decklink][  86: 8Kp59.94 DCI (8192x4320, flags=Rec709)]
[info][2026-07-29 13:40:01.118][decklink][  87: 8Kp60 DCI (8192x4320, flags=Rec709)]
[info][2026-07-29 13:40:01.118][decklink][Waiting for input signal detection...]
[info][2026-07-29 13:40:01.129][decklink][Video input enabled with automatic format detection]
[info][2026-07-29 13:40:01.129][decklink][Capture started (UYVY 4:2:2)]
[info][2026-07-29 13:40:01.387][decklink][Video input format changed events=0x5, mode=1080i50, flags=Rec709, detected=YCbCr422, 10Bit (0x11)]
[info][2026-07-29 13:40:01.387][decklink][Video format changed: 1080i50]
[info][2026-07-29 13:40:01.388][decklink][Capture stopped]
[info][2026-07-29 13:40:01.412][decklink][Video input enabled with mode: 1080i50]
[info][2026-07-29 13:40:01.412][decklink][Capture started (UYVY 4:2:2)]
[info][2026-07-29 13:40:01.550][decklink][Video input format changed events=0x4, mode=1080i50, flags=Rec709, detected=YCbCr422, 10Bit (0x11)]
[info][2026-07-29 13:40:17.298][decklink][Output 1080i50 (matching input, no decimator needed)]
[info][2026-07-29 13:40:17.325][decklink][[Output 0] DeckLink 8K Pro (1) / DeckLink 8K Pro (subDevice=0, profile=0x34646864, duplex=0x64786861, ioSupport=0x3, outConns=0x1, busy=0x1)]
[info][2026-07-29 13:40:17.325][decklink][[Output 1] DeckLink 8K Pro (2) / DeckLink 8K Pro (subDevice=1, profile=0x34646864, duplex=0x64786861, ioSupport=0x3, outConns=0x1, busy=0x2)]
[info][2026-07-29 13:40:17.325][decklink][[Output 2] DeckLink 8K Pro (3) / DeckLink 8K Pro (subDevice=2, profile=0x34646864, duplex=0x64786861, ioSupport=0x3, outConns=0x1, busy=0x0)]
[info][2026-07-29 13:40:17.325][decklink][[Output 3] DeckLink 8K Pro (4) / DeckLink 8K Pro (subDevice=3, profile=0x34646864, duplex=0x64786861, ioSupport=0x3, outConns=0x1, busy=0x0)]
[info][2026-07-29 13:40:17.325][decklink][[Output 1] Selected output connection: SDI]
[error][2026-07-29 13:40:17.327][decklink][[Output 1] EnableVideoOutput failed (mode=1080i50, conn=1, hr=0x-7ffffff7)]
[warning][2026-07-29 13:40:17.327][decklink][Requested output index 1 failed; trying fallback output index 2]
[info][2026-07-29 13:40:17.327][decklink][[Output 2] Selected output connection: SDI]
[error][2026-07-29 13:40:17.328][decklink][[Output 2] EnableVideoOutput failed (mode=1080i50, conn=1, hr=0x-7ffffff7)]
[info][2026-07-29 13:41:49.920][decklink][Configuring DeckLink input capture settings...]
[info][2026-07-29 13:41:49.920][decklink][Device supports genlock reference input]
[info][2026-07-29 13:41:49.920][decklink][Available display modes:]
[info][2026-07-29 13:41:49.920][decklink][  0: 525i59.94 NTSC (720x486, flags=Rec601)]
[info][2026-07-29 13:41:49.920][decklink][  1: 625i50 PAL (720x576, flags=Rec601)]
[info][2026-07-29 13:41:49.920][decklink][  2: 1080p23.98 (1920x1080, flags=Rec709)]
[info][2026-07-29 13:41:49.920][decklink][  3: 1080p24 (1920x1080, flags=Rec709)]
[info][2026-07-29 13:41:49.920][decklink][  4: 1080p25 (1920x1080, flags=Rec709)]
[info][2026-07-29 13:41:49.920][decklink][  5: 1080p29.97 (1920x1080, flags=Rec709)]
[info][2026-07-29 13:41:49.920][decklink][  6: 1080p30 (1920x1080, flags=Rec709)]
[info][2026-07-29 13:41:49.920][decklink][  7: 1080p47.95 (1920x1080, flags=Rec709)]
[info][2026-07-29 13:41:49.920][decklink][  8: 1080p48 (1920x1080, flags=Rec709)]
[info][2026-07-29 13:41:49.920][decklink][  9: 1080p50 (1920x1080, flags=Rec709)]
[info][2026-07-29 13:41:49.920][decklink][  10: 1080p59.94 (1920x1080, flags=Rec709)]
[info][2026-07-29 13:41:49.920][decklink][  11: 1080p60 (1920x1080, flags=Rec709)]
[info][2026-07-29 13:41:49.920][decklink][  12: 1080p95.90 (1920x1080, flags=Rec709)]
[info][2026-07-29 13:41:49.920][decklink][  13: 1080p96 (1920x1080, flags=Rec709)]
[info][2026-07-29 13:41:49.920][decklink][  14: 1080p100 (1920x1080, flags=Rec709)]
[info][2026-07-29 13:41:49.920][decklink][  15: 1080p119.88 (1920x1080, flags=Rec709)]
[info][2026-07-29 13:41:49.920][decklink][  16: 1080p120 (1920x1080, flags=Rec709)]
[info][2026-07-29 13:41:49.920][decklink][  17: 1080i50 (1920x1080, flags=Rec709)]
[info][2026-07-29 13:41:49.920][decklink][  18: 1080i59.94 (1920x1080, flags=Rec709)]
[info][2026-07-29 13:41:49.920][decklink][  19: 1080i60 (1920x1080, flags=Rec709)]
[info][2026-07-29 13:41:49.920][decklink][  20: 720p50 (1280x720, flags=Rec709)]
[info][2026-07-29 13:41:49.920][decklink][  21: 720p59.94 (1280x720, flags=Rec709)]
[info][2026-07-29 13:41:49.920][decklink][  22: 720p60 (1280x720, flags=Rec709)]
[info][2026-07-29 13:41:49.920][decklink][  23: 2Kp23.98 DCI (2048x1080, flags=Rec709)]
[info][2026-07-29 13:41:49.920][decklink][  24: 2Kp24 DCI (2048x1080, flags=Rec709)]
[info][2026-07-29 13:41:49.920][decklink][  25: 2Kp25 DCI (2048x1080, flags=Rec709)]
[info][2026-07-29 13:41:49.920][decklink][  26: 2Kp29.97 DCI (2048x1080, flags=Rec709)]
[info][2026-07-29 13:41:49.920][decklink][  27: 2Kp30 DCI (2048x1080, flags=Rec709)]
[info][2026-07-29 13:41:49.920][decklink][  28: 2Kp47.95 DCI (2048x1080, flags=Rec709)]
[info][2026-07-29 13:41:49.920][decklink][  29: 2Kp48 DCI (2048x1080, flags=Rec709)]
[info][2026-07-29 13:41:49.920][decklink][  30: 2Kp50 DCI (2048x1080, flags=Rec709)]
[info][2026-07-29 13:41:49.920][decklink][  31: 2Kp59.94 DCI (2048x1080, flags=Rec709)]
[info][2026-07-29 13:41:49.920][decklink][  32: 2Kp60 DCI (2048x1080, flags=Rec709)]
[info][2026-07-29 13:41:49.920][decklink][  33: 2Kp95.90 DCI (2048x1080, flags=Rec709)]
[info][2026-07-29 13:41:49.920][decklink][  34: 2Kp96 DCI (2048x1080, flags=Rec709)]
[info][2026-07-29 13:41:49.920][decklink][  35: 2Kp100 DCI (2048x1080, flags=Rec709)]
[info][2026-07-29 13:41:49.920][decklink][  36: 2Kp119.88 DCI (2048x1080, flags=Rec709)]
[info][2026-07-29 13:41:49.920][decklink][  37: 2Kp120 DCI (2048x1080, flags=Rec709)]
[info][2026-07-29 13:41:49.920][decklink][  38: 2160p23.98 (3840x2160, flags=Rec709)]
[info][2026-07-29 13:41:49.920][decklink][  39: 2160p24 (3840x2160, flags=Rec709)]
[info][2026-07-29 13:41:49.920][decklink][  40: 2160p25 (3840x2160, flags=Rec709)]
[info][2026-07-29 13:41:49.920][decklink][  41: 2160p29.97 (3840x2160, flags=Rec709)]
[info][2026-07-29 13:41:49.920][decklink][  42: 2160p30 (3840x2160, flags=Rec709)]
[info][2026-07-29 13:41:49.920][decklink][  43: 2160p47.95 (3840x2160, flags=Rec709)]
[info][2026-07-29 13:41:49.920][decklink][  44: 2160p48 (3840x2160, flags=Rec709)]
[info][2026-07-29 13:41:49.920][decklink][  45: 2160p50 (3840x2160, flags=Rec709)]
[info][2026-07-29 13:41:49.920][decklink][  46: 2160p59.94 (3840x2160, flags=Rec709)]
[info][2026-07-29 13:41:49.920][decklink][  47: 2160p60 (3840x2160, flags=Rec709)]
[info][2026-07-29 13:41:49.920][decklink][  48: 2160p95.90 (3840x2160, flags=Rec709)]
[info][2026-07-29 13:41:49.920][decklink][  49: 2160p96 (3840x2160, flags=Rec709)]
[info][2026-07-29 13:41:49.920][decklink][  50: 2160p100 (3840x2160, flags=Rec709)]
[info][2026-07-29 13:41:49.920][decklink][  51: 2160p119.88 (3840x2160, flags=Rec709)]
[info][2026-07-29 13:41:49.920][decklink][  52: 2160p120 (3840x2160, flags=Rec709)]
[info][2026-07-29 13:41:49.920][decklink][  53: 4Kp23.98 DCI (4096x2160, flags=Rec709)]
[info][2026-07-29 13:41:49.920][decklink][  54: 4Kp24 DCI (4096x2160, flags=Rec709)]
[info][2026-07-29 13:41:49.920][decklink][  55: 4Kp25 DCI (4096x2160, flags=Rec709)]
[info][2026-07-29 13:41:49.920][decklink][  56: 4Kp29.97 DCI (4096x2160, flags=Rec709)]
[info][2026-07-29 13:41:49.920][decklink][  57: 4Kp30 DCI (4096x2160, flags=Rec709)]
[info][2026-07-29 13:41:49.920][decklink][  58: 4Kp47.95 DCI (4096x2160, flags=Rec709)]
[info][2026-07-29 13:41:49.920][decklink][  59: 4Kp48 DCI (4096x2160, flags=Rec709)]
[info][2026-07-29 13:41:49.920][decklink][  60: 4Kp50 DCI (4096x2160, flags=Rec709)]
[info][2026-07-29 13:41:49.920][decklink][  61: 4Kp59.94 DCI (4096x2160, flags=Rec709)]
[info][2026-07-29 13:41:49.920][decklink][  62: 4Kp60 DCI (4096x2160, flags=Rec709)]
[info][2026-07-29 13:41:49.920][decklink][  63: 4Kp95.90 DCI (4096x2160, flags=Rec709)]
[info][2026-07-29 13:41:49.920][decklink][  64: 4Kp96 DCI (4096x2160, flags=Rec709)]
[info][2026-07-29 13:41:49.920][decklink][  65: 4Kp100 DCI (4096x2160, flags=Rec709)]
[info][2026-07-29 13:41:49.920][decklink][  66: 4Kp119.88 DCI (4096x2160, flags=Rec709)]
[info][2026-07-29 13:41:49.920][decklink][  67: 4Kp120 DCI (4096x2160, flags=Rec709)]
[info][2026-07-29 13:41:49.920][decklink][  68: 4320p23.98 (7680x4320, flags=Rec709)]
[info][2026-07-29 13:41:49.920][decklink][  69: 4320p24 (7680x4320, flags=Rec709)]
[info][2026-07-29 13:41:49.920][decklink][  70: 4320p25 (7680x4320, flags=Rec709)]
[info][2026-07-29 13:41:49.920][decklink][  71: 4320p29.97 (7680x4320, flags=Rec709)]
[info][2026-07-29 13:41:49.920][decklink][  72: 4320p30 (7680x4320, flags=Rec709)]
[info][2026-07-29 13:41:49.920][decklink][  73: 4320p47.95 (7680x4320, flags=Rec709)]
[info][2026-07-29 13:41:49.920][decklink][  74: 4320p48 (7680x4320, flags=Rec709)]
[info][2026-07-29 13:41:49.920][decklink][  75: 4320p50 (7680x4320, flags=Rec709)]
[info][2026-07-29 13:41:49.920][decklink][  76: 4320p59.94 (7680x4320, flags=Rec709)]
[info][2026-07-29 13:41:49.920][decklink][  77: 4320p60 (7680x4320, flags=Rec709)]
[info][2026-07-29 13:41:49.920][decklink][  78: 8Kp23.98 DCI (8192x4320, flags=Rec709)]
[info][2026-07-29 13:41:49.920][decklink][  79: 8Kp24 DCI (8192x4320, flags=Rec709)]
[info][2026-07-29 13:41:49.920][decklink][  80: 8Kp25 DCI (8192x4320, flags=Rec709)]
[info][2026-07-29 13:41:49.920][decklink][  81: 8Kp29.97 DCI (8192x4320, flags=Rec709)]
[info][2026-07-29 13:41:49.920][decklink][  82: 8Kp30 DCI (8192x4320, flags=Rec709)]
[info][2026-07-29 13:41:49.920][decklink][  83: 8Kp47.95 DCI (8192x4320, flags=Rec709)]
[info][2026-07-29 13:41:49.920][decklink][  84: 8Kp48 DCI (8192x4320, flags=Rec709)]
[info][2026-07-29 13:41:49.920][decklink][  85: 8Kp50 DCI (8192x4320, flags=Rec709)]
[info][2026-07-29 13:41:49.920][decklink][  86: 8Kp59.94 DCI (8192x4320, flags=Rec709)]
[info][2026-07-29 13:41:49.920][decklink][  87: 8Kp60 DCI (8192x4320, flags=Rec709)]
[info][2026-07-29 13:41:49.920][decklink][Waiting for input signal detection...]
[info][2026-07-29 13:41:49.933][decklink][Video input enabled with automatic format detection]
[info][2026-07-29 13:41:49.933][decklink][Capture started (UYVY 4:2:2)]
[info][2026-07-29 13:41:50.167][decklink][Video input format changed events=0x5, mode=1080i50, flags=Rec709, detected=YCbCr422, 10Bit (0x11)]
[info][2026-07-29 13:41:50.167][decklink][Video format changed: 1080i50]
[info][2026-07-29 13:41:50.168][decklink][Capture stopped]
[info][2026-07-29 13:41:50.193][decklink][Video input enabled with mode: 1080i50]
[info][2026-07-29 13:41:50.193][decklink][Capture started (UYVY 4:2:2)]
[info][2026-07-29 13:41:50.312][decklink][Video input format changed events=0x4, mode=1080i50, flags=Rec709, detected=YCbCr422, 10Bit (0x11)]
[info][2026-07-29 13:41:56.299][decklink][Output 1080i50 (matching input, no decimator needed)]
[info][2026-07-29 13:41:56.327][decklink][[Output 0] DeckLink 8K Pro (1) / DeckLink 8K Pro (subDevice=0, profile=0x34646864, duplex=0x64786861, ioSupport=0x3, outConns=0x1, busy=0x1)]
[info][2026-07-29 13:41:56.327][decklink][[Output 1] DeckLink 8K Pro (2) / DeckLink 8K Pro (subDevice=1, profile=0x34646864, duplex=0x64786861, ioSupport=0x3, outConns=0x1, busy=0x2)]
[info][2026-07-29 13:41:56.327][decklink][[Output 2] DeckLink 8K Pro (3) / DeckLink 8K Pro (subDevice=2, profile=0x34646864, duplex=0x64786861, ioSupport=0x3, outConns=0x1, busy=0x1)]
[info][2026-07-29 13:41:56.327][decklink][[Output 3] DeckLink 8K Pro (4) / DeckLink 8K Pro (subDevice=3, profile=0x34646864, duplex=0x64786861, ioSupport=0x3, outConns=0x1, busy=0x0)]
[info][2026-07-29 13:41:56.327][decklink][[Output 1] Selected output connection: SDI]
[error][2026-07-29 13:41:56.328][decklink][[Output 1] EnableVideoOutput failed (mode=1080i50, conn=1, hr=0x-7ffffff7)]
[warning][2026-07-29 13:41:56.328][decklink][Requested output index 1 failed; trying fallback output index 2]
[warning][2026-07-29 13:41:56.328][decklink][[Output 2] Device reports CAPTURE busy (busy=0x1). If this is the same connector as input, output may fail in half-duplex mode.]
[info][2026-07-29 13:41:56.328][decklink][[Output 2] Selected output connection: SDI]
[error][2026-07-29 13:41:56.330][decklink][[Output 2] EnableVideoOutput failed (mode=1080i50, conn=1, hr=0x-7ffffff8)]
[warning][2026-07-29 13:41:56.330][decklink][Requested output index 1 failed; trying fallback output index 3]
[info][2026-07-29 13:41:56.330][decklink][[Output 3] Selected output connection: SDI]
[error][2026-07-29 13:41:56.332][decklink][[Output 3] EnableVideoOutput failed (mode=1080i50, conn=1, hr=0x-7ffffff7)]
[warning][2026-07-29 13:41:56.332][decklink][Requested output index 1 failed; trying fallback output index 0]
[warning][2026-07-29 13:41:56.332][decklink][[Output 0] Device reports CAPTURE busy (busy=0x1). If this is the same connector as input, output may fail in half-duplex mode.]
[info][2026-07-29 13:41:56.332][decklink][[Output 0] Selected output connection: SDI]
[error][2026-07-29 13:41:56.333][decklink][[Output 0] EnableVideoOutput failed (mode=1080i50, conn=1, hr=0x-7ffffff8)]
[info][2026-07-29 13:41:56.508][decklink][Output 1080i50 (matching input, no decimator needed)]
[info][2026-07-29 13:41:56.537][decklink][[Output 0] DeckLink 8K Pro (1) / DeckLink 8K Pro (subDevice=0, profile=0x34646864, duplex=0x64786861, ioSupport=0x3, outConns=0x1, busy=0x1)]
[info][2026-07-29 13:41:56.537][decklink][[Output 1] DeckLink 8K Pro (2) / DeckLink 8K Pro (subDevice=1, profile=0x34646864, duplex=0x64786861, ioSupport=0x3, outConns=0x1, busy=0x2)]
[info][2026-07-29 13:41:56.537][decklink][[Output 2] DeckLink 8K Pro (3) / DeckLink 8K Pro (subDevice=2, profile=0x34646864, duplex=0x64786861, ioSupport=0x3, outConns=0x1, busy=0x1)]
[info][2026-07-29 13:41:56.537][decklink][[Output 3] DeckLink 8K Pro (4) / DeckLink 8K Pro (subDevice=3, profile=0x34646864, duplex=0x64786861, ioSupport=0x3, outConns=0x1, busy=0x2)]
[info][2026-07-29 13:41:56.537][decklink][[Output 1] Selected output connection: SDI]
[error][2026-07-29 13:41:56.538][decklink][[Output 1] EnableVideoOutput failed (mode=1080i50, conn=1, hr=0x-7ffffff7)]
[warning][2026-07-29 13:41:56.538][decklink][Requested output index 1 failed; trying fallback output index 2]
[warning][2026-07-29 13:41:56.538][decklink][[Output 2] Device reports CAPTURE busy (busy=0x1). If this is the same connector as input, output may fail in half-duplex mode.]
[info][2026-07-29 13:41:56.538][decklink][[Output 2] Selected output connection: SDI]
[error][2026-07-29 13:41:56.540][decklink][[Output 2] EnableVideoOutput failed (mode=1080i50, conn=1, hr=0x-7ffffff8)]
[warning][2026-07-29 13:41:56.540][decklink][Requested output index 1 failed; trying fallback output index 3]
[info][2026-07-29 13:41:56.540][decklink][[Output 3] Selected output connection: SDI]
[error][2026-07-29 13:41:56.541][decklink][[Output 3] EnableVideoOutput failed (mode=1080i50, conn=1, hr=0x-7ffffff7)]
[warning][2026-07-29 13:41:56.541][decklink][Requested output index 1 failed; trying fallback output index 0]
[warning][2026-07-29 13:41:56.541][decklink][[Output 0] Device reports CAPTURE busy (busy=0x1). If this is the same connector as input, output may fail in half-duplex mode.]
[info][2026-07-29 13:41:56.541][decklink][[Output 0] Selected output connection: SDI]
[error][2026-07-29 13:41:56.543][decklink][[Output 0] EnableVideoOutput failed (mode=1080i50, conn=1, hr=0x-7ffffff8)]
[info][2026-07-29 13:41:56.716][decklink][Output 1080i50 (matching input, no decimator needed)]
[info][2026-07-29 13:41:56.742][decklink][[Output 0] DeckLink 8K Pro (1) / DeckLink 8K Pro (subDevice=0, profile=0x34646864, duplex=0x64786861, ioSupport=0x3, outConns=0x1, busy=0x1)]
[info][2026-07-29 13:41:56.742][decklink][[Output 1] DeckLink 8K Pro (2) / DeckLink 8K Pro (subDevice=1, profile=0x34646864, duplex=0x64786861, ioSupport=0x3, outConns=0x1, busy=0x2)]
[info][2026-07-29 13:41:56.742][decklink][[Output 2] DeckLink 8K Pro (3) / DeckLink 8K Pro (subDevice=2, profile=0x34646864, duplex=0x64786861, ioSupport=0x3, outConns=0x1, busy=0x1)]
[info][2026-07-29 13:41:56.742][decklink][[Output 3] DeckLink 8K Pro (4) / DeckLink 8K Pro (subDevice=3, profile=0x34646864, duplex=0x64786861, ioSupport=0x3, outConns=0x1, busy=0x2)]
[info][2026-07-29 13:41:56.742][decklink][[Output 1] Selected output connection: SDI]
[error][2026-07-29 13:41:56.744][decklink][[Output 1] EnableVideoOutput failed (mode=1080i50, conn=1, hr=0x-7ffffff7)]
[warning][2026-07-29 13:41:56.744][decklink][Requested output index 1 failed; trying fallback output index 2]
[warning][2026-07-29 13:41:56.744][decklink][[Output 2] Device reports CAPTURE busy (busy=0x1). If this is the same connector as input, output may fail in half-duplex mode.]
[info][2026-07-29 13:41:56.744][decklink][[Output 2] Selected output connection: SDI]
[error][2026-07-29 13:41:56.746][decklink][[Output 2] EnableVideoOutput failed (mode=1080i50, conn=1, hr=0x-7ffffff8)]
[warning][2026-07-29 13:41:56.746][decklink][Requested output index 1 failed; trying fallback output index 3]
[info][2026-07-29 13:41:56.746][decklink][[Output 3] Selected output connection: SDI]
[error][2026-07-29 13:41:56.747][decklink][[Output 3] EnableVideoOutput failed (mode=1080i50, conn=1, hr=0x-7ffffff7)]
[warning][2026-07-29 13:41:56.747][decklink][Requested output index 1 failed; trying fallback output index 0]
[warning][2026-07-29 13:41:56.747][decklink][[Output 0] Device reports CAPTURE busy (busy=0x1). If this is the same connector as input, output may fail in half-duplex mode.]
[info][2026-07-29 13:41:56.747][decklink][[Output 0] Selected output connection: SDI]
[error][2026-07-29 13:41:56.749][decklink][[Output 0] EnableVideoOutput failed (mode=1080i50, conn=1, hr=0x-7ffffff8)]
[info][2026-07-29 13:42:59.909][decklink][Output 1080i50 (matching input, no decimator needed)]
[info][2026-07-29 13:42:59.939][decklink][[Output 0] DeckLink 8K Pro (1) / DeckLink 8K Pro (subDevice=0, profile=0x34646864, duplex=0x64786861, ioSupport=0x3, outConns=0x1, busy=0x1)]
[info][2026-07-29 13:42:59.939][decklink][[Output 1] DeckLink 8K Pro (2) / DeckLink 8K Pro (subDevice=1, profile=0x34646864, duplex=0x64786861, ioSupport=0x3, outConns=0x1, busy=0x2)]
[info][2026-07-29 13:42:59.939][decklink][[Output 2] DeckLink 8K Pro (3) / DeckLink 8K Pro (subDevice=2, profile=0x34646864, duplex=0x64786861, ioSupport=0x3, outConns=0x1, busy=0x0)]
[info][2026-07-29 13:42:59.939][decklink][[Output 3] DeckLink 8K Pro (4) / DeckLink 8K Pro (subDevice=3, profile=0x34646864, duplex=0x64786861, ioSupport=0x3, outConns=0x1, busy=0x0)]
[info][2026-07-29 13:42:59.939][decklink][[Output 1] Selected output connection: SDI]
[error][2026-07-29 13:42:59.941][decklink][[Output 1] EnableVideoOutput failed (mode=1080i50, conn=1, hr=0x-7ffffff7)]
[warning][2026-07-29 13:42:59.941][decklink][Requested output index 1 failed; trying fallback output index 2]
[info][2026-07-29 13:42:59.941][decklink][[Output 2] Selected output connection: SDI]
[info][2026-07-29 13:42:59.942][decklink][Successfully initialized DeckLink output on output index 2 with mode: 1080i50]
[info][2026-07-29 13:42:59.942][decklink][]
[info][2026-07-29 13:42:59.943][decklink][═══════════════════════════════════════════════════════════]
[info][2026-07-29 13:42:59.943][decklink][  CHECKING OUTPUT GENLOCK STATUS]
[info][2026-07-29 13:42:59.943][decklink][═══════════════════════════════════════════════════════════]
[info][2026-07-29 13:42:59.943][decklink][Output device supports genlock - will sync to reference input]
[info][2026-07-29 13:42:59.943][decklink][Output genlock status: Unlocked - Genlock reference lock has not been achieved]
[info][2026-07-29 13:42:59.943][decklink][]
[warning][2026-07-29 13:42:59.943][decklink][Output is not locked to genlock reference. Waiting for lock...]
[warning][2026-07-29 13:43:04.947][decklink][Output genlock reference lock timeout. Output may not be synchronized.]
[warning][2026-07-29 13:43:04.947][decklink][Genlock: UNLOCKED | CHECK BMD APP]
[info][2026-07-29 13:43:04.948][decklink][DeckLink scheduled playback enabled (1920x1080, duration=1000, scale=25000)]
[info][2026-07-29 13:43:27.129][decklink][Capture stopped]
[info][2026-07-29 13:43:29.670][decklink][Configuring DeckLink input capture settings...]
[info][2026-07-29 13:43:29.670][decklink][Device supports genlock reference input]
[info][2026-07-29 13:43:29.670][decklink][Available display modes:]
[info][2026-07-29 13:43:29.670][decklink][  0: 525i59.94 NTSC (720x486, flags=Rec601)]
[info][2026-07-29 13:43:29.670][decklink][  1: 625i50 PAL (720x576, flags=Rec601)]
[info][2026-07-29 13:43:29.670][decklink][  2: 1080p23.98 (1920x1080, flags=Rec709)]
[info][2026-07-29 13:43:29.670][decklink][  3: 1080p24 (1920x1080, flags=Rec709)]
[info][2026-07-29 13:43:29.670][decklink][  4: 1080p25 (1920x1080, flags=Rec709)]
[info][2026-07-29 13:43:29.670][decklink][  5: 1080p29.97 (1920x1080, flags=Rec709)]
[info][2026-07-29 13:43:29.670][decklink][  6: 1080p30 (1920x1080, flags=Rec709)]
[info][2026-07-29 13:43:29.670][decklink][  7: 1080p47.95 (1920x1080, flags=Rec709)]
[info][2026-07-29 13:43:29.670][decklink][  8: 1080p48 (1920x1080, flags=Rec709)]
[info][2026-07-29 13:43:29.670][decklink][  9: 1080p50 (1920x1080, flags=Rec709)]
[info][2026-07-29 13:43:29.670][decklink][  10: 1080p59.94 (1920x1080, flags=Rec709)]
[info][2026-07-29 13:43:29.670][decklink][  11: 1080p60 (1920x1080, flags=Rec709)]
[info][2026-07-29 13:43:29.670][decklink][  12: 1080p95.90 (1920x1080, flags=Rec709)]
[info][2026-07-29 13:43:29.670][decklink][  13: 1080p96 (1920x1080, flags=Rec709)]
[info][2026-07-29 13:43:29.670][decklink][  14: 1080p100 (1920x1080, flags=Rec709)]
[info][2026-07-29 13:43:29.670][decklink][  15: 1080p119.88 (1920x1080, flags=Rec709)]
[info][2026-07-29 13:43:29.670][decklink][  16: 1080p120 (1920x1080, flags=Rec709)]
[info][2026-07-29 13:43:29.670][decklink][  17: 1080i50 (1920x1080, flags=Rec709)]
[info][2026-07-29 13:43:29.670][decklink][  18: 1080i59.94 (1920x1080, flags=Rec709)]
[info][2026-07-29 13:43:29.670][decklink][  19: 1080i60 (1920x1080, flags=Rec709)]
[info][2026-07-29 13:43:29.670][decklink][  20: 720p50 (1280x720, flags=Rec709)]
[info][2026-07-29 13:43:29.670][decklink][  21: 720p59.94 (1280x720, flags=Rec709)]
[info][2026-07-29 13:43:29.670][decklink][  22: 720p60 (1280x720, flags=Rec709)]
[info][2026-07-29 13:43:29.670][decklink][  23: 2Kp23.98 DCI (2048x1080, flags=Rec709)]
[info][2026-07-29 13:43:29.670][decklink][  24: 2Kp24 DCI (2048x1080, flags=Rec709)]
[info][2026-07-29 13:43:29.670][decklink][  25: 2Kp25 DCI (2048x1080, flags=Rec709)]
[info][2026-07-29 13:43:29.670][decklink][  26: 2Kp29.97 DCI (2048x1080, flags=Rec709)]
[info][2026-07-29 13:43:29.670][decklink][  27: 2Kp30 DCI (2048x1080, flags=Rec709)]
[info][2026-07-29 13:43:29.670][decklink][  28: 2Kp47.95 DCI (2048x1080, flags=Rec709)]
[info][2026-07-29 13:43:29.670][decklink][  29: 2Kp48 DCI (2048x1080, flags=Rec709)]
[info][2026-07-29 13:43:29.670][decklink][  30: 2Kp50 DCI (2048x1080, flags=Rec709)]
[info][2026-07-29 13:43:29.670][decklink][  31: 2Kp59.94 DCI (2048x1080, flags=Rec709)]
[info][2026-07-29 13:43:29.670][decklink][  32: 2Kp60 DCI (2048x1080, flags=Rec709)]
[info][2026-07-29 13:43:29.670][decklink][  33: 2Kp95.90 DCI (2048x1080, flags=Rec709)]
[info][2026-07-29 13:43:29.670][decklink][  34: 2Kp96 DCI (2048x1080, flags=Rec709)]
[info][2026-07-29 13:43:29.670][decklink][  35: 2Kp100 DCI (2048x1080, flags=Rec709)]
[info][2026-07-29 13:43:29.670][decklink][  36: 2Kp119.88 DCI (2048x1080, flags=Rec709)]
[info][2026-07-29 13:43:29.670][decklink][  37: 2Kp120 DCI (2048x1080, flags=Rec709)]
[info][2026-07-29 13:43:29.670][decklink][  38: 2160p23.98 (3840x2160, flags=Rec709)]
[info][2026-07-29 13:43:29.670][decklink][  39: 2160p24 (3840x2160, flags=Rec709)]
[info][2026-07-29 13:43:29.670][decklink][  40: 2160p25 (3840x2160, flags=Rec709)]
[info][2026-07-29 13:43:29.670][decklink][  41: 2160p29.97 (3840x2160, flags=Rec709)]
[info][2026-07-29 13:43:29.670][decklink][  42: 2160p30 (3840x2160, flags=Rec709)]
[info][2026-07-29 13:43:29.670][decklink][  43: 2160p47.95 (3840x2160, flags=Rec709)]
[info][2026-07-29 13:43:29.670][decklink][  44: 2160p48 (3840x2160, flags=Rec709)]
[info][2026-07-29 13:43:29.670][decklink][  45: 2160p50 (3840x2160, flags=Rec709)]
[info][2026-07-29 13:43:29.670][decklink][  46: 2160p59.94 (3840x2160, flags=Rec709)]
[info][2026-07-29 13:43:29.670][decklink][  47: 2160p60 (3840x2160, flags=Rec709)]
[info][2026-07-29 13:43:29.670][decklink][  48: 2160p95.90 (3840x2160, flags=Rec709)]
[info][2026-07-29 13:43:29.670][decklink][  49: 2160p96 (3840x2160, flags=Rec709)]
[info][2026-07-29 13:43:29.670][decklink][  50: 2160p100 (3840x2160, flags=Rec709)]
[info][2026-07-29 13:43:29.670][decklink][  51: 2160p119.88 (3840x2160, flags=Rec709)]
[info][2026-07-29 13:43:29.670][decklink][  52: 2160p120 (3840x2160, flags=Rec709)]
[info][2026-07-29 13:43:29.670][decklink][  53: 4Kp23.98 DCI (4096x2160, flags=Rec709)]
[info][2026-07-29 13:43:29.670][decklink][  54: 4Kp24 DCI (4096x2160, flags=Rec709)]
[info][2026-07-29 13:43:29.670][decklink][  55: 4Kp25 DCI (4096x2160, flags=Rec709)]
[info][2026-07-29 13:43:29.670][decklink][  56: 4Kp29.97 DCI (4096x2160, flags=Rec709)]
[info][2026-07-29 13:43:29.670][decklink][  57: 4Kp30 DCI (4096x2160, flags=Rec709)]
[info][2026-07-29 13:43:29.670][decklink][  58: 4Kp47.95 DCI (4096x2160, flags=Rec709)]
[info][2026-07-29 13:43:29.670][decklink][  59: 4Kp48 DCI (4096x2160, flags=Rec709)]
[info][2026-07-29 13:43:29.670][decklink][  60: 4Kp50 DCI (4096x2160, flags=Rec709)]
[info][2026-07-29 13:43:29.670][decklink][  61: 4Kp59.94 DCI (4096x2160, flags=Rec709)]
[info][2026-07-29 13:43:29.670][decklink][  62: 4Kp60 DCI (4096x2160, flags=Rec709)]
[info][2026-07-29 13:43:29.670][decklink][  63: 4Kp95.90 DCI (4096x2160, flags=Rec709)]
[info][2026-07-29 13:43:29.670][decklink][  64: 4Kp96 DCI (4096x2160, flags=Rec709)]
[info][2026-07-29 13:43:29.670][decklink][  65: 4Kp100 DCI (4096x2160, flags=Rec709)]
[info][2026-07-29 13:43:29.670][decklink][  66: 4Kp119.88 DCI (4096x2160, flags=Rec709)]
[info][2026-07-29 13:43:29.670][decklink][  67: 4Kp120 DCI (4096x2160, flags=Rec709)]
[info][2026-07-29 13:43:29.670][decklink][  68: 4320p23.98 (7680x4320, flags=Rec709)]
[info][2026-07-29 13:43:29.670][decklink][  69: 4320p24 (7680x4320, flags=Rec709)]
[info][2026-07-29 13:43:29.670][decklink][  70: 4320p25 (7680x4320, flags=Rec709)]
[info][2026-07-29 13:43:29.670][decklink][  71: 4320p29.97 (7680x4320, flags=Rec709)]
[info][2026-07-29 13:43:29.670][decklink][  72: 4320p30 (7680x4320, flags=Rec709)]
[info][2026-07-29 13:43:29.670][decklink][  73: 4320p47.95 (7680x4320, flags=Rec709)]
[info][2026-07-29 13:43:29.670][decklink][  74: 4320p48 (7680x4320, flags=Rec709)]
[info][2026-07-29 13:43:29.670][decklink][  75: 4320p50 (7680x4320, flags=Rec709)]
[info][2026-07-29 13:43:29.670][decklink][  76: 4320p59.94 (7680x4320, flags=Rec709)]
[info][2026-07-29 13:43:29.670][decklink][  77: 4320p60 (7680x4320, flags=Rec709)]
[info][2026-07-29 13:43:29.670][decklink][  78: 8Kp23.98 DCI (8192x4320, flags=Rec709)]
[info][2026-07-29 13:43:29.670][decklink][  79: 8Kp24 DCI (8192x4320, flags=Rec709)]
[info][2026-07-29 13:43:29.670][decklink][  80: 8Kp25 DCI (8192x4320, flags=Rec709)]
[info][2026-07-29 13:43:29.670][decklink][  81: 8Kp29.97 DCI (8192x4320, flags=Rec709)]
[info][2026-07-29 13:43:29.670][decklink][  82: 8Kp30 DCI (8192x4320, flags=Rec709)]
[info][2026-07-29 13:43:29.670][decklink][  83: 8Kp47.95 DCI (8192x4320, flags=Rec709)]
[info][2026-07-29 13:43:29.670][decklink][  84: 8Kp48 DCI (8192x4320, flags=Rec709)]
[info][2026-07-29 13:43:29.670][decklink][  85: 8Kp50 DCI (8192x4320, flags=Rec709)]
[info][2026-07-29 13:43:29.670][decklink][  86: 8Kp59.94 DCI (8192x4320, flags=Rec709)]
[info][2026-07-29 13:43:29.670][decklink][  87: 8Kp60 DCI (8192x4320, flags=Rec709)]
[info][2026-07-29 13:43:29.670][decklink][Waiting for input signal detection...]
[info][2026-07-29 13:43:29.683][decklink][Video input enabled with automatic format detection]
[info][2026-07-29 13:43:29.683][decklink][Capture started (UYVY 4:2:2)]
[info][2026-07-29 13:43:29.896][decklink][Video input format changed events=0x5, mode=1080i50, flags=Rec709, detected=YCbCr422, 10Bit (0x11)]
[info][2026-07-29 13:43:29.896][decklink][Video format changed: 1080i50]
[info][2026-07-29 13:43:29.897][decklink][Capture stopped]
[info][2026-07-29 13:43:29.919][decklink][Video input enabled with mode: 1080i50]
[info][2026-07-29 13:43:29.919][decklink][Capture started (UYVY 4:2:2)]
[info][2026-07-29 13:43:30.030][decklink][Video input format changed events=0x4, mode=1080i50, flags=Rec709, detected=YCbCr422, 10Bit (0x11)]
[info][2026-07-29 13:45:05.019][decklink][Output 1080i50 (matching input, no decimator needed)]
[info][2026-07-29 13:45:05.046][decklink][[Output 0] DeckLink 8K Pro (1) / DeckLink 8K Pro (subDevice=0, profile=0x34646864, duplex=0x64786861, ioSupport=0x3, outConns=0x1, busy=0x1)]
[info][2026-07-29 13:45:05.046][decklink][[Output 1] DeckLink 8K Pro (2) / DeckLink 8K Pro (subDevice=1, profile=0x34646864, duplex=0x64786861, ioSupport=0x3, outConns=0x1, busy=0x2)]
[info][2026-07-29 13:45:05.046][decklink][[Output 2] DeckLink 8K Pro (3) / DeckLink 8K Pro (subDevice=2, profile=0x34646864, duplex=0x64786861, ioSupport=0x3, outConns=0x1, busy=0x0)]
[info][2026-07-29 13:45:05.046][decklink][[Output 3] DeckLink 8K Pro (4) / DeckLink 8K Pro (subDevice=3, profile=0x34646864, duplex=0x64786861, ioSupport=0x3, outConns=0x1, busy=0x2)]
[info][2026-07-29 13:45:05.046][decklink][[Output 1] Selected output connection: SDI]
[error][2026-07-29 13:45:05.048][decklink][[Output 1] EnableVideoOutput failed (mode=1080i50, conn=1, hr=0x-7ffffff7)]
[info][2026-07-29 14:14:48.928][decklink][Configuring DeckLink input capture settings...]
[info][2026-07-29 14:14:48.928][decklink][Device supports genlock reference input]
[info][2026-07-29 14:14:48.928][decklink][Available display modes:]
[info][2026-07-29 14:14:48.928][decklink][  0: 525i59.94 NTSC (720x486, flags=Rec601)]
[info][2026-07-29 14:14:48.928][decklink][  1: 625i50 PAL (720x576, flags=Rec601)]
[info][2026-07-29 14:14:48.928][decklink][  2: 1080p23.98 (1920x1080, flags=Rec709)]
[info][2026-07-29 14:14:48.928][decklink][  3: 1080p24 (1920x1080, flags=Rec709)]
[info][2026-07-29 14:14:48.928][decklink][  4: 1080p25 (1920x1080, flags=Rec709)]
[info][2026-07-29 14:14:48.928][decklink][  5: 1080p29.97 (1920x1080, flags=Rec709)]
[info][2026-07-29 14:14:48.928][decklink][  6: 1080p30 (1920x1080, flags=Rec709)]
[info][2026-07-29 14:14:48.928][decklink][  7: 1080p47.95 (1920x1080, flags=Rec709)]
[info][2026-07-29 14:14:48.928][decklink][  8: 1080p48 (1920x1080, flags=Rec709)]
[info][2026-07-29 14:14:48.928][decklink][  9: 1080p50 (1920x1080, flags=Rec709)]
[info][2026-07-29 14:14:48.928][decklink][  10: 1080p59.94 (1920x1080, flags=Rec709)]
[info][2026-07-29 14:14:48.928][decklink][  11: 1080p60 (1920x1080, flags=Rec709)]
[info][2026-07-29 14:14:48.928][decklink][  12: 1080p95.90 (1920x1080, flags=Rec709)]
[info][2026-07-29 14:14:48.928][decklink][  13: 1080p96 (1920x1080, flags=Rec709)]
[info][2026-07-29 14:14:48.928][decklink][  14: 1080p100 (1920x1080, flags=Rec709)]
[info][2026-07-29 14:14:48.928][decklink][  15: 1080p119.88 (1920x1080, flags=Rec709)]
[info][2026-07-29 14:14:48.928][decklink][  16: 1080p120 (1920x1080, flags=Rec709)]
[info][2026-07-29 14:14:48.928][decklink][  17: 1080i50 (1920x1080, flags=Rec709)]
[info][2026-07-29 14:14:48.928][decklink][  18: 1080i59.94 (1920x1080, flags=Rec709)]
[info][2026-07-29 14:14:48.928][decklink][  19: 1080i60 (1920x1080, flags=Rec709)]
[info][2026-07-29 14:14:48.928][decklink][  20: 720p50 (1280x720, flags=Rec709)]
[info][2026-07-29 14:14:48.928][decklink][  21: 720p59.94 (1280x720, flags=Rec709)]
[info][2026-07-29 14:14:48.928][decklink][  22: 720p60 (1280x720, flags=Rec709)]
[info][2026-07-29 14:14:48.928][decklink][  23: 2Kp23.98 DCI (2048x1080, flags=Rec709)]
[info][2026-07-29 14:14:48.928][decklink][  24: 2Kp24 DCI (2048x1080, flags=Rec709)]
[info][2026-07-29 14:14:48.928][decklink][  25: 2Kp25 DCI (2048x1080, flags=Rec709)]
[info][2026-07-29 14:14:48.928][decklink][  26: 2Kp29.97 DCI (2048x1080, flags=Rec709)]
[info][2026-07-29 14:14:48.928][decklink][  27: 2Kp30 DCI (2048x1080, flags=Rec709)]
[info][2026-07-29 14:14:48.928][decklink][  28: 2Kp47.95 DCI (2048x1080, flags=Rec709)]
[info][2026-07-29 14:14:48.928][decklink][  29: 2Kp48 DCI (2048x1080, flags=Rec709)]
[info][2026-07-29 14:14:48.928][decklink][  30: 2Kp50 DCI (2048x1080, flags=Rec709)]
[info][2026-07-29 14:14:48.928][decklink][  31: 2Kp59.94 DCI (2048x1080, flags=Rec709)]
[info][2026-07-29 14:14:48.928][decklink][  32: 2Kp60 DCI (2048x1080, flags=Rec709)]
[info][2026-07-29 14:14:48.928][decklink][  33: 2Kp95.90 DCI (2048x1080, flags=Rec709)]
[info][2026-07-29 14:14:48.928][decklink][  34: 2Kp96 DCI (2048x1080, flags=Rec709)]
[info][2026-07-29 14:14:48.928][decklink][  35: 2Kp100 DCI (2048x1080, flags=Rec709)]
[info][2026-07-29 14:14:48.928][decklink][  36: 2Kp119.88 DCI (2048x1080, flags=Rec709)]
[info][2026-07-29 14:14:48.928][decklink][  37: 2Kp120 DCI (2048x1080, flags=Rec709)]
[info][2026-07-29 14:14:48.928][decklink][  38: 2160p23.98 (3840x2160, flags=Rec709)]
[info][2026-07-29 14:14:48.928][decklink][  39: 2160p24 (3840x2160, flags=Rec709)]
[info][2026-07-29 14:14:48.928][decklink][  40: 2160p25 (3840x2160, flags=Rec709)]
[info][2026-07-29 14:14:48.928][decklink][  41: 2160p29.97 (3840x2160, flags=Rec709)]
[info][2026-07-29 14:14:48.928][decklink][  42: 2160p30 (3840x2160, flags=Rec709)]
[info][2026-07-29 14:14:48.928][decklink][  43: 2160p47.95 (3840x2160, flags=Rec709)]
[info][2026-07-29 14:14:48.928][decklink][  44: 2160p48 (3840x2160, flags=Rec709)]
[info][2026-07-29 14:14:48.928][decklink][  45: 2160p50 (3840x2160, flags=Rec709)]
[info][2026-07-29 14:14:48.928][decklink][  46: 2160p59.94 (3840x2160, flags=Rec709)]
[info][2026-07-29 14:14:48.928][decklink][  47: 2160p60 (3840x2160, flags=Rec709)]
[info][2026-07-29 14:14:48.928][decklink][  48: 2160p95.90 (3840x2160, flags=Rec709)]
[info][2026-07-29 14:14:48.928][decklink][  49: 2160p96 (3840x2160, flags=Rec709)]
[info][2026-07-29 14:14:48.928][decklink][  50: 2160p100 (3840x2160, flags=Rec709)]
[info][2026-07-29 14:14:48.928][decklink][  51: 2160p119.88 (3840x2160, flags=Rec709)]
[info][2026-07-29 14:14:48.928][decklink][  52: 2160p120 (3840x2160, flags=Rec709)]
[info][2026-07-29 14:14:48.928][decklink][  53: 4Kp23.98 DCI (4096x2160, flags=Rec709)]
[info][2026-07-29 14:14:48.928][decklink][  54: 4Kp24 DCI (4096x2160, flags=Rec709)]
[info][2026-07-29 14:14:48.928][decklink][  55: 4Kp25 DCI (4096x2160, flags=Rec709)]
[info][2026-07-29 14:14:48.928][decklink][  56: 4Kp29.97 DCI (4096x2160, flags=Rec709)]
[info][2026-07-29 14:14:48.928][decklink][  57: 4Kp30 DCI (4096x2160, flags=Rec709)]
[info][2026-07-29 14:14:48.928][decklink][  58: 4Kp47.95 DCI (4096x2160, flags=Rec709)]
[info][2026-07-29 14:14:48.928][decklink][  59: 4Kp48 DCI (4096x2160, flags=Rec709)]
[info][2026-07-29 14:14:48.928][decklink][  60: 4Kp50 DCI (4096x2160, flags=Rec709)]
[info][2026-07-29 14:14:48.928][decklink][  61: 4Kp59.94 DCI (4096x2160, flags=Rec709)]
[info][2026-07-29 14:14:48.928][decklink][  62: 4Kp60 DCI (4096x2160, flags=Rec709)]
[info][2026-07-29 14:14:48.928][decklink][  63: 4Kp95.90 DCI (4096x2160, flags=Rec709)]
[info][2026-07-29 14:14:48.928][decklink][  64: 4Kp96 DCI (4096x2160, flags=Rec709)]
[info][2026-07-29 14:14:48.928][decklink][  65: 4Kp100 DCI (4096x2160, flags=Rec709)]
[info][2026-07-29 14:14:48.928][decklink][  66: 4Kp119.88 DCI (4096x2160, flags=Rec709)]
[info][2026-07-29 14:14:48.928][decklink][  67: 4Kp120 DCI (4096x2160, flags=Rec709)]
[info][2026-07-29 14:14:48.929][decklink][  68: 4320p23.98 (7680x4320, flags=Rec709)]
[info][2026-07-29 14:14:48.929][decklink][  69: 4320p24 (7680x4320, flags=Rec709)]
[info][2026-07-29 14:14:48.929][decklink][  70: 4320p25 (7680x4320, flags=Rec709)]
[info][2026-07-29 14:14:48.929][decklink][  71: 4320p29.97 (7680x4320, flags=Rec709)]
[info][2026-07-29 14:14:48.929][decklink][  72: 4320p30 (7680x4320, flags=Rec709)]
[info][2026-07-29 14:14:48.929][decklink][  73: 4320p47.95 (7680x4320, flags=Rec709)]
[info][2026-07-29 14:14:48.929][decklink][  74: 4320p48 (7680x4320, flags=Rec709)]
[info][2026-07-29 14:14:48.929][decklink][  75: 4320p50 (7680x4320, flags=Rec709)]
[info][2026-07-29 14:14:48.929][decklink][  76: 4320p59.94 (7680x4320, flags=Rec709)]
[info][2026-07-29 14:14:48.929][decklink][  77: 4320p60 (7680x4320, flags=Rec709)]
[info][2026-07-29 14:14:48.929][decklink][  78: 8Kp23.98 DCI (8192x4320, flags=Rec709)]
[info][2026-07-29 14:14:48.929][decklink][  79: 8Kp24 DCI (8192x4320, flags=Rec709)]
[info][2026-07-29 14:14:48.929][decklink][  80: 8Kp25 DCI (8192x4320, flags=Rec709)]
[info][2026-07-29 14:14:48.929][decklink][  81: 8Kp29.97 DCI (8192x4320, flags=Rec709)]
[info][2026-07-29 14:14:48.929][decklink][  82: 8Kp30 DCI (8192x4320, flags=Rec709)]
[info][2026-07-29 14:14:48.929][decklink][  83: 8Kp47.95 DCI (8192x4320, flags=Rec709)]
[info][2026-07-29 14:14:48.929][decklink][  84: 8Kp48 DCI (8192x4320, flags=Rec709)]
[info][2026-07-29 14:14:48.929][decklink][  85: 8Kp50 DCI (8192x4320, flags=Rec709)]
[info][2026-07-29 14:14:48.929][decklink][  86: 8Kp59.94 DCI (8192x4320, flags=Rec709)]
[info][2026-07-29 14:14:48.929][decklink][  87: 8Kp60 DCI (8192x4320, flags=Rec709)]
[info][2026-07-29 14:14:48.929][decklink][Waiting for input signal detection...]
[info][2026-07-29 14:14:48.941][decklink][Video input enabled with automatic format detection]
[info][2026-07-29 14:14:48.941][decklink][Capture started (UYVY 4:2:2)]
[info][2026-07-29 14:14:49.178][decklink][Video input format changed events=0x5, mode=1080i50, flags=Rec709, detected=YCbCr422, 10Bit (0x11)]
[info][2026-07-29 14:14:49.179][decklink][Video format changed: 1080i50]
[info][2026-07-29 14:14:50.180][decklink][Capture stopped]
[info][2026-07-29 14:14:50.201][decklink][Video input enabled with mode: 1080i50]
[info][2026-07-29 14:14:50.202][decklink][Capture started (UYVY 4:2:2)]
[info][2026-07-29 14:14:50.323][decklink][Video input format changed events=0x4, mode=1080i50, flags=Rec709, detected=YCbCr422, 10Bit (0x11)]
[info][2026-07-29 14:15:22.581][decklink][Capture stopped]
[info][2026-07-29 14:15:26.617][decklink][Configuring DeckLink input capture settings...]
[info][2026-07-29 14:15:26.617][decklink][Device supports genlock reference input]
[info][2026-07-29 14:15:26.617][decklink][Available display modes:]
[info][2026-07-29 14:15:26.617][decklink][  0: 525i59.94 NTSC (720x486, flags=Rec601)]
[info][2026-07-29 14:15:26.617][decklink][  1: 625i50 PAL (720x576, flags=Rec601)]
[info][2026-07-29 14:15:26.617][decklink][  2: 1080p23.98 (1920x1080, flags=Rec709)]
[info][2026-07-29 14:15:26.617][decklink][  3: 1080p24 (1920x1080, flags=Rec709)]
[info][2026-07-29 14:15:26.617][decklink][  4: 1080p25 (1920x1080, flags=Rec709)]
[info][2026-07-29 14:15:26.617][decklink][  5: 1080p29.97 (1920x1080, flags=Rec709)]
[info][2026-07-29 14:15:26.617][decklink][  6: 1080p30 (1920x1080, flags=Rec709)]
[info][2026-07-29 14:15:26.617][decklink][  7: 1080p47.95 (1920x1080, flags=Rec709)]
[info][2026-07-29 14:15:26.617][decklink][  8: 1080p48 (1920x1080, flags=Rec709)]
[info][2026-07-29 14:15:26.617][decklink][  9: 1080p50 (1920x1080, flags=Rec709)]
[info][2026-07-29 14:15:26.617][decklink][  10: 1080p59.94 (1920x1080, flags=Rec709)]
[info][2026-07-29 14:15:26.617][decklink][  11: 1080p60 (1920x1080, flags=Rec709)]
[info][2026-07-29 14:15:26.617][decklink][  12: 1080p95.90 (1920x1080, flags=Rec709)]
[info][2026-07-29 14:15:26.617][decklink][  13: 1080p96 (1920x1080, flags=Rec709)]
[info][2026-07-29 14:15:26.617][decklink][  14: 1080p100 (1920x1080, flags=Rec709)]
[info][2026-07-29 14:15:26.617][decklink][  15: 1080p119.88 (1920x1080, flags=Rec709)]
[info][2026-07-29 14:15:26.617][decklink][  16: 1080p120 (1920x1080, flags=Rec709)]
[info][2026-07-29 14:15:26.617][decklink][  17: 1080i50 (1920x1080, flags=Rec709)]
[info][2026-07-29 14:15:26.617][decklink][  18: 1080i59.94 (1920x1080, flags=Rec709)]
[info][2026-07-29 14:15:26.617][decklink][  19: 1080i60 (1920x1080, flags=Rec709)]
[info][2026-07-29 14:15:26.617][decklink][  20: 720p50 (1280x720, flags=Rec709)]
[info][2026-07-29 14:15:26.617][decklink][  21: 720p59.94 (1280x720, flags=Rec709)]
[info][2026-07-29 14:15:26.617][decklink][  22: 720p60 (1280x720, flags=Rec709)]
[info][2026-07-29 14:15:26.617][decklink][  23: 2Kp23.98 DCI (2048x1080, flags=Rec709)]
[info][2026-07-29 14:15:26.617][decklink][  24: 2Kp24 DCI (2048x1080, flags=Rec709)]
[info][2026-07-29 14:15:26.617][decklink][  25: 2Kp25 DCI (2048x1080, flags=Rec709)]
[info][2026-07-29 14:15:26.618][decklink][  26: 2Kp29.97 DCI (2048x1080, flags=Rec709)]
[info][2026-07-29 14:15:26.618][decklink][  27: 2Kp30 DCI (2048x1080, flags=Rec709)]
[info][2026-07-29 14:15:26.618][decklink][  28: 2Kp47.95 DCI (2048x1080, flags=Rec709)]
[info][2026-07-29 14:15:26.618][decklink][  29: 2Kp48 DCI (2048x1080, flags=Rec709)]
[info][2026-07-29 14:15:26.618][decklink][  30: 2Kp50 DCI (2048x1080, flags=Rec709)]
[info][2026-07-29 14:15:26.618][decklink][  31: 2Kp59.94 DCI (2048x1080, flags=Rec709)]
[info][2026-07-29 14:15:26.618][decklink][  32: 2Kp60 DCI (2048x1080, flags=Rec709)]
[info][2026-07-29 14:15:26.618][decklink][  33: 2Kp95.90 DCI (2048x1080, flags=Rec709)]
[info][2026-07-29 14:15:26.618][decklink][  34: 2Kp96 DCI (2048x1080, flags=Rec709)]
[info][2026-07-29 14:15:26.618][decklink][  35: 2Kp100 DCI (2048x1080, flags=Rec709)]
[info][2026-07-29 14:15:26.618][decklink][  36: 2Kp119.88 DCI (2048x1080, flags=Rec709)]
[info][2026-07-29 14:15:26.618][decklink][  37: 2Kp120 DCI (2048x1080, flags=Rec709)]
[info][2026-07-29 14:15:26.618][decklink][  38: 2160p23.98 (3840x2160, flags=Rec709)]
[info][2026-07-29 14:15:26.618][decklink][  39: 2160p24 (3840x2160, flags=Rec709)]
[info][2026-07-29 14:15:26.618][decklink][  40: 2160p25 (3840x2160, flags=Rec709)]
[info][2026-07-29 14:15:26.618][decklink][  41: 2160p29.97 (3840x2160, flags=Rec709)]
[info][2026-07-29 14:15:26.618][decklink][  42: 2160p30 (3840x2160, flags=Rec709)]
[info][2026-07-29 14:15:26.618][decklink][  43: 2160p47.95 (3840x2160, flags=Rec709)]
[info][2026-07-29 14:15:26.618][decklink][  44: 2160p48 (3840x2160, flags=Rec709)]
[info][2026-07-29 14:15:26.618][decklink][  45: 2160p50 (3840x2160, flags=Rec709)]
[info][2026-07-29 14:15:26.618][decklink][  46: 2160p59.94 (3840x2160, flags=Rec709)]
[info][2026-07-29 14:15:26.618][decklink][  47: 2160p60 (3840x2160, flags=Rec709)]
[info][2026-07-29 14:15:26.618][decklink][  48: 2160p95.90 (3840x2160, flags=Rec709)]
[info][2026-07-29 14:15:26.618][decklink][  49: 2160p96 (3840x2160, flags=Rec709)]
[info][2026-07-29 14:15:26.618][decklink][  50: 2160p100 (3840x2160, flags=Rec709)]
[info][2026-07-29 14:15:26.618][decklink][  51: 2160p119.88 (3840x2160, flags=Rec709)]
[info][2026-07-29 14:15:26.618][decklink][  52: 2160p120 (3840x2160, flags=Rec709)]
[info][2026-07-29 14:15:26.618][decklink][  53: 4Kp23.98 DCI (4096x2160, flags=Rec709)]
[info][2026-07-29 14:15:26.618][decklink][  54: 4Kp24 DCI (4096x2160, flags=Rec709)]
[info][2026-07-29 14:15:26.618][decklink][  55: 4Kp25 DCI (4096x2160, flags=Rec709)]
[info][2026-07-29 14:15:26.618][decklink][  56: 4Kp29.97 DCI (4096x2160, flags=Rec709)]
[info][2026-07-29 14:15:26.618][decklink][  57: 4Kp30 DCI (4096x2160, flags=Rec709)]
[info][2026-07-29 14:15:26.618][decklink][  58: 4Kp47.95 DCI (4096x2160, flags=Rec709)]
[info][2026-07-29 14:15:26.618][decklink][  59: 4Kp48 DCI (4096x2160, flags=Rec709)]
[info][2026-07-29 14:15:26.618][decklink][  60: 4Kp50 DCI (4096x2160, flags=Rec709)]
[info][2026-07-29 14:15:26.618][decklink][  61: 4Kp59.94 DCI (4096x2160, flags=Rec709)]
[info][2026-07-29 14:15:26.618][decklink][  62: 4Kp60 DCI (4096x2160, flags=Rec709)]
[info][2026-07-29 14:15:26.618][decklink][  63: 4Kp95.90 DCI (4096x2160, flags=Rec709)]
[info][2026-07-29 14:15:26.618][decklink][  64: 4Kp96 DCI (4096x2160, flags=Rec709)]
[info][2026-07-29 14:15:26.618][decklink][  65: 4Kp100 DCI (4096x2160, flags=Rec709)]
[info][2026-07-29 14:15:26.618][decklink][  66: 4Kp119.88 DCI (4096x2160, flags=Rec709)]
[info][2026-07-29 14:15:26.618][decklink][  67: 4Kp120 DCI (4096x2160, flags=Rec709)]
[info][2026-07-29 14:15:26.618][decklink][  68: 4320p23.98 (7680x4320, flags=Rec709)]
[info][2026-07-29 14:15:26.618][decklink][  69: 4320p24 (7680x4320, flags=Rec709)]
[info][2026-07-29 14:15:26.618][decklink][  70: 4320p25 (7680x4320, flags=Rec709)]
[info][2026-07-29 14:15:26.618][decklink][  71: 4320p29.97 (7680x4320, flags=Rec709)]
[info][2026-07-29 14:15:26.618][decklink][  72: 4320p30 (7680x4320, flags=Rec709)]
[info][2026-07-29 14:15:26.618][decklink][  73: 4320p47.95 (7680x4320, flags=Rec709)]
[info][2026-07-29 14:15:26.618][decklink][  74: 4320p48 (7680x4320, flags=Rec709)]
[info][2026-07-29 14:15:26.618][decklink][  75: 4320p50 (7680x4320, flags=Rec709)]
[info][2026-07-29 14:15:26.618][decklink][  76: 4320p59.94 (7680x4320, flags=Rec709)]
[info][2026-07-29 14:15:26.618][decklink][  77: 4320p60 (7680x4320, flags=Rec709)]
[info][2026-07-29 14:15:26.618][decklink][  78: 8Kp23.98 DCI (8192x4320, flags=Rec709)]
[info][2026-07-29 14:15:26.618][decklink][  79: 8Kp24 DCI (8192x4320, flags=Rec709)]
[info][2026-07-29 14:15:26.618][decklink][  80: 8Kp25 DCI (8192x4320, flags=Rec709)]
[info][2026-07-29 14:15:26.618][decklink][  81: 8Kp29.97 DCI (8192x4320, flags=Rec709)]
[info][2026-07-29 14:15:26.618][decklink][  82: 8Kp30 DCI (8192x4320, flags=Rec709)]
[info][2026-07-29 14:15:26.618][decklink][  83: 8Kp47.95 DCI (8192x4320, flags=Rec709)]
[info][2026-07-29 14:15:26.618][decklink][  84: 8Kp48 DCI (8192x4320, flags=Rec709)]
[info][2026-07-29 14:15:26.618][decklink][  85: 8Kp50 DCI (8192x4320, flags=Rec709)]
[info][2026-07-29 14:15:26.618][decklink][  86: 8Kp59.94 DCI (8192x4320, flags=Rec709)]
[info][2026-07-29 14:15:26.618][decklink][  87: 8Kp60 DCI (8192x4320, flags=Rec709)]
[info][2026-07-29 14:15:26.618][decklink][Waiting for input signal detection...]
[info][2026-07-29 14:15:26.630][decklink][Video input enabled with automatic format detection]
[info][2026-07-29 14:15:26.630][decklink][Capture started (UYVY 4:2:2)]
[info][2026-07-29 14:15:26.899][decklink][Video input format changed events=0x5, mode=1080i50, flags=Rec709, detected=YCbCr422, 10Bit (0x11)]
[info][2026-07-29 14:15:26.899][decklink][Video format changed: 1080i50]
[info][2026-07-29 14:15:26.900][decklink][Capture stopped]
[info][2026-07-29 14:15:26.923][decklink][Video input enabled with mode: 1080i50]
[info][2026-07-29 14:15:26.923][decklink][Capture started (UYVY 4:2:2)]
[info][2026-07-29 14:15:27.042][decklink][Video input format changed events=0x4, mode=1080i50, flags=Rec709, detected=YCbCr422, 10Bit (0x11)]
[info][2026-07-29 14:15:35.901][decklink][Capture stopped]
[info][2026-07-29 14:19:57.931][decklink][Configuring DeckLink input capture settings...]
[info][2026-07-29 14:19:57.931][decklink][Device supports genlock reference input]
[info][2026-07-29 14:19:57.931][decklink][Available display modes:]
[info][2026-07-29 14:19:57.931][decklink][  0: 525i59.94 NTSC (720x486, flags=Rec601)]
[info][2026-07-29 14:19:57.931][decklink][  1: 625i50 PAL (720x576, flags=Rec601)]
[info][2026-07-29 14:19:57.931][decklink][  2: 1080p23.98 (1920x1080, flags=Rec709)]
[info][2026-07-29 14:19:57.931][decklink][  3: 1080p24 (1920x1080, flags=Rec709)]
[info][2026-07-29 14:19:57.931][decklink][  4: 1080p25 (1920x1080, flags=Rec709)]
[info][2026-07-29 14:19:57.931][decklink][  5: 1080p29.97 (1920x1080, flags=Rec709)]
[info][2026-07-29 14:19:57.931][decklink][  6: 1080p30 (1920x1080, flags=Rec709)]
[info][2026-07-29 14:19:57.931][decklink][  7: 1080p47.95 (1920x1080, flags=Rec709)]
[info][2026-07-29 14:19:57.931][decklink][  8: 1080p48 (1920x1080, flags=Rec709)]
[info][2026-07-29 14:19:57.931][decklink][  9: 1080p50 (1920x1080, flags=Rec709)]
[info][2026-07-29 14:19:57.931][decklink][  10: 1080p59.94 (1920x1080, flags=Rec709)]
[info][2026-07-29 14:19:57.931][decklink][  11: 1080p60 (1920x1080, flags=Rec709)]
[info][2026-07-29 14:19:57.931][decklink][  12: 1080p95.90 (1920x1080, flags=Rec709)]
[info][2026-07-29 14:19:57.931][decklink][  13: 1080p96 (1920x1080, flags=Rec709)]
[info][2026-07-29 14:19:57.931][decklink][  14: 1080p100 (1920x1080, flags=Rec709)]
[info][2026-07-29 14:19:57.931][decklink][  15: 1080p119.88 (1920x1080, flags=Rec709)]
[info][2026-07-29 14:19:57.931][decklink][  16: 1080p120 (1920x1080, flags=Rec709)]
[info][2026-07-29 14:19:57.931][decklink][  17: 1080i50 (1920x1080, flags=Rec709)]
[info][2026-07-29 14:19:57.931][decklink][  18: 1080i59.94 (1920x1080, flags=Rec709)]
[info][2026-07-29 14:19:57.931][decklink][  19: 1080i60 (1920x1080, flags=Rec709)]
[info][2026-07-29 14:19:57.931][decklink][  20: 720p50 (1280x720, flags=Rec709)]
[info][2026-07-29 14:19:57.931][decklink][  21: 720p59.94 (1280x720, flags=Rec709)]
[info][2026-07-29 14:19:57.931][decklink][  22: 720p60 (1280x720, flags=Rec709)]
[info][2026-07-29 14:19:57.931][decklink][  23: 2Kp23.98 DCI (2048x1080, flags=Rec709)]
[info][2026-07-29 14:19:57.931][decklink][  24: 2Kp24 DCI (2048x1080, flags=Rec709)]
[info][2026-07-29 14:19:57.931][decklink][  25: 2Kp25 DCI (2048x1080, flags=Rec709)]
[info][2026-07-29 14:19:57.931][decklink][  26: 2Kp29.97 DCI (2048x1080, flags=Rec709)]
[info][2026-07-29 14:19:57.931][decklink][  27: 2Kp30 DCI (2048x1080, flags=Rec709)]
[info][2026-07-29 14:19:57.931][decklink][  28: 2Kp47.95 DCI (2048x1080, flags=Rec709)]
[info][2026-07-29 14:19:57.931][decklink][  29: 2Kp48 DCI (2048x1080, flags=Rec709)]
[info][2026-07-29 14:19:57.931][decklink][  30: 2Kp50 DCI (2048x1080, flags=Rec709)]
[info][2026-07-29 14:19:57.931][decklink][  31: 2Kp59.94 DCI (2048x1080, flags=Rec709)]
[info][2026-07-29 14:19:57.931][decklink][  32: 2Kp60 DCI (2048x1080, flags=Rec709)]
[info][2026-07-29 14:19:57.931][decklink][  33: 2Kp95.90 DCI (2048x1080, flags=Rec709)]
[info][2026-07-29 14:19:57.931][decklink][  34: 2Kp96 DCI (2048x1080, flags=Rec709)]
[info][2026-07-29 14:19:57.931][decklink][  35: 2Kp100 DCI (2048x1080, flags=Rec709)]
[info][2026-07-29 14:19:57.931][decklink][  36: 2Kp119.88 DCI (2048x1080, flags=Rec709)]
[info][2026-07-29 14:19:57.931][decklink][  37: 2Kp120 DCI (2048x1080, flags=Rec709)]
[info][2026-07-29 14:19:57.931][decklink][  38: 2160p23.98 (3840x2160, flags=Rec709)]
[info][2026-07-29 14:19:57.931][decklink][  39: 2160p24 (3840x2160, flags=Rec709)]
[info][2026-07-29 14:19:57.931][decklink][  40: 2160p25 (3840x2160, flags=Rec709)]
[info][2026-07-29 14:19:57.931][decklink][  41: 2160p29.97 (3840x2160, flags=Rec709)]
[info][2026-07-29 14:19:57.931][decklink][  42: 2160p30 (3840x2160, flags=Rec709)]
[info][2026-07-29 14:19:57.931][decklink][  43: 2160p47.95 (3840x2160, flags=Rec709)]
[info][2026-07-29 14:19:57.931][decklink][  44: 2160p48 (3840x2160, flags=Rec709)]
[info][2026-07-29 14:19:57.931][decklink][  45: 2160p50 (3840x2160, flags=Rec709)]
[info][2026-07-29 14:19:57.931][decklink][  46: 2160p59.94 (3840x2160, flags=Rec709)]
[info][2026-07-29 14:19:57.931][decklink][  47: 2160p60 (3840x2160, flags=Rec709)]
[info][2026-07-29 14:19:57.931][decklink][  48: 2160p95.90 (3840x2160, flags=Rec709)]
[info][2026-07-29 14:19:57.931][decklink][  49: 2160p96 (3840x2160, flags=Rec709)]
[info][2026-07-29 14:19:57.931][decklink][  50: 2160p100 (3840x2160, flags=Rec709)]
[info][2026-07-29 14:19:57.931][decklink][  51: 2160p119.88 (3840x2160, flags=Rec709)]
[info][2026-07-29 14:19:57.931][decklink][  52: 2160p120 (3840x2160, flags=Rec709)]
[info][2026-07-29 14:19:57.931][decklink][  53: 4Kp23.98 DCI (4096x2160, flags=Rec709)]
[info][2026-07-29 14:19:57.931][decklink][  54: 4Kp24 DCI (4096x2160, flags=Rec709)]
[info][2026-07-29 14:19:57.931][decklink][  55: 4Kp25 DCI (4096x2160, flags=Rec709)]
[info][2026-07-29 14:19:57.931][decklink][  56: 4Kp29.97 DCI (4096x2160, flags=Rec709)]
[info][2026-07-29 14:19:57.931][decklink][  57: 4Kp30 DCI (4096x2160, flags=Rec709)]
[info][2026-07-29 14:19:57.931][decklink][  58: 4Kp47.95 DCI (4096x2160, flags=Rec709)]
[info][2026-07-29 14:19:57.931][decklink][  59: 4Kp48 DCI (4096x2160, flags=Rec709)]
[info][2026-07-29 14:19:57.931][decklink][  60: 4Kp50 DCI (4096x2160, flags=Rec709)]
[info][2026-07-29 14:19:57.931][decklink][  61: 4Kp59.94 DCI (4096x2160, flags=Rec709)]
[info][2026-07-29 14:19:57.931][decklink][  62: 4Kp60 DCI (4096x2160, flags=Rec709)]
[info][2026-07-29 14:19:57.931][decklink][  63: 4Kp95.90 DCI (4096x2160, flags=Rec709)]
[info][2026-07-29 14:19:57.931][decklink][  64: 4Kp96 DCI (4096x2160, flags=Rec709)]
[info][2026-07-29 14:19:57.931][decklink][  65: 4Kp100 DCI (4096x2160, flags=Rec709)]
[info][2026-07-29 14:19:57.931][decklink][  66: 4Kp119.88 DCI (4096x2160, flags=Rec709)]
[info][2026-07-29 14:19:57.931][decklink][  67: 4Kp120 DCI (4096x2160, flags=Rec709)]
[info][2026-07-29 14:19:57.931][decklink][  68: 4320p23.98 (7680x4320, flags=Rec709)]
[info][2026-07-29 14:19:57.931][decklink][  69: 4320p24 (7680x4320, flags=Rec709)]
[info][2026-07-29 14:19:57.931][decklink][  70: 4320p25 (7680x4320, flags=Rec709)]
[info][2026-07-29 14:19:57.931][decklink][  71: 4320p29.97 (7680x4320, flags=Rec709)]
[info][2026-07-29 14:19:57.931][decklink][  72: 4320p30 (7680x4320, flags=Rec709)]
[info][2026-07-29 14:19:57.931][decklink][  73: 4320p47.95 (7680x4320, flags=Rec709)]
[info][2026-07-29 14:19:57.931][decklink][  74: 4320p48 (7680x4320, flags=Rec709)]
[info][2026-07-29 14:19:57.931][decklink][  75: 4320p50 (7680x4320, flags=Rec709)]
[info][2026-07-29 14:19:57.931][decklink][  76: 4320p59.94 (7680x4320, flags=Rec709)]
[info][2026-07-29 14:19:57.931][decklink][  77: 4320p60 (7680x4320, flags=Rec709)]
[info][2026-07-29 14:19:57.931][decklink][  78: 8Kp23.98 DCI (8192x4320, flags=Rec709)]
[info][2026-07-29 14:19:57.931][decklink][  79: 8Kp24 DCI (8192x4320, flags=Rec709)]
[info][2026-07-29 14:19:57.931][decklink][  80: 8Kp25 DCI (8192x4320, flags=Rec709)]
[info][2026-07-29 14:19:57.931][decklink][  81: 8Kp29.97 DCI (8192x4320, flags=Rec709)]
[info][2026-07-29 14:19:57.931][decklink][  82: 8Kp30 DCI (8192x4320, flags=Rec709)]
[info][2026-07-29 14:19:57.931][decklink][  83: 8Kp47.95 DCI (8192x4320, flags=Rec709)]
[info][2026-07-29 14:19:57.931][decklink][  84: 8Kp48 DCI (8192x4320, flags=Rec709)]
[info][2026-07-29 14:19:57.931][decklink][  85: 8Kp50 DCI (8192x4320, flags=Rec709)]
[info][2026-07-29 14:19:57.931][decklink][  86: 8Kp59.94 DCI (8192x4320, flags=Rec709)]
[info][2026-07-29 14:19:57.931][decklink][  87: 8Kp60 DCI (8192x4320, flags=Rec709)]
[info][2026-07-29 14:19:57.931][decklink][Waiting for input signal detection...]
[info][2026-07-29 14:19:57.942][decklink][Video input enabled with automatic format detection]
[info][2026-07-29 14:19:57.942][decklink][Capture started (UYVY 4:2:2)]
[info][2026-07-29 14:19:58.195][decklink][Using default output mode: 1080p25]
[info][2026-07-29 14:19:58.218][decklink][Video input format changed events=0x5, mode=1080i50, flags=Rec709, detected=YCbCr422, 10Bit (0x11)]
[info][2026-07-29 14:19:58.218][decklink][Video format changed: 1080i50]
[info][2026-07-29 14:19:58.224][decklink][[Output 0] DeckLink 8K Pro (1) / DeckLink 8K Pro (subDevice=0, profile=0x34646864, duplex=0x64786861, ioSupport=0x3, outConns=0x1, busy=0x0)]
[info][2026-07-29 14:19:58.224][decklink][[Output 1] DeckLink 8K Pro (2) / DeckLink 8K Pro (subDevice=1, profile=0x34646864, duplex=0x64786861, ioSupport=0x3, outConns=0x1, busy=0x2)]
[info][2026-07-29 14:19:58.224][decklink][[Output 2] DeckLink 8K Pro (3) / DeckLink 8K Pro (subDevice=2, profile=0x34646864, duplex=0x64786861, ioSupport=0x3, outConns=0x1, busy=0x0)]
[info][2026-07-29 14:19:58.224][decklink][[Output 3] DeckLink 8K Pro (4) / DeckLink 8K Pro (subDevice=3, profile=0x34646864, duplex=0x64786861, ioSupport=0x3, outConns=0x1, busy=0x1)]
[info][2026-07-29 14:19:58.224][decklink][[Output 1] Selected output connection: SDI]
[error][2026-07-29 14:19:58.226][decklink][[Output 1] EnableVideoOutput failed (mode=1080p25, conn=1, hr=0x-7ffffff7)]
[warning][2026-07-29 14:19:58.226][decklink][Requested output index 1 failed; trying fallback output index 2]
[info][2026-07-29 14:19:58.226][decklink][[Output 2] Selected output connection: SDI]
[info][2026-07-29 14:19:58.227][decklink][Successfully initialized DeckLink output on output index 2 with mode: 1080p25]
[info][2026-07-29 14:19:58.227][decklink][]
[info][2026-07-29 14:19:58.227][decklink][═══════════════════════════════════════════════════════════]
[info][2026-07-29 14:19:58.227][decklink][  CHECKING OUTPUT GENLOCK STATUS]
[info][2026-07-29 14:19:58.227][decklink][═══════════════════════════════════════════════════════════]
[info][2026-07-29 14:19:58.227][decklink][Output device supports genlock - will sync to reference input]
[info][2026-07-29 14:19:58.227][decklink][Output genlock status: Unlocked - Genlock reference lock has not been achieved]
[info][2026-07-29 14:19:58.227][decklink][]
[warning][2026-07-29 14:19:58.227][decklink][Output is not locked to genlock reference. Waiting for lock...]
[info][2026-07-29 14:19:58.228][decklink][Capture stopped]
[info][2026-07-29 14:19:58.249][decklink][Video input enabled with mode: 1080i50]
[info][2026-07-29 14:19:58.249][decklink][Capture started (UYVY 4:2:2)]
[info][2026-07-29 14:19:58.364][decklink][Video input format changed events=0x4, mode=1080i50, flags=Rec709, detected=YCbCr422, 10Bit (0x11)]
[warning][2026-07-29 14:20:03.233][decklink][Output genlock reference lock timeout. Output may not be synchronized.]
[warning][2026-07-29 14:20:03.233][decklink][Genlock: UNLOCKED | CHECK BMD APP]
[info][2026-07-29 14:20:03.233][decklink][DeckLink scheduled playback enabled (1920x1080, duration=1000, scale=25000)]
[error][2026-07-29 14:20:03.235][decklink][Output frame size 1280x720 does not match enabled DeckLink mode 1920x1080]
[info][2026-07-29 14:56:51.200][decklink][Configuring DeckLink input capture settings...]
[info][2026-07-29 14:56:51.200][decklink][Device supports genlock reference input]
[info][2026-07-29 14:56:51.200][decklink][Available display modes:]
[info][2026-07-29 14:56:51.200][decklink][  0: 525i59.94 NTSC (720x486, flags=Rec601)]
[info][2026-07-29 14:56:51.200][decklink][  1: 625i50 PAL (720x576, flags=Rec601)]
[info][2026-07-29 14:56:51.200][decklink][  2: 1080p23.98 (1920x1080, flags=Rec709)]
[info][2026-07-29 14:56:51.200][decklink][  3: 1080p24 (1920x1080, flags=Rec709)]
[info][2026-07-29 14:56:51.200][decklink][  4: 1080p25 (1920x1080, flags=Rec709)]
[info][2026-07-29 14:56:51.200][decklink][  5: 1080p29.97 (1920x1080, flags=Rec709)]
[info][2026-07-29 14:56:51.200][decklink][  6: 1080p30 (1920x1080, flags=Rec709)]
[info][2026-07-29 14:56:51.200][decklink][  7: 1080p47.95 (1920x1080, flags=Rec709)]
[info][2026-07-29 14:56:51.200][decklink][  8: 1080p48 (1920x1080, flags=Rec709)]
[info][2026-07-29 14:56:51.200][decklink][  9: 1080p50 (1920x1080, flags=Rec709)]
[info][2026-07-29 14:56:51.200][decklink][  10: 1080p59.94 (1920x1080, flags=Rec709)]
[info][2026-07-29 14:56:51.200][decklink][  11: 1080p60 (1920x1080, flags=Rec709)]
[info][2026-07-29 14:56:51.200][decklink][  12: 1080p95.90 (1920x1080, flags=Rec709)]
[info][2026-07-29 14:56:51.200][decklink][  13: 1080p96 (1920x1080, flags=Rec709)]
[info][2026-07-29 14:56:51.200][decklink][  14: 1080p100 (1920x1080, flags=Rec709)]
[info][2026-07-29 14:56:51.200][decklink][  15: 1080p119.88 (1920x1080, flags=Rec709)]
[info][2026-07-29 14:56:51.200][decklink][  16: 1080p120 (1920x1080, flags=Rec709)]
[info][2026-07-29 14:56:51.200][decklink][  17: 1080i50 (1920x1080, flags=Rec709)]
[info][2026-07-29 14:56:51.200][decklink][  18: 1080i59.94 (1920x1080, flags=Rec709)]
[info][2026-07-29 14:56:51.200][decklink][  19: 1080i60 (1920x1080, flags=Rec709)]
[info][2026-07-29 14:56:51.200][decklink][  20: 720p50 (1280x720, flags=Rec709)]
[info][2026-07-29 14:56:51.200][decklink][  21: 720p59.94 (1280x720, flags=Rec709)]
[info][2026-07-29 14:56:51.200][decklink][  22: 720p60 (1280x720, flags=Rec709)]
[info][2026-07-29 14:56:51.200][decklink][  23: 2Kp23.98 DCI (2048x1080, flags=Rec709)]
[info][2026-07-29 14:56:51.200][decklink][  24: 2Kp24 DCI (2048x1080, flags=Rec709)]
[info][2026-07-29 14:56:51.200][decklink][  25: 2Kp25 DCI (2048x1080, flags=Rec709)]
[info][2026-07-29 14:56:51.200][decklink][  26: 2Kp29.97 DCI (2048x1080, flags=Rec709)]
[info][2026-07-29 14:56:51.200][decklink][  27: 2Kp30 DCI (2048x1080, flags=Rec709)]
[info][2026-07-29 14:56:51.200][decklink][  28: 2Kp47.95 DCI (2048x1080, flags=Rec709)]
[info][2026-07-29 14:56:51.200][decklink][  29: 2Kp48 DCI (2048x1080, flags=Rec709)]
[info][2026-07-29 14:56:51.200][decklink][  30: 2Kp50 DCI (2048x1080, flags=Rec709)]
[info][2026-07-29 14:56:51.201][decklink][  31: 2Kp59.94 DCI (2048x1080, flags=Rec709)]
[info][2026-07-29 14:56:51.201][decklink][  32: 2Kp60 DCI (2048x1080, flags=Rec709)]
[info][2026-07-29 14:56:51.201][decklink][  33: 2Kp95.90 DCI (2048x1080, flags=Rec709)]
[info][2026-07-29 14:56:51.201][decklink][  34: 2Kp96 DCI (2048x1080, flags=Rec709)]
[info][2026-07-29 14:56:51.201][decklink][  35: 2Kp100 DCI (2048x1080, flags=Rec709)]
[info][2026-07-29 14:56:51.201][decklink][  36: 2Kp119.88 DCI (2048x1080, flags=Rec709)]
[info][2026-07-29 14:56:51.201][decklink][  37: 2Kp120 DCI (2048x1080, flags=Rec709)]
[info][2026-07-29 14:56:51.201][decklink][  38: 2160p23.98 (3840x2160, flags=Rec709)]
[info][2026-07-29 14:56:51.201][decklink][  39: 2160p24 (3840x2160, flags=Rec709)]
[info][2026-07-29 14:56:51.201][decklink][  40: 2160p25 (3840x2160, flags=Rec709)]
[info][2026-07-29 14:56:51.201][decklink][  41: 2160p29.97 (3840x2160, flags=Rec709)]
[info][2026-07-29 14:56:51.201][decklink][  42: 2160p30 (3840x2160, flags=Rec709)]
[info][2026-07-29 14:56:51.201][decklink][  43: 2160p47.95 (3840x2160, flags=Rec709)]
[info][2026-07-29 14:56:51.201][decklink][  44: 2160p48 (3840x2160, flags=Rec709)]
[info][2026-07-29 14:56:51.201][decklink][  45: 2160p50 (3840x2160, flags=Rec709)]
[info][2026-07-29 14:56:51.201][decklink][  46: 2160p59.94 (3840x2160, flags=Rec709)]
[info][2026-07-29 14:56:51.201][decklink][  47: 2160p60 (3840x2160, flags=Rec709)]
[info][2026-07-29 14:56:51.201][decklink][  48: 2160p95.90 (3840x2160, flags=Rec709)]
[info][2026-07-29 14:56:51.201][decklink][  49: 2160p96 (3840x2160, flags=Rec709)]
[info][2026-07-29 14:56:51.201][decklink][  50: 2160p100 (3840x2160, flags=Rec709)]
[info][2026-07-29 14:56:51.201][decklink][  51: 2160p119.88 (3840x2160, flags=Rec709)]
[info][2026-07-29 14:56:51.201][decklink][  52: 2160p120 (3840x2160, flags=Rec709)]
[info][2026-07-29 14:56:51.201][decklink][  53: 4Kp23.98 DCI (4096x2160, flags=Rec709)]
[info][2026-07-29 14:56:51.201][decklink][  54: 4Kp24 DCI (4096x2160, flags=Rec709)]
[info][2026-07-29 14:56:51.201][decklink][  55: 4Kp25 DCI (4096x2160, flags=Rec709)]
[info][2026-07-29 14:56:51.201][decklink][  56: 4Kp29.97 DCI (4096x2160, flags=Rec709)]
[info][2026-07-29 14:56:51.201][decklink][  57: 4Kp30 DCI (4096x2160, flags=Rec709)]
[info][2026-07-29 14:56:51.201][decklink][  58: 4Kp47.95 DCI (4096x2160, flags=Rec709)]
[info][2026-07-29 14:56:51.201][decklink][  59: 4Kp48 DCI (4096x2160, flags=Rec709)]
[info][2026-07-29 14:56:51.201][decklink][  60: 4Kp50 DCI (4096x2160, flags=Rec709)]
[info][2026-07-29 14:56:51.201][decklink][  61: 4Kp59.94 DCI (4096x2160, flags=Rec709)]
[info][2026-07-29 14:56:51.201][decklink][  62: 4Kp60 DCI (4096x2160, flags=Rec709)]
[info][2026-07-29 14:56:51.201][decklink][  63: 4Kp95.90 DCI (4096x2160, flags=Rec709)]
[info][2026-07-29 14:56:51.201][decklink][  64: 4Kp96 DCI (4096x2160, flags=Rec709)]
[info][2026-07-29 14:56:51.201][decklink][  65: 4Kp100 DCI (4096x2160, flags=Rec709)]
[info][2026-07-29 14:56:51.201][decklink][  66: 4Kp119.88 DCI (4096x2160, flags=Rec709)]
[info][2026-07-29 14:56:51.201][decklink][  67: 4Kp120 DCI (4096x2160, flags=Rec709)]
[info][2026-07-29 14:56:51.201][decklink][  68: 4320p23.98 (7680x4320, flags=Rec709)]
[info][2026-07-29 14:56:51.201][decklink][  69: 4320p24 (7680x4320, flags=Rec709)]
[info][2026-07-29 14:56:51.201][decklink][  70: 4320p25 (7680x4320, flags=Rec709)]
[info][2026-07-29 14:56:51.201][decklink][  71: 4320p29.97 (7680x4320, flags=Rec709)]
[info][2026-07-29 14:56:51.201][decklink][  72: 4320p30 (7680x4320, flags=Rec709)]
[info][2026-07-29 14:56:51.201][decklink][  73: 4320p47.95 (7680x4320, flags=Rec709)]
[info][2026-07-29 14:56:51.201][decklink][  74: 4320p48 (7680x4320, flags=Rec709)]
[info][2026-07-29 14:56:51.201][decklink][  75: 4320p50 (7680x4320, flags=Rec709)]
[info][2026-07-29 14:56:51.201][decklink][  76: 4320p59.94 (7680x4320, flags=Rec709)]
[info][2026-07-29 14:56:51.201][decklink][  77: 4320p60 (7680x4320, flags=Rec709)]
[info][2026-07-29 14:56:51.201][decklink][  78: 8Kp23.98 DCI (8192x4320, flags=Rec709)]
[info][2026-07-29 14:56:51.201][decklink][  79: 8Kp24 DCI (8192x4320, flags=Rec709)]
[info][2026-07-29 14:56:51.201][decklink][  80: 8Kp25 DCI (8192x4320, flags=Rec709)]
[info][2026-07-29 14:56:51.201][decklink][  81: 8Kp29.97 DCI (8192x4320, flags=Rec709)]
[info][2026-07-29 14:56:51.201][decklink][  82: 8Kp30 DCI (8192x4320, flags=Rec709)]
[info][2026-07-29 14:56:51.201][decklink][  83: 8Kp47.95 DCI (8192x4320, flags=Rec709)]
[info][2026-07-29 14:56:51.201][decklink][  84: 8Kp48 DCI (8192x4320, flags=Rec709)]
[info][2026-07-29 14:56:51.201][decklink][  85: 8Kp50 DCI (8192x4320, flags=Rec709)]
[info][2026-07-29 14:56:51.201][decklink][  86: 8Kp59.94 DCI (8192x4320, flags=Rec709)]
[info][2026-07-29 14:56:51.201][decklink][  87: 8Kp60 DCI (8192x4320, flags=Rec709)]
[info][2026-07-29 14:56:51.201][decklink][Waiting for input signal detection...]
[info][2026-07-29 14:56:51.210][decklink][Video input enabled with automatic format detection]
[info][2026-07-29 14:56:51.210][decklink][Capture started (UYVY 4:2:2)]
[info][2026-07-29 14:56:51.437][decklink][Using default output mode: 1080p25]
[info][2026-07-29 14:56:51.457][decklink][[Output 0] DeckLink 8K Pro (1) / DeckLink 8K Pro (subDevice=0, profile=0x34646864, duplex=0x64786861, ioSupport=0x3, outConns=0x1, busy=0x0)]
[info][2026-07-29 14:56:51.457][decklink][[Output 1] DeckLink 8K Pro (2) / DeckLink 8K Pro (subDevice=1, profile=0x34646864, duplex=0x64786861, ioSupport=0x3, outConns=0x1, busy=0x2)]
[info][2026-07-29 14:56:51.457][decklink][[Output 2] DeckLink 8K Pro (3) / DeckLink 8K Pro (subDevice=2, profile=0x34646864, duplex=0x64786861, ioSupport=0x3, outConns=0x1, busy=0x0)]
[info][2026-07-29 14:56:51.457][decklink][[Output 3] DeckLink 8K Pro (4) / DeckLink 8K Pro (subDevice=3, profile=0x34646864, duplex=0x64786861, ioSupport=0x3, outConns=0x1, busy=0x1)]
[info][2026-07-29 14:56:51.457][decklink][[Output 1] Selected output connection: SDI]
[error][2026-07-29 14:56:51.458][decklink][[Output 1] EnableVideoOutput failed (mode=1080p25, conn=1, hr=0x-7ffffff7)]
[warning][2026-07-29 14:56:51.458][decklink][Requested output index 1 failed; trying fallback output index 2]
[info][2026-07-29 14:56:51.458][decklink][[Output 2] Selected output connection: SDI]
[info][2026-07-29 14:56:51.460][decklink][Successfully initialized DeckLink output on output index 2 with mode: 1080p25]
[info][2026-07-29 14:56:51.460][decklink][]
[info][2026-07-29 14:56:51.460][decklink][═══════════════════════════════════════════════════════════]
[info][2026-07-29 14:56:51.460][decklink][  CHECKING OUTPUT GENLOCK STATUS]
[info][2026-07-29 14:56:51.460][decklink][═══════════════════════════════════════════════════════════]
[info][2026-07-29 14:56:51.460][decklink][Output device supports genlock - will sync to reference input]
[info][2026-07-29 14:56:51.460][decklink][Output genlock status: Unlocked - Genlock reference lock has not been achieved]
[info][2026-07-29 14:56:51.460][decklink][]
[warning][2026-07-29 14:56:51.460][decklink][Output is not locked to genlock reference. Waiting for lock...]
[info][2026-07-29 14:56:51.490][decklink][Video input format changed events=0x5, mode=1080i50, flags=Rec709, detected=YCbCr422, 10Bit (0x11)]
[info][2026-07-29 14:56:51.490][decklink][Video format changed: 1080i50]
[info][2026-07-29 14:56:51.500][decklink][Capture stopped]
[info][2026-07-29 14:56:51.517][decklink][Video input enabled with mode: 1080i50]
[info][2026-07-29 14:56:51.517][decklink][Capture started (UYVY 4:2:2)]
[info][2026-07-29 14:56:51.655][decklink][Video input format changed events=0x4, mode=1080i50, flags=Rec709, detected=YCbCr422, 10Bit (0x11)]
[warning][2026-07-29 14:56:56.464][decklink][Output genlock reference lock timeout. Output may not be synchronized.]
[warning][2026-07-29 14:56:56.464][decklink][Genlock: UNLOCKED | CHECK BMD APP]
[info][2026-07-29 14:56:56.464][decklink][DeckLink scheduled playback enabled (1920x1080, duration=1000, scale=25000)]
[error][2026-07-29 14:56:56.466][decklink][Output frame size 1280x720 does not match enabled DeckLink mode 1920x1080]
[warning][2026-07-29 14:56:56.466][app][DeckLink output rejected a frame]
[info][2026-07-29 14:57:22.754][decklink][Capture stopped]
[info][2026-07-29 14:57:25.569][decklink][Configuring DeckLink input capture settings...]
[info][2026-07-29 14:57:25.569][decklink][Device supports genlock reference input]
[info][2026-07-29 14:57:25.569][decklink][Available display modes:]
[info][2026-07-29 14:57:25.569][decklink][  0: 525i59.94 NTSC (720x486, flags=Rec601)]
[info][2026-07-29 14:57:25.569][decklink][  1: 625i50 PAL (720x576, flags=Rec601)]
[info][2026-07-29 14:57:25.569][decklink][  2: 1080p23.98 (1920x1080, flags=Rec709)]
[info][2026-07-29 14:57:25.569][decklink][  3: 1080p24 (1920x1080, flags=Rec709)]
[info][2026-07-29 14:57:25.569][decklink][  4: 1080p25 (1920x1080, flags=Rec709)]
[info][2026-07-29 14:57:25.569][decklink][  5: 1080p29.97 (1920x1080, flags=Rec709)]
[info][2026-07-29 14:57:25.569][decklink][  6: 1080p30 (1920x1080, flags=Rec709)]
[info][2026-07-29 14:57:25.569][decklink][  7: 1080p47.95 (1920x1080, flags=Rec709)]
[info][2026-07-29 14:57:25.569][decklink][  8: 1080p48 (1920x1080, flags=Rec709)]
[info][2026-07-29 14:57:25.569][decklink][  9: 1080p50 (1920x1080, flags=Rec709)]
[info][2026-07-29 14:57:25.569][decklink][  10: 1080p59.94 (1920x1080, flags=Rec709)]
[info][2026-07-29 14:57:25.569][decklink][  11: 1080p60 (1920x1080, flags=Rec709)]
[info][2026-07-29 14:57:25.569][decklink][  12: 1080p95.90 (1920x1080, flags=Rec709)]
[info][2026-07-29 14:57:25.569][decklink][  13: 1080p96 (1920x1080, flags=Rec709)]
[info][2026-07-29 14:57:25.569][decklink][  14: 1080p100 (1920x1080, flags=Rec709)]
[info][2026-07-29 14:57:25.569][decklink][  15: 1080p119.88 (1920x1080, flags=Rec709)]
[info][2026-07-29 14:57:25.569][decklink][  16: 1080p120 (1920x1080, flags=Rec709)]
[info][2026-07-29 14:57:25.569][decklink][  17: 1080i50 (1920x1080, flags=Rec709)]
[info][2026-07-29 14:57:25.569][decklink][  18: 1080i59.94 (1920x1080, flags=Rec709)]
[info][2026-07-29 14:57:25.569][decklink][  19: 1080i60 (1920x1080, flags=Rec709)]
[info][2026-07-29 14:57:25.569][decklink][  20: 720p50 (1280x720, flags=Rec709)]
[info][2026-07-29 14:57:25.569][decklink][  21: 720p59.94 (1280x720, flags=Rec709)]
[info][2026-07-29 14:57:25.569][decklink][  22: 720p60 (1280x720, flags=Rec709)]
[info][2026-07-29 14:57:25.569][decklink][  23: 2Kp23.98 DCI (2048x1080, flags=Rec709)]
[info][2026-07-29 14:57:25.569][decklink][  24: 2Kp24 DCI (2048x1080, flags=Rec709)]
[info][2026-07-29 14:57:25.569][decklink][  25: 2Kp25 DCI (2048x1080, flags=Rec709)]
[info][2026-07-29 14:57:25.569][decklink][  26: 2Kp29.97 DCI (2048x1080, flags=Rec709)]
[info][2026-07-29 14:57:25.569][decklink][  27: 2Kp30 DCI (2048x1080, flags=Rec709)]
[info][2026-07-29 14:57:25.569][decklink][  28: 2Kp47.95 DCI (2048x1080, flags=Rec709)]
[info][2026-07-29 14:57:25.569][decklink][  29: 2Kp48 DCI (2048x1080, flags=Rec709)]
[info][2026-07-29 14:57:25.569][decklink][  30: 2Kp50 DCI (2048x1080, flags=Rec709)]
[info][2026-07-29 14:57:25.569][decklink][  31: 2Kp59.94 DCI (2048x1080, flags=Rec709)]
[info][2026-07-29 14:57:25.569][decklink][  32: 2Kp60 DCI (2048x1080, flags=Rec709)]
[info][2026-07-29 14:57:25.569][decklink][  33: 2Kp95.90 DCI (2048x1080, flags=Rec709)]
[info][2026-07-29 14:57:25.569][decklink][  34: 2Kp96 DCI (2048x1080, flags=Rec709)]
[info][2026-07-29 14:57:25.569][decklink][  35: 2Kp100 DCI (2048x1080, flags=Rec709)]
[info][2026-07-29 14:57:25.569][decklink][  36: 2Kp119.88 DCI (2048x1080, flags=Rec709)]
[info][2026-07-29 14:57:25.569][decklink][  37: 2Kp120 DCI (2048x1080, flags=Rec709)]
[info][2026-07-29 14:57:25.569][decklink][  38: 2160p23.98 (3840x2160, flags=Rec709)]
[info][2026-07-29 14:57:25.569][decklink][  39: 2160p24 (3840x2160, flags=Rec709)]
[info][2026-07-29 14:57:25.569][decklink][  40: 2160p25 (3840x2160, flags=Rec709)]
[info][2026-07-29 14:57:25.569][decklink][  41: 2160p29.97 (3840x2160, flags=Rec709)]
[info][2026-07-29 14:57:25.569][decklink][  42: 2160p30 (3840x2160, flags=Rec709)]
[info][2026-07-29 14:57:25.569][decklink][  43: 2160p47.95 (3840x2160, flags=Rec709)]
[info][2026-07-29 14:57:25.569][decklink][  44: 2160p48 (3840x2160, flags=Rec709)]
[info][2026-07-29 14:57:25.569][decklink][  45: 2160p50 (3840x2160, flags=Rec709)]
[info][2026-07-29 14:57:25.569][decklink][  46: 2160p59.94 (3840x2160, flags=Rec709)]
[info][2026-07-29 14:57:25.569][decklink][  47: 2160p60 (3840x2160, flags=Rec709)]
[info][2026-07-29 14:57:25.569][decklink][  48: 2160p95.90 (3840x2160, flags=Rec709)]
[info][2026-07-29 14:57:25.569][decklink][  49: 2160p96 (3840x2160, flags=Rec709)]
[info][2026-07-29 14:57:25.569][decklink][  50: 2160p100 (3840x2160, flags=Rec709)]
[info][2026-07-29 14:57:25.569][decklink][  51: 2160p119.88 (3840x2160, flags=Rec709)]
[info][2026-07-29 14:57:25.569][decklink][  52: 2160p120 (3840x2160, flags=Rec709)]
[info][2026-07-29 14:57:25.569][decklink][  53: 4Kp23.98 DCI (4096x2160, flags=Rec709)]
[info][2026-07-29 14:57:25.569][decklink][  54: 4Kp24 DCI (4096x2160, flags=Rec709)]
[info][2026-07-29 14:57:25.569][decklink][  55: 4Kp25 DCI (4096x2160, flags=Rec709)]
[info][2026-07-29 14:57:25.569][decklink][  56: 4Kp29.97 DCI (4096x2160, flags=Rec709)]
[info][2026-07-29 14:57:25.569][decklink][  57: 4Kp30 DCI (4096x2160, flags=Rec709)]
[info][2026-07-29 14:57:25.569][decklink][  58: 4Kp47.95 DCI (4096x2160, flags=Rec709)]
[info][2026-07-29 14:57:25.569][decklink][  59: 4Kp48 DCI (4096x2160, flags=Rec709)]
[info][2026-07-29 14:57:25.569][decklink][  60: 4Kp50 DCI (4096x2160, flags=Rec709)]
[info][2026-07-29 14:57:25.569][decklink][  61: 4Kp59.94 DCI (4096x2160, flags=Rec709)]
[info][2026-07-29 14:57:25.569][decklink][  62: 4Kp60 DCI (4096x2160, flags=Rec709)]
[info][2026-07-29 14:57:25.569][decklink][  63: 4Kp95.90 DCI (4096x2160, flags=Rec709)]
[info][2026-07-29 14:57:25.569][decklink][  64: 4Kp96 DCI (4096x2160, flags=Rec709)]
[info][2026-07-29 14:57:25.569][decklink][  65: 4Kp100 DCI (4096x2160, flags=Rec709)]
[info][2026-07-29 14:57:25.569][decklink][  66: 4Kp119.88 DCI (4096x2160, flags=Rec709)]
[info][2026-07-29 14:57:25.569][decklink][  67: 4Kp120 DCI (4096x2160, flags=Rec709)]
[info][2026-07-29 14:57:25.569][decklink][  68: 4320p23.98 (7680x4320, flags=Rec709)]
[info][2026-07-29 14:57:25.569][decklink][  69: 4320p24 (7680x4320, flags=Rec709)]
[info][2026-07-29 14:57:25.569][decklink][  70: 4320p25 (7680x4320, flags=Rec709)]
[info][2026-07-29 14:57:25.569][decklink][  71: 4320p29.97 (7680x4320, flags=Rec709)]
[info][2026-07-29 14:57:25.569][decklink][  72: 4320p30 (7680x4320, flags=Rec709)]
[info][2026-07-29 14:57:25.569][decklink][  73: 4320p47.95 (7680x4320, flags=Rec709)]
[info][2026-07-29 14:57:25.569][decklink][  74: 4320p48 (7680x4320, flags=Rec709)]
[info][2026-07-29 14:57:25.569][decklink][  75: 4320p50 (7680x4320, flags=Rec709)]
[info][2026-07-29 14:57:25.569][decklink][  76: 4320p59.94 (7680x4320, flags=Rec709)]
[info][2026-07-29 14:57:25.569][decklink][  77: 4320p60 (7680x4320, flags=Rec709)]
[info][2026-07-29 14:57:25.569][decklink][  78: 8Kp23.98 DCI (8192x4320, flags=Rec709)]
[info][2026-07-29 14:57:25.569][decklink][  79: 8Kp24 DCI (8192x4320, flags=Rec709)]
[info][2026-07-29 14:57:25.569][decklink][  80: 8Kp25 DCI (8192x4320, flags=Rec709)]
[info][2026-07-29 14:57:25.569][decklink][  81: 8Kp29.97 DCI (8192x4320, flags=Rec709)]
[info][2026-07-29 14:57:25.569][decklink][  82: 8Kp30 DCI (8192x4320, flags=Rec709)]
[info][2026-07-29 14:57:25.569][decklink][  83: 8Kp47.95 DCI (8192x4320, flags=Rec709)]
[info][2026-07-29 14:57:25.569][decklink][  84: 8Kp48 DCI (8192x4320, flags=Rec709)]
[info][2026-07-29 14:57:25.569][decklink][  85: 8Kp50 DCI (8192x4320, flags=Rec709)]
[info][2026-07-29 14:57:25.569][decklink][  86: 8Kp59.94 DCI (8192x4320, flags=Rec709)]
[info][2026-07-29 14:57:25.569][decklink][  87: 8Kp60 DCI (8192x4320, flags=Rec709)]
[info][2026-07-29 14:57:25.569][decklink][Waiting for input signal detection...]
[info][2026-07-29 14:57:25.579][decklink][Video input enabled with automatic format detection]
[info][2026-07-29 14:57:25.579][decklink][Capture started (UYVY 4:2:2)]
[info][2026-07-29 14:57:25.806][decklink][Using default output mode: 1080p25]
[info][2026-07-29 14:57:25.821][decklink][Video input format changed events=0x5, mode=1080i50, flags=Rec709, detected=YCbCr422, 10Bit (0x11)]
[info][2026-07-29 14:57:25.821][decklink][Video format changed: 1080i50]
[info][2026-07-29 14:57:25.822][decklink][Capture stopped]
[info][2026-07-29 14:57:25.828][decklink][[Output 0] DeckLink 8K Pro (1) / DeckLink 8K Pro (subDevice=0, profile=0x34646864, duplex=0x64786861, ioSupport=0x3, outConns=0x1, busy=0x0)]
[info][2026-07-29 14:57:25.828][decklink][[Output 1] DeckLink 8K Pro (2) / DeckLink 8K Pro (subDevice=1, profile=0x34646864, duplex=0x64786861, ioSupport=0x3, outConns=0x1, busy=0x2)]
[info][2026-07-29 14:57:25.828][decklink][[Output 2] DeckLink 8K Pro (3) / DeckLink 8K Pro (subDevice=2, profile=0x34646864, duplex=0x64786861, ioSupport=0x3, outConns=0x1, busy=0x0)]
[info][2026-07-29 14:57:25.828][decklink][[Output 3] DeckLink 8K Pro (4) / DeckLink 8K Pro (subDevice=3, profile=0x34646864, duplex=0x64786861, ioSupport=0x3, outConns=0x1, busy=0x1)]
[info][2026-07-29 14:57:25.828][decklink][[Output 1] Selected output connection: SDI]
[error][2026-07-29 14:57:25.829][decklink][[Output 1] EnableVideoOutput failed (mode=1080p25, conn=1, hr=0x-7ffffff7)]
[warning][2026-07-29 14:57:25.829][decklink][Requested output index 1 failed; trying fallback output index 2]
[info][2026-07-29 14:57:25.829][decklink][[Output 2] Selected output connection: SDI]
[info][2026-07-29 14:57:25.831][decklink][Successfully initialized DeckLink output on output index 2 with mode: 1080p25]
[info][2026-07-29 14:57:25.831][decklink][]
[info][2026-07-29 14:57:25.831][decklink][═══════════════════════════════════════════════════════════]
[info][2026-07-29 14:57:25.831][decklink][  CHECKING OUTPUT GENLOCK STATUS]
[info][2026-07-29 14:57:25.831][decklink][═══════════════════════════════════════════════════════════]
[info][2026-07-29 14:57:25.831][decklink][Output device supports genlock - will sync to reference input]
[info][2026-07-29 14:57:25.831][decklink][Output genlock status: Unlocked - Genlock reference lock has not been achieved]
[info][2026-07-29 14:57:25.831][decklink][]
[warning][2026-07-29 14:57:25.831][decklink][Output is not locked to genlock reference. Waiting for lock...]
[info][2026-07-29 14:57:25.839][decklink][Video input enabled with mode: 1080i50]
[info][2026-07-29 14:57:25.839][decklink][Capture started (UYVY 4:2:2)]
[info][2026-07-29 14:57:25.976][decklink][Video input format changed events=0x4, mode=1080i50, flags=Rec709, detected=YCbCr422, 10Bit (0x11)]
[warning][2026-07-29 14:57:30.835][decklink][Output genlock reference lock timeout. Output may not be synchronized.]
[warning][2026-07-29 14:57:30.835][decklink][Genlock: UNLOCKED | CHECK BMD APP]
[info][2026-07-29 14:57:30.835][decklink][DeckLink scheduled playback enabled (1920x1080, duration=1000, scale=25000)]
[error][2026-07-29 14:57:30.836][decklink][Output frame size 1280x720 does not match enabled DeckLink mode 1920x1080]
[warning][2026-07-29 14:57:30.836][app][DeckLink output rejected a frame]
[info][2026-07-29 14:58:18.675][decklink][Capture stopped]
[info][2026-07-29 15:20:55.459][decklink][Configuring DeckLink input capture settings...]
[info][2026-07-29 15:20:55.459][decklink][Device supports genlock reference input]
[info][2026-07-29 15:20:55.459][decklink][Available display modes:]
[info][2026-07-29 15:20:55.460][decklink][  0: 525i59.94 NTSC (720x486, flags=Rec601)]
[info][2026-07-29 15:20:55.460][decklink][  1: 625i50 PAL (720x576, flags=Rec601)]
[info][2026-07-29 15:20:55.460][decklink][  2: 1080p23.98 (1920x1080, flags=Rec709)]
[info][2026-07-29 15:20:55.460][decklink][  3: 1080p24 (1920x1080, flags=Rec709)]
[info][2026-07-29 15:20:55.460][decklink][  4: 1080p25 (1920x1080, flags=Rec709)]
[info][2026-07-29 15:20:55.460][decklink][  5: 1080p29.97 (1920x1080, flags=Rec709)]
[info][2026-07-29 15:20:55.460][decklink][  6: 1080p30 (1920x1080, flags=Rec709)]
[info][2026-07-29 15:20:55.460][decklink][  7: 1080p47.95 (1920x1080, flags=Rec709)]
[info][2026-07-29 15:20:55.460][decklink][  8: 1080p48 (1920x1080, flags=Rec709)]
[info][2026-07-29 15:20:55.460][decklink][  9: 1080p50 (1920x1080, flags=Rec709)]
[info][2026-07-29 15:20:55.460][decklink][  10: 1080p59.94 (1920x1080, flags=Rec709)]
[info][2026-07-29 15:20:55.460][decklink][  11: 1080p60 (1920x1080, flags=Rec709)]
[info][2026-07-29 15:20:55.460][decklink][  12: 1080p95.90 (1920x1080, flags=Rec709)]
[info][2026-07-29 15:20:55.460][decklink][  13: 1080p96 (1920x1080, flags=Rec709)]
[info][2026-07-29 15:20:55.460][decklink][  14: 1080p100 (1920x1080, flags=Rec709)]
[info][2026-07-29 15:20:55.460][decklink][  15: 1080p119.88 (1920x1080, flags=Rec709)]
[info][2026-07-29 15:20:55.460][decklink][  16: 1080p120 (1920x1080, flags=Rec709)]
[info][2026-07-29 15:20:55.460][decklink][  17: 1080i50 (1920x1080, flags=Rec709)]
[info][2026-07-29 15:20:55.460][decklink][  18: 1080i59.94 (1920x1080, flags=Rec709)]
[info][2026-07-29 15:20:55.460][decklink][  19: 1080i60 (1920x1080, flags=Rec709)]
[info][2026-07-29 15:20:55.460][decklink][  20: 720p50 (1280x720, flags=Rec709)]
[info][2026-07-29 15:20:55.460][decklink][  21: 720p59.94 (1280x720, flags=Rec709)]
[info][2026-07-29 15:20:55.460][decklink][  22: 720p60 (1280x720, flags=Rec709)]
[info][2026-07-29 15:20:55.460][decklink][  23: 2Kp23.98 DCI (2048x1080, flags=Rec709)]
[info][2026-07-29 15:20:55.460][decklink][  24: 2Kp24 DCI (2048x1080, flags=Rec709)]
[info][2026-07-29 15:20:55.460][decklink][  25: 2Kp25 DCI (2048x1080, flags=Rec709)]
[info][2026-07-29 15:20:55.460][decklink][  26: 2Kp29.97 DCI (2048x1080, flags=Rec709)]
[info][2026-07-29 15:20:55.460][decklink][  27: 2Kp30 DCI (2048x1080, flags=Rec709)]
[info][2026-07-29 15:20:55.460][decklink][  28: 2Kp47.95 DCI (2048x1080, flags=Rec709)]
[info][2026-07-29 15:20:55.460][decklink][  29: 2Kp48 DCI (2048x1080, flags=Rec709)]
[info][2026-07-29 15:20:55.460][decklink][  30: 2Kp50 DCI (2048x1080, flags=Rec709)]
[info][2026-07-29 15:20:55.460][decklink][  31: 2Kp59.94 DCI (2048x1080, flags=Rec709)]
[info][2026-07-29 15:20:55.460][decklink][  32: 2Kp60 DCI (2048x1080, flags=Rec709)]
[info][2026-07-29 15:20:55.460][decklink][  33: 2Kp95.90 DCI (2048x1080, flags=Rec709)]
[info][2026-07-29 15:20:55.460][decklink][  34: 2Kp96 DCI (2048x1080, flags=Rec709)]
[info][2026-07-29 15:20:55.460][decklink][  35: 2Kp100 DCI (2048x1080, flags=Rec709)]
[info][2026-07-29 15:20:55.460][decklink][  36: 2Kp119.88 DCI (2048x1080, flags=Rec709)]
[info][2026-07-29 15:20:55.460][decklink][  37: 2Kp120 DCI (2048x1080, flags=Rec709)]
[info][2026-07-29 15:20:55.460][decklink][  38: 2160p23.98 (3840x2160, flags=Rec709)]
[info][2026-07-29 15:20:55.460][decklink][  39: 2160p24 (3840x2160, flags=Rec709)]
[info][2026-07-29 15:20:55.460][decklink][  40: 2160p25 (3840x2160, flags=Rec709)]
[info][2026-07-29 15:20:55.460][decklink][  41: 2160p29.97 (3840x2160, flags=Rec709)]
[info][2026-07-29 15:20:55.460][decklink][  42: 2160p30 (3840x2160, flags=Rec709)]
[info][2026-07-29 15:20:55.460][decklink][  43: 2160p47.95 (3840x2160, flags=Rec709)]
[info][2026-07-29 15:20:55.460][decklink][  44: 2160p48 (3840x2160, flags=Rec709)]
[info][2026-07-29 15:20:55.460][decklink][  45: 2160p50 (3840x2160, flags=Rec709)]
[info][2026-07-29 15:20:55.460][decklink][  46: 2160p59.94 (3840x2160, flags=Rec709)]
[info][2026-07-29 15:20:55.460][decklink][  47: 2160p60 (3840x2160, flags=Rec709)]
[info][2026-07-29 15:20:55.460][decklink][  48: 2160p95.90 (3840x2160, flags=Rec709)]
[info][2026-07-29 15:20:55.460][decklink][  49: 2160p96 (3840x2160, flags=Rec709)]
[info][2026-07-29 15:20:55.460][decklink][  50: 2160p100 (3840x2160, flags=Rec709)]
[info][2026-07-29 15:20:55.460][decklink][  51: 2160p119.88 (3840x2160, flags=Rec709)]
[info][2026-07-29 15:20:55.460][decklink][  52: 2160p120 (3840x2160, flags=Rec709)]
[info][2026-07-29 15:20:55.460][decklink][  53: 4Kp23.98 DCI (4096x2160, flags=Rec709)]
[info][2026-07-29 15:20:55.460][decklink][  54: 4Kp24 DCI (4096x2160, flags=Rec709)]
[info][2026-07-29 15:20:55.460][decklink][  55: 4Kp25 DCI (4096x2160, flags=Rec709)]
[info][2026-07-29 15:20:55.460][decklink][  56: 4Kp29.97 DCI (4096x2160, flags=Rec709)]
[info][2026-07-29 15:20:55.460][decklink][  57: 4Kp30 DCI (4096x2160, flags=Rec709)]
[info][2026-07-29 15:20:55.460][decklink][  58: 4Kp47.95 DCI (4096x2160, flags=Rec709)]
[info][2026-07-29 15:20:55.460][decklink][  59: 4Kp48 DCI (4096x2160, flags=Rec709)]
[info][2026-07-29 15:20:55.460][decklink][  60: 4Kp50 DCI (4096x2160, flags=Rec709)]
[info][2026-07-29 15:20:55.460][decklink][  61: 4Kp59.94 DCI (4096x2160, flags=Rec709)]
[info][2026-07-29 15:20:55.460][decklink][  62: 4Kp60 DCI (4096x2160, flags=Rec709)]
[info][2026-07-29 15:20:55.460][decklink][  63: 4Kp95.90 DCI (4096x2160, flags=Rec709)]
[info][2026-07-29 15:20:55.460][decklink][  64: 4Kp96 DCI (4096x2160, flags=Rec709)]
[info][2026-07-29 15:20:55.460][decklink][  65: 4Kp100 DCI (4096x2160, flags=Rec709)]
[info][2026-07-29 15:20:55.460][decklink][  66: 4Kp119.88 DCI (4096x2160, flags=Rec709)]
[info][2026-07-29 15:20:55.460][decklink][  67: 4Kp120 DCI (4096x2160, flags=Rec709)]
[info][2026-07-29 15:20:55.460][decklink][  68: 4320p23.98 (7680x4320, flags=Rec709)]
[info][2026-07-29 15:20:55.460][decklink][  69: 4320p24 (7680x4320, flags=Rec709)]
[info][2026-07-29 15:20:55.460][decklink][  70: 4320p25 (7680x4320, flags=Rec709)]
[info][2026-07-29 15:20:55.460][decklink][  71: 4320p29.97 (7680x4320, flags=Rec709)]
[info][2026-07-29 15:20:55.460][decklink][  72: 4320p30 (7680x4320, flags=Rec709)]
[info][2026-07-29 15:20:55.460][decklink][  73: 4320p47.95 (7680x4320, flags=Rec709)]
[info][2026-07-29 15:20:55.460][decklink][  74: 4320p48 (7680x4320, flags=Rec709)]
[info][2026-07-29 15:20:55.460][decklink][  75: 4320p50 (7680x4320, flags=Rec709)]
[info][2026-07-29 15:20:55.460][decklink][  76: 4320p59.94 (7680x4320, flags=Rec709)]
[info][2026-07-29 15:20:55.460][decklink][  77: 4320p60 (7680x4320, flags=Rec709)]
[info][2026-07-29 15:20:55.460][decklink][  78: 8Kp23.98 DCI (8192x4320, flags=Rec709)]
[info][2026-07-29 15:20:55.460][decklink][  79: 8Kp24 DCI (8192x4320, flags=Rec709)]
[info][2026-07-29 15:20:55.460][decklink][  80: 8Kp25 DCI (8192x4320, flags=Rec709)]
[info][2026-07-29 15:20:55.460][decklink][  81: 8Kp29.97 DCI (8192x4320, flags=Rec709)]
[info][2026-07-29 15:20:55.460][decklink][  82: 8Kp30 DCI (8192x4320, flags=Rec709)]
[info][2026-07-29 15:20:55.460][decklink][  83: 8Kp47.95 DCI (8192x4320, flags=Rec709)]
[info][2026-07-29 15:20:55.460][decklink][  84: 8Kp48 DCI (8192x4320, flags=Rec709)]
[info][2026-07-29 15:20:55.460][decklink][  85: 8Kp50 DCI (8192x4320, flags=Rec709)]
[info][2026-07-29 15:20:55.460][decklink][  86: 8Kp59.94 DCI (8192x4320, flags=Rec709)]
[info][2026-07-29 15:20:55.460][decklink][  87: 8Kp60 DCI (8192x4320, flags=Rec709)]
[info][2026-07-29 15:20:55.460][decklink][Waiting for input signal detection...]
[info][2026-07-29 15:20:55.471][decklink][Video input enabled with automatic format detection]
[info][2026-07-29 15:20:55.471][decklink][Capture started (UYVY 4:2:2)]
[info][2026-07-29 15:20:55.702][decklink][Using default output mode: 1080p25]
[info][2026-07-29 15:20:55.715][decklink][Video input format changed events=0x5, mode=1080i50, flags=Rec709, detected=YCbCr422, 10Bit (0x11)]
[info][2026-07-29 15:20:55.715][decklink][Video format changed: 1080i50]
[info][2026-07-29 15:20:55.716][decklink][Capture stopped]
[info][2026-07-29 15:20:55.735][decklink][[Output 0] DeckLink 8K Pro (1) / DeckLink 8K Pro (subDevice=0, profile=0x34646864, duplex=0x64786861, ioSupport=0x3, outConns=0x1, busy=0x0)]
[info][2026-07-29 15:20:55.735][decklink][[Output 1] DeckLink 8K Pro (2) / DeckLink 8K Pro (subDevice=1, profile=0x34646864, duplex=0x64786861, ioSupport=0x3, outConns=0x1, busy=0x2)]
[info][2026-07-29 15:20:55.735][decklink][[Output 2] DeckLink 8K Pro (3) / DeckLink 8K Pro (subDevice=2, profile=0x34646864, duplex=0x64786861, ioSupport=0x3, outConns=0x1, busy=0x0)]
[info][2026-07-29 15:20:55.735][decklink][[Output 3] DeckLink 8K Pro (4) / DeckLink 8K Pro (subDevice=3, profile=0x34646864, duplex=0x64786861, ioSupport=0x3, outConns=0x1, busy=0x0)]
[info][2026-07-29 15:20:55.735][decklink][[Output 1] Selected output connection: SDI]
[error][2026-07-29 15:20:55.737][decklink][[Output 1] EnableVideoOutput failed (mode=1080p25, conn=1, hr=0x-7ffffff7)]
[warning][2026-07-29 15:20:55.737][decklink][Requested output index 1 failed; trying fallback output index 2]
[info][2026-07-29 15:20:55.737][decklink][[Output 2] Selected output connection: SDI]
[info][2026-07-29 15:20:55.738][decklink][Video input enabled with mode: 1080i50]
[info][2026-07-29 15:20:55.738][decklink][Capture started (UYVY 4:2:2)]
[info][2026-07-29 15:20:55.741][decklink][Successfully initialized DeckLink output on output index 2 with mode: 1080p25]
[info][2026-07-29 15:20:55.741][decklink][]
[info][2026-07-29 15:20:55.741][decklink][═══════════════════════════════════════════════════════════]
[info][2026-07-29 15:20:55.741][decklink][  CHECKING OUTPUT GENLOCK STATUS]
[info][2026-07-29 15:20:55.741][decklink][═══════════════════════════════════════════════════════════]
[info][2026-07-29 15:20:55.741][decklink][Output device supports genlock - will sync to reference input]
[info][2026-07-29 15:20:55.741][decklink][Output genlock status: Unlocked - Genlock reference lock has not been achieved]
[info][2026-07-29 15:20:55.741][decklink][]
[warning][2026-07-29 15:20:55.741][decklink][Output is not locked to genlock reference. Waiting for lock...]
[info][2026-07-29 15:20:55.859][decklink][Video input format changed events=0x4, mode=1080i50, flags=Rec709, detected=YCbCr422, 10Bit (0x11)]
[warning][2026-07-29 15:21:00.747][decklink][Output genlock reference lock timeout. Output may not be synchronized.]
[warning][2026-07-29 15:21:00.747][decklink][Genlock: UNLOCKED | CHECK BMD APP]
[info][2026-07-29 15:21:00.747][decklink][DeckLink scheduled playback enabled (1920x1080, duration=1000, scale=25000)]
[error][2026-07-29 15:21:00.750][decklink][Output frame size 1280x720 does not match enabled DeckLink mode 1920x1080]
[info][2026-07-29 16:42:46.660][decklink][Configuring DeckLink input capture settings...]
[info][2026-07-29 16:42:46.660][decklink][Device supports genlock reference input]
[info][2026-07-29 16:42:46.660][decklink][Available display modes:]
[info][2026-07-29 16:42:46.660][decklink][  0: 525i59.94 NTSC (720x486, flags=Rec601)]
[info][2026-07-29 16:42:46.660][decklink][  1: 625i50 PAL (720x576, flags=Rec601)]
[info][2026-07-29 16:42:46.660][decklink][  2: 1080p23.98 (1920x1080, flags=Rec709)]
[info][2026-07-29 16:42:46.660][decklink][  3: 1080p24 (1920x1080, flags=Rec709)]
[info][2026-07-29 16:42:46.660][decklink][  4: 1080p25 (1920x1080, flags=Rec709)]
[info][2026-07-29 16:42:46.660][decklink][  5: 1080p29.97 (1920x1080, flags=Rec709)]
[info][2026-07-29 16:42:46.660][decklink][  6: 1080p30 (1920x1080, flags=Rec709)]
[info][2026-07-29 16:42:46.660][decklink][  7: 1080p47.95 (1920x1080, flags=Rec709)]
[info][2026-07-29 16:42:46.660][decklink][  8: 1080p48 (1920x1080, flags=Rec709)]
[info][2026-07-29 16:42:46.660][decklink][  9: 1080p50 (1920x1080, flags=Rec709)]
[info][2026-07-29 16:42:46.660][decklink][  10: 1080p59.94 (1920x1080, flags=Rec709)]
[info][2026-07-29 16:42:46.660][decklink][  11: 1080p60 (1920x1080, flags=Rec709)]
[info][2026-07-29 16:42:46.660][decklink][  12: 1080p95.90 (1920x1080, flags=Rec709)]
[info][2026-07-29 16:42:46.660][decklink][  13: 1080p96 (1920x1080, flags=Rec709)]
[info][2026-07-29 16:42:46.660][decklink][  14: 1080p100 (1920x1080, flags=Rec709)]
[info][2026-07-29 16:42:46.660][decklink][  15: 1080p119.88 (1920x1080, flags=Rec709)]
[info][2026-07-29 16:42:46.660][decklink][  16: 1080p120 (1920x1080, flags=Rec709)]
[info][2026-07-29 16:42:46.660][decklink][  17: 1080i50 (1920x1080, flags=Rec709)]
[info][2026-07-29 16:42:46.660][decklink][  18: 1080i59.94 (1920x1080, flags=Rec709)]
[info][2026-07-29 16:42:46.660][decklink][  19: 1080i60 (1920x1080, flags=Rec709)]
[info][2026-07-29 16:42:46.660][decklink][  20: 720p50 (1280x720, flags=Rec709)]
[info][2026-07-29 16:42:46.660][decklink][  21: 720p59.94 (1280x720, flags=Rec709)]
[info][2026-07-29 16:42:46.660][decklink][  22: 720p60 (1280x720, flags=Rec709)]
[info][2026-07-29 16:42:46.660][decklink][  23: 2Kp23.98 DCI (2048x1080, flags=Rec709)]
[info][2026-07-29 16:42:46.660][decklink][  24: 2Kp24 DCI (2048x1080, flags=Rec709)]
[info][2026-07-29 16:42:46.660][decklink][  25: 2Kp25 DCI (2048x1080, flags=Rec709)]
[info][2026-07-29 16:42:46.660][decklink][  26: 2Kp29.97 DCI (2048x1080, flags=Rec709)]
[info][2026-07-29 16:42:46.660][decklink][  27: 2Kp30 DCI (2048x1080, flags=Rec709)]
[info][2026-07-29 16:42:46.660][decklink][  28: 2Kp47.95 DCI (2048x1080, flags=Rec709)]
[info][2026-07-29 16:42:46.660][decklink][  29: 2Kp48 DCI (2048x1080, flags=Rec709)]
[info][2026-07-29 16:42:46.660][decklink][  30: 2Kp50 DCI (2048x1080, flags=Rec709)]
[info][2026-07-29 16:42:46.660][decklink][  31: 2Kp59.94 DCI (2048x1080, flags=Rec709)]
[info][2026-07-29 16:42:46.660][decklink][  32: 2Kp60 DCI (2048x1080, flags=Rec709)]
[info][2026-07-29 16:42:46.660][decklink][  33: 2Kp95.90 DCI (2048x1080, flags=Rec709)]
[info][2026-07-29 16:42:46.660][decklink][  34: 2Kp96 DCI (2048x1080, flags=Rec709)]
[info][2026-07-29 16:42:46.660][decklink][  35: 2Kp100 DCI (2048x1080, flags=Rec709)]
[info][2026-07-29 16:42:46.660][decklink][  36: 2Kp119.88 DCI (2048x1080, flags=Rec709)]
[info][2026-07-29 16:42:46.660][decklink][  37: 2Kp120 DCI (2048x1080, flags=Rec709)]
[info][2026-07-29 16:42:46.660][decklink][  38: 2160p23.98 (3840x2160, flags=Rec709)]
[info][2026-07-29 16:42:46.660][decklink][  39: 2160p24 (3840x2160, flags=Rec709)]
[info][2026-07-29 16:42:46.660][decklink][  40: 2160p25 (3840x2160, flags=Rec709)]
[info][2026-07-29 16:42:46.660][decklink][  41: 2160p29.97 (3840x2160, flags=Rec709)]
[info][2026-07-29 16:42:46.660][decklink][  42: 2160p30 (3840x2160, flags=Rec709)]
[info][2026-07-29 16:42:46.660][decklink][  43: 2160p47.95 (3840x2160, flags=Rec709)]
[info][2026-07-29 16:42:46.660][decklink][  44: 2160p48 (3840x2160, flags=Rec709)]
[info][2026-07-29 16:42:46.660][decklink][  45: 2160p50 (3840x2160, flags=Rec709)]
[info][2026-07-29 16:42:46.660][decklink][  46: 2160p59.94 (3840x2160, flags=Rec709)]
[info][2026-07-29 16:42:46.660][decklink][  47: 2160p60 (3840x2160, flags=Rec709)]
[info][2026-07-29 16:42:46.660][decklink][  48: 2160p95.90 (3840x2160, flags=Rec709)]
[info][2026-07-29 16:42:46.660][decklink][  49: 2160p96 (3840x2160, flags=Rec709)]
[info][2026-07-29 16:42:46.660][decklink][  50: 2160p100 (3840x2160, flags=Rec709)]
[info][2026-07-29 16:42:46.660][decklink][  51: 2160p119.88 (3840x2160, flags=Rec709)]
[info][2026-07-29 16:42:46.660][decklink][  52: 2160p120 (3840x2160, flags=Rec709)]
[info][2026-07-29 16:42:46.660][decklink][  53: 4Kp23.98 DCI (4096x2160, flags=Rec709)]
[info][2026-07-29 16:42:46.660][decklink][  54: 4Kp24 DCI (4096x2160, flags=Rec709)]
[info][2026-07-29 16:42:46.660][decklink][  55: 4Kp25 DCI (4096x2160, flags=Rec709)]
[info][2026-07-29 16:42:46.660][decklink][  56: 4Kp29.97 DCI (4096x2160, flags=Rec709)]
[info][2026-07-29 16:42:46.660][decklink][  57: 4Kp30 DCI (4096x2160, flags=Rec709)]
[info][2026-07-29 16:42:46.660][decklink][  58: 4Kp47.95 DCI (4096x2160, flags=Rec709)]
[info][2026-07-29 16:42:46.660][decklink][  59: 4Kp48 DCI (4096x2160, flags=Rec709)]
[info][2026-07-29 16:42:46.660][decklink][  60: 4Kp50 DCI (4096x2160, flags=Rec709)]
[info][2026-07-29 16:42:46.660][decklink][  61: 4Kp59.94 DCI (4096x2160, flags=Rec709)]
[info][2026-07-29 16:42:46.660][decklink][  62: 4Kp60 DCI (4096x2160, flags=Rec709)]
[info][2026-07-29 16:42:46.660][decklink][  63: 4Kp95.90 DCI (4096x2160, flags=Rec709)]
[info][2026-07-29 16:42:46.660][decklink][  64: 4Kp96 DCI (4096x2160, flags=Rec709)]
[info][2026-07-29 16:42:46.660][decklink][  65: 4Kp100 DCI (4096x2160, flags=Rec709)]
[info][2026-07-29 16:42:46.660][decklink][  66: 4Kp119.88 DCI (4096x2160, flags=Rec709)]
[info][2026-07-29 16:42:46.660][decklink][  67: 4Kp120 DCI (4096x2160, flags=Rec709)]
[info][2026-07-29 16:42:46.660][decklink][  68: 4320p23.98 (7680x4320, flags=Rec709)]
[info][2026-07-29 16:42:46.660][decklink][  69: 4320p24 (7680x4320, flags=Rec709)]
[info][2026-07-29 16:42:46.660][decklink][  70: 4320p25 (7680x4320, flags=Rec709)]
[info][2026-07-29 16:42:46.660][decklink][  71: 4320p29.97 (7680x4320, flags=Rec709)]
[info][2026-07-29 16:42:46.660][decklink][  72: 4320p30 (7680x4320, flags=Rec709)]
[info][2026-07-29 16:42:46.660][decklink][  73: 4320p47.95 (7680x4320, flags=Rec709)]
[info][2026-07-29 16:42:46.660][decklink][  74: 4320p48 (7680x4320, flags=Rec709)]
[info][2026-07-29 16:42:46.660][decklink][  75: 4320p50 (7680x4320, flags=Rec709)]
[info][2026-07-29 16:42:46.660][decklink][  76: 4320p59.94 (7680x4320, flags=Rec709)]
[info][2026-07-29 16:42:46.660][decklink][  77: 4320p60 (7680x4320, flags=Rec709)]
[info][2026-07-29 16:42:46.660][decklink][  78: 8Kp23.98 DCI (8192x4320, flags=Rec709)]
[info][2026-07-29 16:42:46.660][decklink][  79: 8Kp24 DCI (8192x4320, flags=Rec709)]
[info][2026-07-29 16:42:46.660][decklink][  80: 8Kp25 DCI (8192x4320, flags=Rec709)]
[info][2026-07-29 16:42:46.660][decklink][  81: 8Kp29.97 DCI (8192x4320, flags=Rec709)]
[info][2026-07-29 16:42:46.660][decklink][  82: 8Kp30 DCI (8192x4320, flags=Rec709)]
[info][2026-07-29 16:42:46.660][decklink][  83: 8Kp47.95 DCI (8192x4320, flags=Rec709)]
[info][2026-07-29 16:42:46.660][decklink][  84: 8Kp48 DCI (8192x4320, flags=Rec709)]
[info][2026-07-29 16:42:46.660][decklink][  85: 8Kp50 DCI (8192x4320, flags=Rec709)]
[info][2026-07-29 16:42:46.660][decklink][  86: 8Kp59.94 DCI (8192x4320, flags=Rec709)]
[info][2026-07-29 16:42:46.660][decklink][  87: 8Kp60 DCI (8192x4320, flags=Rec709)]
[info][2026-07-29 16:42:46.660][decklink][Waiting for input signal detection...]
[info][2026-07-29 16:42:46.674][decklink][Video input enabled with automatic format detection]
[info][2026-07-29 16:42:46.675][decklink][Capture started (UYVY 4:2:2)]
[info][2026-07-29 16:42:46.675][udp_receiver][UDP receiver listening on 127.0.0.1:6305]
[info][2026-07-29 16:42:46.930][decklink][Using default output mode: 1080p25]
[info][2026-07-29 16:42:46.931][decklink][Video input format changed events=0x5, mode=1080i50, flags=Rec709, detected=YCbCr422, 10Bit (0x11)]
[info][2026-07-29 16:42:46.931][decklink][Video format changed: 1080i50]
[info][2026-07-29 16:42:46.958][decklink][[Output 0] DeckLink 8K Pro (1) / DeckLink 8K Pro (subDevice=0, profile=0x34646864, duplex=0x64786861, ioSupport=0x3, outConns=0x1, busy=0x0)]
[info][2026-07-29 16:42:46.958][decklink][[Output 1] DeckLink 8K Pro (2) / DeckLink 8K Pro (subDevice=1, profile=0x34646864, duplex=0x64786861, ioSupport=0x3, outConns=0x1, busy=0x2)]
[info][2026-07-29 16:42:46.958][decklink][[Output 2] DeckLink 8K Pro (3) / DeckLink 8K Pro (subDevice=2, profile=0x34646864, duplex=0x64786861, ioSupport=0x3, outConns=0x1, busy=0x0)]
[info][2026-07-29 16:42:46.958][decklink][[Output 3] DeckLink 8K Pro (4) / DeckLink 8K Pro (subDevice=3, profile=0x34646864, duplex=0x64786861, ioSupport=0x3, outConns=0x1, busy=0x1)]
[info][2026-07-29 16:42:46.958][decklink][[Output 1] Selected output connection: SDI]
[error][2026-07-29 16:42:46.960][decklink][[Output 1] EnableVideoOutput failed (mode=1080p25, conn=1, hr=0x-7ffffff7)]
[warning][2026-07-29 16:42:46.960][decklink][Requested output index 1 failed; trying fallback output index 2]
[info][2026-07-29 16:42:46.960][decklink][[Output 2] Selected output connection: SDI]
[info][2026-07-29 16:42:46.962][decklink][Successfully initialized DeckLink output on output index 2 with mode: 1080p25]
[info][2026-07-29 16:42:46.962][decklink][]
[info][2026-07-29 16:42:46.962][decklink][═══════════════════════════════════════════════════════════]
[info][2026-07-29 16:42:46.962][decklink][  CHECKING OUTPUT GENLOCK STATUS]
[info][2026-07-29 16:42:46.962][decklink][═══════════════════════════════════════════════════════════]
[info][2026-07-29 16:42:46.962][decklink][Output device supports genlock - will sync to reference input]
[info][2026-07-29 16:42:46.962][decklink][Output genlock status: Unlocked - Genlock reference lock has not been achieved]
[info][2026-07-29 16:42:46.962][decklink][]
[warning][2026-07-29 16:42:46.962][decklink][Output is not locked to genlock reference. Waiting for lock...]
[info][2026-07-29 16:42:47.940][decklink][Capture stopped]
[info][2026-07-29 16:42:47.963][decklink][Video input enabled with mode: 1080i50]
[info][2026-07-29 16:42:47.963][decklink][Capture started (UYVY 4:2:2)]
[info][2026-07-29 16:42:48.086][decklink][Video input format changed events=0x4, mode=1080i50, flags=Rec709, detected=YCbCr422, 10Bit (0x11)]
[warning][2026-07-29 16:42:51.967][decklink][Output genlock reference lock timeout. Output may not be synchronized.]
[warning][2026-07-29 16:42:51.967][decklink][Genlock: UNLOCKED | CHECK BMD APP]
[info][2026-07-29 16:42:51.967][decklink][DeckLink scheduled playback enabled (1920x1080, duration=1000, scale=25000)]
[error][2026-07-29 16:42:51.970][decklink][Output frame size 1280x720 does not match enabled DeckLink mode 1920x1080]
[warning][2026-07-29 16:42:51.970][app][DeckLink output rejected a frame]
[info][2026-07-29 16:42:53.042][udp_receiver][UDP receiver listening on 127.0.0.1:6305]
[info][2026-07-29 16:42:58.845][udp_receiver][UDP receiver listening on 127.0.0.1:6305]
[info][2026-07-29 16:43:09.141][udp_receiver][UDP receiver listening on 127.0.0.1:6305]
[info][2026-07-29 16:43:09.988][udp_receiver][UDP receiver listening on 127.0.0.1:6305]
[info][2026-07-29 16:43:10.246][udp_receiver][UDP receiver listening on 127.0.0.1:6305]
[info][2026-07-29 16:43:10.440][udp_receiver][UDP receiver listening on 127.0.0.1:6305]
[info][2026-07-29 16:43:10.640][udp_receiver][UDP receiver listening on 127.0.0.1:6305]
[info][2026-07-29 16:43:11.401][udp_receiver][UDP receiver listening on 127.0.0.1:6305]
[info][2026-07-29 16:43:11.606][udp_receiver][UDP receiver listening on 127.0.0.1:6305]
[info][2026-07-29 16:43:11.820][udp_receiver][UDP receiver listening on 127.0.0.1:6305]
[info][2026-07-29 16:43:12.040][udp_receiver][UDP receiver listening on 127.0.0.1:6305]
[info][2026-07-29 16:43:12.281][udp_receiver][UDP receiver listening on 127.0.0.1:6305]
[info][2026-07-29 16:43:12.525][udp_receiver][UDP receiver listening on 127.0.0.1:6305]
[info][2026-07-29 16:43:12.760][udp_receiver][UDP receiver listening on 127.0.0.1:6305]
[info][2026-07-29 16:43:13.000][udp_receiver][UDP receiver listening on 127.0.0.1:6305]
[info][2026-07-29 16:43:13.340][udp_receiver][UDP receiver listening on 127.0.0.1:6305]
[info][2026-07-29 16:44:24.465][decklink][Capture stopped]
[info][2026-07-29 16:47:00.098][decklink][Configuring DeckLink input capture settings...]
[info][2026-07-29 16:47:00.098][decklink][Device supports genlock reference input]
[info][2026-07-29 16:47:00.098][decklink][Available display modes:]
[info][2026-07-29 16:47:00.098][decklink][  0: 525i59.94 NTSC (720x486, flags=Rec601)]
[info][2026-07-29 16:47:00.098][decklink][  1: 625i50 PAL (720x576, flags=Rec601)]
[info][2026-07-29 16:47:00.098][decklink][  2: 1080p23.98 (1920x1080, flags=Rec709)]
[info][2026-07-29 16:47:00.098][decklink][  3: 1080p24 (1920x1080, flags=Rec709)]
[info][2026-07-29 16:47:00.098][decklink][  4: 1080p25 (1920x1080, flags=Rec709)]
[info][2026-07-29 16:47:00.098][decklink][  5: 1080p29.97 (1920x1080, flags=Rec709)]
[info][2026-07-29 16:47:00.098][decklink][  6: 1080p30 (1920x1080, flags=Rec709)]
[info][2026-07-29 16:47:00.098][decklink][  7: 1080p47.95 (1920x1080, flags=Rec709)]
[info][2026-07-29 16:47:00.098][decklink][  8: 1080p48 (1920x1080, flags=Rec709)]
[info][2026-07-29 16:47:00.098][decklink][  9: 1080p50 (1920x1080, flags=Rec709)]
[info][2026-07-29 16:47:00.098][decklink][  10: 1080p59.94 (1920x1080, flags=Rec709)]
[info][2026-07-29 16:47:00.098][decklink][  11: 1080p60 (1920x1080, flags=Rec709)]
[info][2026-07-29 16:47:00.098][decklink][  12: 1080p95.90 (1920x1080, flags=Rec709)]
[info][2026-07-29 16:47:00.098][decklink][  13: 1080p96 (1920x1080, flags=Rec709)]
[info][2026-07-29 16:47:00.098][decklink][  14: 1080p100 (1920x1080, flags=Rec709)]
[info][2026-07-29 16:47:00.098][decklink][  15: 1080p119.88 (1920x1080, flags=Rec709)]
[info][2026-07-29 16:47:00.098][decklink][  16: 1080p120 (1920x1080, flags=Rec709)]
[info][2026-07-29 16:47:00.098][decklink][  17: 1080i50 (1920x1080, flags=Rec709)]
[info][2026-07-29 16:47:00.098][decklink][  18: 1080i59.94 (1920x1080, flags=Rec709)]
[info][2026-07-29 16:47:00.098][decklink][  19: 1080i60 (1920x1080, flags=Rec709)]
[info][2026-07-29 16:47:00.098][decklink][  20: 720p50 (1280x720, flags=Rec709)]
[info][2026-07-29 16:47:00.098][decklink][  21: 720p59.94 (1280x720, flags=Rec709)]
[info][2026-07-29 16:47:00.098][decklink][  22: 720p60 (1280x720, flags=Rec709)]
[info][2026-07-29 16:47:00.098][decklink][  23: 2Kp23.98 DCI (2048x1080, flags=Rec709)]
[info][2026-07-29 16:47:00.098][decklink][  24: 2Kp24 DCI (2048x1080, flags=Rec709)]
[info][2026-07-29 16:47:00.098][decklink][  25: 2Kp25 DCI (2048x1080, flags=Rec709)]
[info][2026-07-29 16:47:00.098][decklink][  26: 2Kp29.97 DCI (2048x1080, flags=Rec709)]
[info][2026-07-29 16:47:00.098][decklink][  27: 2Kp30 DCI (2048x1080, flags=Rec709)]
[info][2026-07-29 16:47:00.098][decklink][  28: 2Kp47.95 DCI (2048x1080, flags=Rec709)]
[info][2026-07-29 16:47:00.098][decklink][  29: 2Kp48 DCI (2048x1080, flags=Rec709)]
[info][2026-07-29 16:47:00.098][decklink][  30: 2Kp50 DCI (2048x1080, flags=Rec709)]
[info][2026-07-29 16:47:00.098][decklink][  31: 2Kp59.94 DCI (2048x1080, flags=Rec709)]
[info][2026-07-29 16:47:00.098][decklink][  32: 2Kp60 DCI (2048x1080, flags=Rec709)]
[info][2026-07-29 16:47:00.098][decklink][  33: 2Kp95.90 DCI (2048x1080, flags=Rec709)]
[info][2026-07-29 16:47:00.098][decklink][  34: 2Kp96 DCI (2048x1080, flags=Rec709)]
[info][2026-07-29 16:47:00.098][decklink][  35: 2Kp100 DCI (2048x1080, flags=Rec709)]
[info][2026-07-29 16:47:00.098][decklink][  36: 2Kp119.88 DCI (2048x1080, flags=Rec709)]
[info][2026-07-29 16:47:00.098][decklink][  37: 2Kp120 DCI (2048x1080, flags=Rec709)]
[info][2026-07-29 16:47:00.098][decklink][  38: 2160p23.98 (3840x2160, flags=Rec709)]
[info][2026-07-29 16:47:00.098][decklink][  39: 2160p24 (3840x2160, flags=Rec709)]
[info][2026-07-29 16:47:00.098][decklink][  40: 2160p25 (3840x2160, flags=Rec709)]
[info][2026-07-29 16:47:00.098][decklink][  41: 2160p29.97 (3840x2160, flags=Rec709)]
[info][2026-07-29 16:47:00.098][decklink][  42: 2160p30 (3840x2160, flags=Rec709)]
[info][2026-07-29 16:47:00.098][decklink][  43: 2160p47.95 (3840x2160, flags=Rec709)]
[info][2026-07-29 16:47:00.098][decklink][  44: 2160p48 (3840x2160, flags=Rec709)]
[info][2026-07-29 16:47:00.098][decklink][  45: 2160p50 (3840x2160, flags=Rec709)]
[info][2026-07-29 16:47:00.098][decklink][  46: 2160p59.94 (3840x2160, flags=Rec709)]
[info][2026-07-29 16:47:00.098][decklink][  47: 2160p60 (3840x2160, flags=Rec709)]
[info][2026-07-29 16:47:00.098][decklink][  48: 2160p95.90 (3840x2160, flags=Rec709)]
[info][2026-07-29 16:47:00.098][decklink][  49: 2160p96 (3840x2160, flags=Rec709)]
[info][2026-07-29 16:47:00.098][decklink][  50: 2160p100 (3840x2160, flags=Rec709)]
[info][2026-07-29 16:47:00.098][decklink][  51: 2160p119.88 (3840x2160, flags=Rec709)]
[info][2026-07-29 16:47:00.098][decklink][  52: 2160p120 (3840x2160, flags=Rec709)]
[info][2026-07-29 16:47:00.098][decklink][  53: 4Kp23.98 DCI (4096x2160, flags=Rec709)]
[info][2026-07-29 16:47:00.098][decklink][  54: 4Kp24 DCI (4096x2160, flags=Rec709)]
[info][2026-07-29 16:47:00.098][decklink][  55: 4Kp25 DCI (4096x2160, flags=Rec709)]
[info][2026-07-29 16:47:00.098][decklink][  56: 4Kp29.97 DCI (4096x2160, flags=Rec709)]
[info][2026-07-29 16:47:00.098][decklink][  57: 4Kp30 DCI (4096x2160, flags=Rec709)]
[info][2026-07-29 16:47:00.098][decklink][  58: 4Kp47.95 DCI (4096x2160, flags=Rec709)]
[info][2026-07-29 16:47:00.098][decklink][  59: 4Kp48 DCI (4096x2160, flags=Rec709)]
[info][2026-07-29 16:47:00.098][decklink][  60: 4Kp50 DCI (4096x2160, flags=Rec709)]
[info][2026-07-29 16:47:00.098][decklink][  61: 4Kp59.94 DCI (4096x2160, flags=Rec709)]
[info][2026-07-29 16:47:00.098][decklink][  62: 4Kp60 DCI (4096x2160, flags=Rec709)]
[info][2026-07-29 16:47:00.098][decklink][  63: 4Kp95.90 DCI (4096x2160, flags=Rec709)]
[info][2026-07-29 16:47:00.098][decklink][  64: 4Kp96 DCI (4096x2160, flags=Rec709)]
[info][2026-07-29 16:47:00.098][decklink][  65: 4Kp100 DCI (4096x2160, flags=Rec709)]
[info][2026-07-29 16:47:00.098][decklink][  66: 4Kp119.88 DCI (4096x2160, flags=Rec709)]
[info][2026-07-29 16:47:00.098][decklink][  67: 4Kp120 DCI (4096x2160, flags=Rec709)]
[info][2026-07-29 16:47:00.098][decklink][  68: 4320p23.98 (7680x4320, flags=Rec709)]
[info][2026-07-29 16:47:00.098][decklink][  69: 4320p24 (7680x4320, flags=Rec709)]
[info][2026-07-29 16:47:00.098][decklink][  70: 4320p25 (7680x4320, flags=Rec709)]
[info][2026-07-29 16:47:00.098][decklink][  71: 4320p29.97 (7680x4320, flags=Rec709)]
[info][2026-07-29 16:47:00.098][decklink][  72: 4320p30 (7680x4320, flags=Rec709)]
[info][2026-07-29 16:47:00.098][decklink][  73: 4320p47.95 (7680x4320, flags=Rec709)]
[info][2026-07-29 16:47:00.098][decklink][  74: 4320p48 (7680x4320, flags=Rec709)]
[info][2026-07-29 16:47:00.098][decklink][  75: 4320p50 (7680x4320, flags=Rec709)]
[info][2026-07-29 16:47:00.098][decklink][  76: 4320p59.94 (7680x4320, flags=Rec709)]
[info][2026-07-29 16:47:00.098][decklink][  77: 4320p60 (7680x4320, flags=Rec709)]
[info][2026-07-29 16:47:00.098][decklink][  78: 8Kp23.98 DCI (8192x4320, flags=Rec709)]
[info][2026-07-29 16:47:00.098][decklink][  79: 8Kp24 DCI (8192x4320, flags=Rec709)]
[info][2026-07-29 16:47:00.098][decklink][  80: 8Kp25 DCI (8192x4320, flags=Rec709)]
[info][2026-07-29 16:47:00.098][decklink][  81: 8Kp29.97 DCI (8192x4320, flags=Rec709)]
[info][2026-07-29 16:47:00.098][decklink][  82: 8Kp30 DCI (8192x4320, flags=Rec709)]
[info][2026-07-29 16:47:00.098][decklink][  83: 8Kp47.95 DCI (8192x4320, flags=Rec709)]
[info][2026-07-29 16:47:00.098][decklink][  84: 8Kp48 DCI (8192x4320, flags=Rec709)]
[info][2026-07-29 16:47:00.098][decklink][  85: 8Kp50 DCI (8192x4320, flags=Rec709)]
[info][2026-07-29 16:47:00.098][decklink][  86: 8Kp59.94 DCI (8192x4320, flags=Rec709)]
[info][2026-07-29 16:47:00.098][decklink][  87: 8Kp60 DCI (8192x4320, flags=Rec709)]
[info][2026-07-29 16:47:00.098][decklink][Waiting for input signal detection...]
[info][2026-07-29 16:47:00.111][decklink][Video input enabled with automatic format detection]
[info][2026-07-29 16:47:00.111][decklink][Capture started (UYVY 4:2:2)]
[info][2026-07-29 16:47:00.111][udp_receiver][UDP receiver listening on 127.0.0.1:6305]
[info][2026-07-29 16:47:00.353][decklink][Video input format changed events=0x5, mode=1080i50, flags=Rec709, detected=YCbCr422, 10Bit (0x11)]
[info][2026-07-29 16:47:00.353][decklink][Video format changed: 1080i50]
[info][2026-07-29 16:47:00.354][decklink][Capture stopped]
[info][2026-07-29 16:47:00.355][decklink][Output 1080i50 (matching input, no decimator needed)]
[info][2026-07-29 16:47:00.377][decklink][Video input enabled with mode: 1080i50]
[info][2026-07-29 16:47:00.377][decklink][Capture started (UYVY 4:2:2)]
[info][2026-07-29 16:47:00.387][decklink][[Output 0] DeckLink 8K Pro (1) / DeckLink 8K Pro (subDevice=0, profile=0x34646864, duplex=0x64786861, ioSupport=0x3, outConns=0x1, busy=0x0)]
[info][2026-07-29 16:47:00.388][decklink][[Output 1] DeckLink 8K Pro (2) / DeckLink 8K Pro (subDevice=1, profile=0x34646864, duplex=0x64786861, ioSupport=0x3, outConns=0x1, busy=0x2)]
[info][2026-07-29 16:47:00.388][decklink][[Output 2] DeckLink 8K Pro (3) / DeckLink 8K Pro (subDevice=2, profile=0x34646864, duplex=0x64786861, ioSupport=0x3, outConns=0x1, busy=0x0)]
[info][2026-07-29 16:47:00.388][decklink][[Output 3] DeckLink 8K Pro (4) / DeckLink 8K Pro (subDevice=3, profile=0x34646864, duplex=0x64786861, ioSupport=0x3, outConns=0x1, busy=0x1)]
[info][2026-07-29 16:47:00.388][decklink][[Output 1] Selected output connection: SDI]
[error][2026-07-29 16:47:00.389][decklink][[Output 1] EnableVideoOutput failed (mode=1080i50, conn=1, hr=0x-7ffffff7)]
[warning][2026-07-29 16:47:00.389][decklink][Requested output index 1 failed; trying fallback output index 2]
[info][2026-07-29 16:47:00.389][decklink][[Output 2] Selected output connection: SDI]
[info][2026-07-29 16:47:00.391][decklink][Successfully initialized DeckLink output on output index 2 with mode: 1080i50]
[info][2026-07-29 16:47:00.391][decklink][]
[info][2026-07-29 16:47:00.391][decklink][═══════════════════════════════════════════════════════════]
[info][2026-07-29 16:47:00.391][decklink][  CHECKING OUTPUT GENLOCK STATUS]
[info][2026-07-29 16:47:00.391][decklink][═══════════════════════════════════════════════════════════]
[info][2026-07-29 16:47:00.391][decklink][Output device supports genlock - will sync to reference input]
[info][2026-07-29 16:47:00.391][decklink][Output genlock status: Unlocked - Genlock reference lock has not been achieved]
[info][2026-07-29 16:47:00.391][decklink][]
[warning][2026-07-29 16:47:00.391][decklink][Output is not locked to genlock reference. Waiting for lock...]
[info][2026-07-29 16:47:00.488][decklink][Video input format changed events=0x4, mode=1080i50, flags=Rec709, detected=YCbCr422, 10Bit (0x11)]
[warning][2026-07-29 16:47:05.397][decklink][Output genlock reference lock timeout. Output may not be synchronized.]
[warning][2026-07-29 16:47:05.397][decklink][Genlock: UNLOCKED | CHECK BMD APP]
[info][2026-07-29 16:47:05.397][decklink][DeckLink scheduled playback enabled (1920x1080, duration=1000, scale=25000)]
[error][2026-07-29 16:47:05.400][decklink][Output frame size 1280x720 does not match enabled DeckLink mode 1920x1080]
[info][2026-07-29 16:57:52.765][decklink][Configuring DeckLink input capture settings...]
[info][2026-07-29 16:57:52.765][decklink][Device supports genlock reference input]
[info][2026-07-29 16:57:52.765][decklink][Available display modes:]
[info][2026-07-29 16:57:52.765][decklink][  0: 525i59.94 NTSC (720x486, flags=Rec601)]
[info][2026-07-29 16:57:52.765][decklink][  1: 625i50 PAL (720x576, flags=Rec601)]
[info][2026-07-29 16:57:52.765][decklink][  2: 1080p23.98 (1920x1080, flags=Rec709)]
[info][2026-07-29 16:57:52.765][decklink][  3: 1080p24 (1920x1080, flags=Rec709)]
[info][2026-07-29 16:57:52.765][decklink][  4: 1080p25 (1920x1080, flags=Rec709)]
[info][2026-07-29 16:57:52.765][decklink][  5: 1080p29.97 (1920x1080, flags=Rec709)]
[info][2026-07-29 16:57:52.765][decklink][  6: 1080p30 (1920x1080, flags=Rec709)]
[info][2026-07-29 16:57:52.765][decklink][  7: 1080p47.95 (1920x1080, flags=Rec709)]
[info][2026-07-29 16:57:52.765][decklink][  8: 1080p48 (1920x1080, flags=Rec709)]
[info][2026-07-29 16:57:52.765][decklink][  9: 1080p50 (1920x1080, flags=Rec709)]
[info][2026-07-29 16:57:52.765][decklink][  10: 1080p59.94 (1920x1080, flags=Rec709)]
[info][2026-07-29 16:57:52.765][decklink][  11: 1080p60 (1920x1080, flags=Rec709)]
[info][2026-07-29 16:57:52.765][decklink][  12: 1080p95.90 (1920x1080, flags=Rec709)]
[info][2026-07-29 16:57:52.765][decklink][  13: 1080p96 (1920x1080, flags=Rec709)]
[info][2026-07-29 16:57:52.765][decklink][  14: 1080p100 (1920x1080, flags=Rec709)]
[info][2026-07-29 16:57:52.765][decklink][  15: 1080p119.88 (1920x1080, flags=Rec709)]
[info][2026-07-29 16:57:52.765][decklink][  16: 1080p120 (1920x1080, flags=Rec709)]
[info][2026-07-29 16:57:52.765][decklink][  17: 1080i50 (1920x1080, flags=Rec709)]
[info][2026-07-29 16:57:52.765][decklink][  18: 1080i59.94 (1920x1080, flags=Rec709)]
[info][2026-07-29 16:57:52.765][decklink][  19: 1080i60 (1920x1080, flags=Rec709)]
[info][2026-07-29 16:57:52.765][decklink][  20: 720p50 (1280x720, flags=Rec709)]
[info][2026-07-29 16:57:52.765][decklink][  21: 720p59.94 (1280x720, flags=Rec709)]
[info][2026-07-29 16:57:52.765][decklink][  22: 720p60 (1280x720, flags=Rec709)]
[info][2026-07-29 16:57:52.765][decklink][  23: 2Kp23.98 DCI (2048x1080, flags=Rec709)]
[info][2026-07-29 16:57:52.765][decklink][  24: 2Kp24 DCI (2048x1080, flags=Rec709)]
[info][2026-07-29 16:57:52.765][decklink][  25: 2Kp25 DCI (2048x1080, flags=Rec709)]
[info][2026-07-29 16:57:52.765][decklink][  26: 2Kp29.97 DCI (2048x1080, flags=Rec709)]
[info][2026-07-29 16:57:52.765][decklink][  27: 2Kp30 DCI (2048x1080, flags=Rec709)]
[info][2026-07-29 16:57:52.765][decklink][  28: 2Kp47.95 DCI (2048x1080, flags=Rec709)]
[info][2026-07-29 16:57:52.765][decklink][  29: 2Kp48 DCI (2048x1080, flags=Rec709)]
[info][2026-07-29 16:57:52.765][decklink][  30: 2Kp50 DCI (2048x1080, flags=Rec709)]
[info][2026-07-29 16:57:52.765][decklink][  31: 2Kp59.94 DCI (2048x1080, flags=Rec709)]
[info][2026-07-29 16:57:52.765][decklink][  32: 2Kp60 DCI (2048x1080, flags=Rec709)]
[info][2026-07-29 16:57:52.765][decklink][  33: 2Kp95.90 DCI (2048x1080, flags=Rec709)]
[info][2026-07-29 16:57:52.765][decklink][  34: 2Kp96 DCI (2048x1080, flags=Rec709)]
[info][2026-07-29 16:57:52.765][decklink][  35: 2Kp100 DCI (2048x1080, flags=Rec709)]
[info][2026-07-29 16:57:52.765][decklink][  36: 2Kp119.88 DCI (2048x1080, flags=Rec709)]
[info][2026-07-29 16:57:52.765][decklink][  37: 2Kp120 DCI (2048x1080, flags=Rec709)]
[info][2026-07-29 16:57:52.765][decklink][  38: 2160p23.98 (3840x2160, flags=Rec709)]
[info][2026-07-29 16:57:52.765][decklink][  39: 2160p24 (3840x2160, flags=Rec709)]
[info][2026-07-29 16:57:52.765][decklink][  40: 2160p25 (3840x2160, flags=Rec709)]
[info][2026-07-29 16:57:52.765][decklink][  41: 2160p29.97 (3840x2160, flags=Rec709)]
[info][2026-07-29 16:57:52.765][decklink][  42: 2160p30 (3840x2160, flags=Rec709)]
[info][2026-07-29 16:57:52.765][decklink][  43: 2160p47.95 (3840x2160, flags=Rec709)]
[info][2026-07-29 16:57:52.765][decklink][  44: 2160p48 (3840x2160, flags=Rec709)]
[info][2026-07-29 16:57:52.765][decklink][  45: 2160p50 (3840x2160, flags=Rec709)]
[info][2026-07-29 16:57:52.765][decklink][  46: 2160p59.94 (3840x2160, flags=Rec709)]
[info][2026-07-29 16:57:52.765][decklink][  47: 2160p60 (3840x2160, flags=Rec709)]
[info][2026-07-29 16:57:52.765][decklink][  48: 2160p95.90 (3840x2160, flags=Rec709)]
[info][2026-07-29 16:57:52.765][decklink][  49: 2160p96 (3840x2160, flags=Rec709)]
[info][2026-07-29 16:57:52.765][decklink][  50: 2160p100 (3840x2160, flags=Rec709)]
[info][2026-07-29 16:57:52.765][decklink][  51: 2160p119.88 (3840x2160, flags=Rec709)]
[info][2026-07-29 16:57:52.765][decklink][  52: 2160p120 (3840x2160, flags=Rec709)]
[info][2026-07-29 16:57:52.765][decklink][  53: 4Kp23.98 DCI (4096x2160, flags=Rec709)]
[info][2026-07-29 16:57:52.765][decklink][  54: 4Kp24 DCI (4096x2160, flags=Rec709)]
[info][2026-07-29 16:57:52.765][decklink][  55: 4Kp25 DCI (4096x2160, flags=Rec709)]
[info][2026-07-29 16:57:52.765][decklink][  56: 4Kp29.97 DCI (4096x2160, flags=Rec709)]
[info][2026-07-29 16:57:52.765][decklink][  57: 4Kp30 DCI (4096x2160, flags=Rec709)]
[info][2026-07-29 16:57:52.765][decklink][  58: 4Kp47.95 DCI (4096x2160, flags=Rec709)]
[info][2026-07-29 16:57:52.765][decklink][  59: 4Kp48 DCI (4096x2160, flags=Rec709)]
[info][2026-07-29 16:57:52.765][decklink][  60: 4Kp50 DCI (4096x2160, flags=Rec709)]
[info][2026-07-29 16:57:52.765][decklink][  61: 4Kp59.94 DCI (4096x2160, flags=Rec709)]
[info][2026-07-29 16:57:52.765][decklink][  62: 4Kp60 DCI (4096x2160, flags=Rec709)]
[info][2026-07-29 16:57:52.765][decklink][  63: 4Kp95.90 DCI (4096x2160, flags=Rec709)]
[info][2026-07-29 16:57:52.765][decklink][  64: 4Kp96 DCI (4096x2160, flags=Rec709)]
[info][2026-07-29 16:57:52.765][decklink][  65: 4Kp100 DCI (4096x2160, flags=Rec709)]
[info][2026-07-29 16:57:52.765][decklink][  66: 4Kp119.88 DCI (4096x2160, flags=Rec709)]
[info][2026-07-29 16:57:52.765][decklink][  67: 4Kp120 DCI (4096x2160, flags=Rec709)]
[info][2026-07-29 16:57:52.765][decklink][  68: 4320p23.98 (7680x4320, flags=Rec709)]
[info][2026-07-29 16:57:52.765][decklink][  69: 4320p24 (7680x4320, flags=Rec709)]
[info][2026-07-29 16:57:52.765][decklink][  70: 4320p25 (7680x4320, flags=Rec709)]
[info][2026-07-29 16:57:52.765][decklink][  71: 4320p29.97 (7680x4320, flags=Rec709)]
[info][2026-07-29 16:57:52.765][decklink][  72: 4320p30 (7680x4320, flags=Rec709)]
[info][2026-07-29 16:57:52.765][decklink][  73: 4320p47.95 (7680x4320, flags=Rec709)]
[info][2026-07-29 16:57:52.765][decklink][  74: 4320p48 (7680x4320, flags=Rec709)]
[info][2026-07-29 16:57:52.765][decklink][  75: 4320p50 (7680x4320, flags=Rec709)]
[info][2026-07-29 16:57:52.765][decklink][  76: 4320p59.94 (7680x4320, flags=Rec709)]
[info][2026-07-29 16:57:52.765][decklink][  77: 4320p60 (7680x4320, flags=Rec709)]
[info][2026-07-29 16:57:52.765][decklink][  78: 8Kp23.98 DCI (8192x4320, flags=Rec709)]
[info][2026-07-29 16:57:52.765][decklink][  79: 8Kp24 DCI (8192x4320, flags=Rec709)]
[info][2026-07-29 16:57:52.765][decklink][  80: 8Kp25 DCI (8192x4320, flags=Rec709)]
[info][2026-07-29 16:57:52.765][decklink][  81: 8Kp29.97 DCI (8192x4320, flags=Rec709)]
[info][2026-07-29 16:57:52.765][decklink][  82: 8Kp30 DCI (8192x4320, flags=Rec709)]
[info][2026-07-29 16:57:52.765][decklink][  83: 8Kp47.95 DCI (8192x4320, flags=Rec709)]
[info][2026-07-29 16:57:52.765][decklink][  84: 8Kp48 DCI (8192x4320, flags=Rec709)]
[info][2026-07-29 16:57:52.765][decklink][  85: 8Kp50 DCI (8192x4320, flags=Rec709)]
[info][2026-07-29 16:57:52.765][decklink][  86: 8Kp59.94 DCI (8192x4320, flags=Rec709)]
[info][2026-07-29 16:57:52.765][decklink][  87: 8Kp60 DCI (8192x4320, flags=Rec709)]
[info][2026-07-29 16:57:52.765][decklink][Waiting for input signal detection...]
[info][2026-07-29 16:57:52.779][decklink][Video input enabled with automatic format detection]
[info][2026-07-29 16:57:52.779][decklink][Capture started (UYVY 4:2:2)]
[info][2026-07-29 16:57:52.779][udp_receiver][UDP receiver listening on 127.0.0.1:6305]
[info][2026-07-29 16:57:53.014][decklink][Video input format changed events=0x5, mode=1080i50, flags=Rec709, detected=YCbCr422, 10Bit (0x11)]
[info][2026-07-29 16:57:53.014][decklink][Video format changed: 1080i50]
[info][2026-07-29 16:57:53.015][decklink][Capture stopped]
[info][2026-07-29 16:57:53.042][decklink][Video input enabled with mode: 1080i50]
[info][2026-07-29 16:57:53.042][decklink][Capture started (UYVY 4:2:2)]
[info][2026-07-29 16:57:53.077][decklink][Output 1080i50 (matching input, no decimator needed)]
[info][2026-07-29 16:57:53.104][decklink][[Output 0] DeckLink 8K Pro (1) / DeckLink 8K Pro (subDevice=0, profile=0x34646864, duplex=0x64786861, ioSupport=0x3, outConns=0x1, busy=0x0)]
[info][2026-07-29 16:57:53.104][decklink][[Output 1] DeckLink 8K Pro (2) / DeckLink 8K Pro (subDevice=1, profile=0x34646864, duplex=0x64786861, ioSupport=0x3, outConns=0x1, busy=0x2)]
[info][2026-07-29 16:57:53.104][decklink][[Output 2] DeckLink 8K Pro (3) / DeckLink 8K Pro (subDevice=2, profile=0x34646864, duplex=0x64786861, ioSupport=0x3, outConns=0x1, busy=0x0)]
[info][2026-07-29 16:57:53.104][decklink][[Output 3] DeckLink 8K Pro (4) / DeckLink 8K Pro (subDevice=3, profile=0x34646864, duplex=0x64786861, ioSupport=0x3, outConns=0x1, busy=0x1)]
[info][2026-07-29 16:57:53.104][decklink][[Output 1] Selected output connection: SDI]
[error][2026-07-29 16:57:53.106][decklink][[Output 1] EnableVideoOutput failed (mode=1080i50, conn=1, hr=0x-7ffffff7)]
[warning][2026-07-29 16:57:53.106][decklink][Requested output index 1 failed; trying fallback output index 2]
[info][2026-07-29 16:57:53.106][decklink][[Output 2] Selected output connection: SDI]
[info][2026-07-29 16:57:53.108][decklink][Successfully initialized DeckLink output on output index 2 with mode: 1080i50]
[info][2026-07-29 16:57:53.108][decklink][]
[info][2026-07-29 16:57:53.108][decklink][═══════════════════════════════════════════════════════════]
[info][2026-07-29 16:57:53.108][decklink][  CHECKING OUTPUT GENLOCK STATUS]
[info][2026-07-29 16:57:53.108][decklink][═══════════════════════════════════════════════════════════]
[info][2026-07-29 16:57:53.108][decklink][Output device supports genlock - will sync to reference input]
[info][2026-07-29 16:57:53.108][decklink][Output genlock status: Unlocked - Genlock reference lock has not been achieved]
[info][2026-07-29 16:57:53.108][decklink][]
[warning][2026-07-29 16:57:53.108][decklink][Output is not locked to genlock reference. Waiting for lock...]
[info][2026-07-29 16:57:53.170][decklink][Video input format changed events=0x4, mode=1080i50, flags=Rec709, detected=YCbCr422, 10Bit (0x11)]
[warning][2026-07-29 16:57:58.113][decklink][Output genlock reference lock timeout. Output may not be synchronized.]
[warning][2026-07-29 16:57:58.113][decklink][Genlock: UNLOCKED | CHECK BMD APP]
[info][2026-07-29 16:57:58.114][decklink][DeckLink scheduled playback enabled (1920x1080, duration=1000, scale=25000)]
[error][2026-07-29 16:57:58.116][decklink][Output frame size 1280x720 does not match enabled DeckLink mode 1920x1080]
[warning][2026-07-29 16:57:58.116][app][DeckLink output rejected a frame]
[info][2026-07-29 16:58:00.301][udp_receiver][UDP receiver listening on 127.0.0.1:6305]
[info][2026-07-29 16:59:12.788][decklink][Capture stopped]
[info][2026-07-29 17:02:03.809][decklink][Configuring DeckLink input capture settings...]
[info][2026-07-29 17:02:03.809][decklink][Device supports genlock reference input]
[info][2026-07-29 17:02:03.809][decklink][Available display modes:]
[info][2026-07-29 17:02:03.809][decklink][  0: 525i59.94 NTSC (720x486, flags=Rec601)]
[info][2026-07-29 17:02:03.809][decklink][  1: 625i50 PAL (720x576, flags=Rec601)]
[info][2026-07-29 17:02:03.809][decklink][  2: 1080p23.98 (1920x1080, flags=Rec709)]
[info][2026-07-29 17:02:03.809][decklink][  3: 1080p24 (1920x1080, flags=Rec709)]
[info][2026-07-29 17:02:03.809][decklink][  4: 1080p25 (1920x1080, flags=Rec709)]
[info][2026-07-29 17:02:03.809][decklink][  5: 1080p29.97 (1920x1080, flags=Rec709)]
[info][2026-07-29 17:02:03.809][decklink][  6: 1080p30 (1920x1080, flags=Rec709)]
[info][2026-07-29 17:02:03.809][decklink][  7: 1080p47.95 (1920x1080, flags=Rec709)]
[info][2026-07-29 17:02:03.809][decklink][  8: 1080p48 (1920x1080, flags=Rec709)]
[info][2026-07-29 17:02:03.809][decklink][  9: 1080p50 (1920x1080, flags=Rec709)]
[info][2026-07-29 17:02:03.809][decklink][  10: 1080p59.94 (1920x1080, flags=Rec709)]
[info][2026-07-29 17:02:03.809][decklink][  11: 1080p60 (1920x1080, flags=Rec709)]
[info][2026-07-29 17:02:03.809][decklink][  12: 1080p95.90 (1920x1080, flags=Rec709)]
[info][2026-07-29 17:02:03.809][decklink][  13: 1080p96 (1920x1080, flags=Rec709)]
[info][2026-07-29 17:02:03.809][decklink][  14: 1080p100 (1920x1080, flags=Rec709)]
[info][2026-07-29 17:02:03.809][decklink][  15: 1080p119.88 (1920x1080, flags=Rec709)]
[info][2026-07-29 17:02:03.809][decklink][  16: 1080p120 (1920x1080, flags=Rec709)]
[info][2026-07-29 17:02:03.809][decklink][  17: 1080i50 (1920x1080, flags=Rec709)]
[info][2026-07-29 17:02:03.809][decklink][  18: 1080i59.94 (1920x1080, flags=Rec709)]
[info][2026-07-29 17:02:03.809][decklink][  19: 1080i60 (1920x1080, flags=Rec709)]
[info][2026-07-29 17:02:03.809][decklink][  20: 720p50 (1280x720, flags=Rec709)]
[info][2026-07-29 17:02:03.809][decklink][  21: 720p59.94 (1280x720, flags=Rec709)]
[info][2026-07-29 17:02:03.809][decklink][  22: 720p60 (1280x720, flags=Rec709)]
[info][2026-07-29 17:02:03.809][decklink][  23: 2Kp23.98 DCI (2048x1080, flags=Rec709)]
[info][2026-07-29 17:02:03.809][decklink][  24: 2Kp24 DCI (2048x1080, flags=Rec709)]
[info][2026-07-29 17:02:03.809][decklink][  25: 2Kp25 DCI (2048x1080, flags=Rec709)]
[info][2026-07-29 17:02:03.809][decklink][  26: 2Kp29.97 DCI (2048x1080, flags=Rec709)]
[info][2026-07-29 17:02:03.809][decklink][  27: 2Kp30 DCI (2048x1080, flags=Rec709)]
[info][2026-07-29 17:02:03.809][decklink][  28: 2Kp47.95 DCI (2048x1080, flags=Rec709)]
[info][2026-07-29 17:02:03.809][decklink][  29: 2Kp48 DCI (2048x1080, flags=Rec709)]
[info][2026-07-29 17:02:03.809][decklink][  30: 2Kp50 DCI (2048x1080, flags=Rec709)]
[info][2026-07-29 17:02:03.809][decklink][  31: 2Kp59.94 DCI (2048x1080, flags=Rec709)]
[info][2026-07-29 17:02:03.809][decklink][  32: 2Kp60 DCI (2048x1080, flags=Rec709)]
[info][2026-07-29 17:02:03.809][decklink][  33: 2Kp95.90 DCI (2048x1080, flags=Rec709)]
[info][2026-07-29 17:02:03.809][decklink][  34: 2Kp96 DCI (2048x1080, flags=Rec709)]
[info][2026-07-29 17:02:03.809][decklink][  35: 2Kp100 DCI (2048x1080, flags=Rec709)]
[info][2026-07-29 17:02:03.809][decklink][  36: 2Kp119.88 DCI (2048x1080, flags=Rec709)]
[info][2026-07-29 17:02:03.809][decklink][  37: 2Kp120 DCI (2048x1080, flags=Rec709)]
[info][2026-07-29 17:02:03.809][decklink][  38: 2160p23.98 (3840x2160, flags=Rec709)]
[info][2026-07-29 17:02:03.809][decklink][  39: 2160p24 (3840x2160, flags=Rec709)]
[info][2026-07-29 17:02:03.809][decklink][  40: 2160p25 (3840x2160, flags=Rec709)]
[info][2026-07-29 17:02:03.809][decklink][  41: 2160p29.97 (3840x2160, flags=Rec709)]
[info][2026-07-29 17:02:03.809][decklink][  42: 2160p30 (3840x2160, flags=Rec709)]
[info][2026-07-29 17:02:03.809][decklink][  43: 2160p47.95 (3840x2160, flags=Rec709)]
[info][2026-07-29 17:02:03.809][decklink][  44: 2160p48 (3840x2160, flags=Rec709)]
[info][2026-07-29 17:02:03.809][decklink][  45: 2160p50 (3840x2160, flags=Rec709)]
[info][2026-07-29 17:02:03.809][decklink][  46: 2160p59.94 (3840x2160, flags=Rec709)]
[info][2026-07-29 17:02:03.809][decklink][  47: 2160p60 (3840x2160, flags=Rec709)]
[info][2026-07-29 17:02:03.809][decklink][  48: 2160p95.90 (3840x2160, flags=Rec709)]
[info][2026-07-29 17:02:03.809][decklink][  49: 2160p96 (3840x2160, flags=Rec709)]
[info][2026-07-29 17:02:03.809][decklink][  50: 2160p100 (3840x2160, flags=Rec709)]
[info][2026-07-29 17:02:03.809][decklink][  51: 2160p119.88 (3840x2160, flags=Rec709)]
[info][2026-07-29 17:02:03.809][decklink][  52: 2160p120 (3840x2160, flags=Rec709)]
[info][2026-07-29 17:02:03.809][decklink][  53: 4Kp23.98 DCI (4096x2160, flags=Rec709)]
[info][2026-07-29 17:02:03.809][decklink][  54: 4Kp24 DCI (4096x2160, flags=Rec709)]
[info][2026-07-29 17:02:03.809][decklink][  55: 4Kp25 DCI (4096x2160, flags=Rec709)]
[info][2026-07-29 17:02:03.809][decklink][  56: 4Kp29.97 DCI (4096x2160, flags=Rec709)]
[info][2026-07-29 17:02:03.809][decklink][  57: 4Kp30 DCI (4096x2160, flags=Rec709)]
[info][2026-07-29 17:02:03.809][decklink][  58: 4Kp47.95 DCI (4096x2160, flags=Rec709)]
[info][2026-07-29 17:02:03.809][decklink][  59: 4Kp48 DCI (4096x2160, flags=Rec709)]
[info][2026-07-29 17:02:03.809][decklink][  60: 4Kp50 DCI (4096x2160, flags=Rec709)]
[info][2026-07-29 17:02:03.809][decklink][  61: 4Kp59.94 DCI (4096x2160, flags=Rec709)]
[info][2026-07-29 17:02:03.809][decklink][  62: 4Kp60 DCI (4096x2160, flags=Rec709)]
[info][2026-07-29 17:02:03.809][decklink][  63: 4Kp95.90 DCI (4096x2160, flags=Rec709)]
[info][2026-07-29 17:02:03.809][decklink][  64: 4Kp96 DCI (4096x2160, flags=Rec709)]
[info][2026-07-29 17:02:03.809][decklink][  65: 4Kp100 DCI (4096x2160, flags=Rec709)]
[info][2026-07-29 17:02:03.809][decklink][  66: 4Kp119.88 DCI (4096x2160, flags=Rec709)]
[info][2026-07-29 17:02:03.809][decklink][  67: 4Kp120 DCI (4096x2160, flags=Rec709)]
[info][2026-07-29 17:02:03.809][decklink][  68: 4320p23.98 (7680x4320, flags=Rec709)]
[info][2026-07-29 17:02:03.809][decklink][  69: 4320p24 (7680x4320, flags=Rec709)]
[info][2026-07-29 17:02:03.809][decklink][  70: 4320p25 (7680x4320, flags=Rec709)]
[info][2026-07-29 17:02:03.809][decklink][  71: 4320p29.97 (7680x4320, flags=Rec709)]
[info][2026-07-29 17:02:03.809][decklink][  72: 4320p30 (7680x4320, flags=Rec709)]
[info][2026-07-29 17:02:03.809][decklink][  73: 4320p47.95 (7680x4320, flags=Rec709)]
[info][2026-07-29 17:02:03.809][decklink][  74: 4320p48 (7680x4320, flags=Rec709)]
[info][2026-07-29 17:02:03.809][decklink][  75: 4320p50 (7680x4320, flags=Rec709)]
[info][2026-07-29 17:02:03.809][decklink][  76: 4320p59.94 (7680x4320, flags=Rec709)]
[info][2026-07-29 17:02:03.809][decklink][  77: 4320p60 (7680x4320, flags=Rec709)]
[info][2026-07-29 17:02:03.809][decklink][  78: 8Kp23.98 DCI (8192x4320, flags=Rec709)]
[info][2026-07-29 17:02:03.809][decklink][  79: 8Kp24 DCI (8192x4320, flags=Rec709)]
[info][2026-07-29 17:02:03.809][decklink][  80: 8Kp25 DCI (8192x4320, flags=Rec709)]
[info][2026-07-29 17:02:03.809][decklink][  81: 8Kp29.97 DCI (8192x4320, flags=Rec709)]
[info][2026-07-29 17:02:03.809][decklink][  82: 8Kp30 DCI (8192x4320, flags=Rec709)]
[info][2026-07-29 17:02:03.809][decklink][  83: 8Kp47.95 DCI (8192x4320, flags=Rec709)]
[info][2026-07-29 17:02:03.809][decklink][  84: 8Kp48 DCI (8192x4320, flags=Rec709)]
[info][2026-07-29 17:02:03.809][decklink][  85: 8Kp50 DCI (8192x4320, flags=Rec709)]
[info][2026-07-29 17:02:03.809][decklink][  86: 8Kp59.94 DCI (8192x4320, flags=Rec709)]
[info][2026-07-29 17:02:03.809][decklink][  87: 8Kp60 DCI (8192x4320, flags=Rec709)]
[info][2026-07-29 17:02:03.809][decklink][Waiting for input signal detection...]
[info][2026-07-29 17:02:03.821][decklink][Video input enabled with automatic format detection]
[info][2026-07-29 17:02:03.821][decklink][Capture started (UYVY 4:2:2)]
[info][2026-07-29 17:02:03.821][udp_receiver][UDP receiver listening on 127.0.0.1:6305]
[info][2026-07-29 17:02:04.035][decklink][Video input format changed events=0x5, mode=1080i50, flags=Rec709, detected=YCbCr422, 10Bit (0x11)]
[info][2026-07-29 17:02:04.035][decklink][Video format changed: 1080i50]
[info][2026-07-29 17:02:04.036][decklink][Capture stopped]
[info][2026-07-29 17:02:04.058][decklink][Video input enabled with mode: 1080i50]
[info][2026-07-29 17:02:04.058][decklink][Capture started (UYVY 4:2:2)]
[info][2026-07-29 17:02:04.102][decklink][Output 1080i50 (matching input, no decimator needed)]
[info][2026-07-29 17:02:04.129][decklink][[Output 0] DeckLink 8K Pro (1) / DeckLink 8K Pro (subDevice=0, profile=0x34646864, duplex=0x64786861, ioSupport=0x3, outConns=0x1, busy=0x0)]
[info][2026-07-29 17:02:04.129][decklink][[Output 1] DeckLink 8K Pro (2) / DeckLink 8K Pro (subDevice=1, profile=0x34646864, duplex=0x64786861, ioSupport=0x3, outConns=0x1, busy=0x2)]
[info][2026-07-29 17:02:04.129][decklink][[Output 2] DeckLink 8K Pro (3) / DeckLink 8K Pro (subDevice=2, profile=0x34646864, duplex=0x64786861, ioSupport=0x3, outConns=0x1, busy=0x0)]
[info][2026-07-29 17:02:04.129][decklink][[Output 3] DeckLink 8K Pro (4) / DeckLink 8K Pro (subDevice=3, profile=0x34646864, duplex=0x64786861, ioSupport=0x3, outConns=0x1, busy=0x1)]
[info][2026-07-29 17:02:04.129][decklink][[Output 1] Selected output connection: SDI]
[error][2026-07-29 17:02:04.131][decklink][[Output 1] EnableVideoOutput failed (mode=1080i50, conn=1, hr=0x-7ffffff7)]
[warning][2026-07-29 17:02:04.131][decklink][Requested output index 1 failed; trying fallback output index 2]
[info][2026-07-29 17:02:04.131][decklink][[Output 2] Selected output connection: SDI]
[info][2026-07-29 17:02:04.132][decklink][Successfully initialized DeckLink output on output index 2 with mode: 1080i50]
[info][2026-07-29 17:02:04.132][decklink][]
[info][2026-07-29 17:02:04.132][decklink][═══════════════════════════════════════════════════════════]
[info][2026-07-29 17:02:04.132][decklink][  CHECKING OUTPUT GENLOCK STATUS]
[info][2026-07-29 17:02:04.132][decklink][═══════════════════════════════════════════════════════════]
[info][2026-07-29 17:02:04.132][decklink][Output device supports genlock - will sync to reference input]
[info][2026-07-29 17:02:04.132][decklink][Output genlock status: Unlocked - Genlock reference lock has not been achieved]
[info][2026-07-29 17:02:04.132][decklink][]
[warning][2026-07-29 17:02:04.132][decklink][Output is not locked to genlock reference. Waiting for lock...]
[info][2026-07-29 17:02:04.171][decklink][Video input format changed events=0x4, mode=1080i50, flags=Rec709, detected=YCbCr422, 10Bit (0x11)]
[warning][2026-07-29 17:02:09.138][decklink][Output genlock reference lock timeout. Output may not be synchronized.]
[warning][2026-07-29 17:02:09.138][decklink][Genlock: UNLOCKED | CHECK BMD APP]
[info][2026-07-29 17:02:09.138][decklink][DeckLink scheduled playback enabled (1920x1080, duration=1000, scale=25000)]
[error][2026-07-29 17:02:09.141][decklink][Output frame size 1280x720 does not match enabled DeckLink mode 1920x1080]
[info][2026-07-29 17:04:36.416][decklink][Configuring DeckLink input capture settings...]
[info][2026-07-29 17:04:36.416][decklink][Device supports genlock reference input]
[info][2026-07-29 17:04:36.416][decklink][Available display modes:]
[info][2026-07-29 17:04:36.416][decklink][  0: 525i59.94 NTSC (720x486, flags=Rec601)]
[info][2026-07-29 17:04:36.416][decklink][  1: 625i50 PAL (720x576, flags=Rec601)]
[info][2026-07-29 17:04:36.416][decklink][  2: 1080p23.98 (1920x1080, flags=Rec709)]
[info][2026-07-29 17:04:36.416][decklink][  3: 1080p24 (1920x1080, flags=Rec709)]
[info][2026-07-29 17:04:36.416][decklink][  4: 1080p25 (1920x1080, flags=Rec709)]
[info][2026-07-29 17:04:36.416][decklink][  5: 1080p29.97 (1920x1080, flags=Rec709)]
[info][2026-07-29 17:04:36.416][decklink][  6: 1080p30 (1920x1080, flags=Rec709)]
[info][2026-07-29 17:04:36.416][decklink][  7: 1080p47.95 (1920x1080, flags=Rec709)]
[info][2026-07-29 17:04:36.416][decklink][  8: 1080p48 (1920x1080, flags=Rec709)]
[info][2026-07-29 17:04:36.416][decklink][  9: 1080p50 (1920x1080, flags=Rec709)]
[info][2026-07-29 17:04:36.416][decklink][  10: 1080p59.94 (1920x1080, flags=Rec709)]
[info][2026-07-29 17:04:36.416][decklink][  11: 1080p60 (1920x1080, flags=Rec709)]
[info][2026-07-29 17:04:36.416][decklink][  12: 1080p95.90 (1920x1080, flags=Rec709)]
[info][2026-07-29 17:04:36.416][decklink][  13: 1080p96 (1920x1080, flags=Rec709)]
[info][2026-07-29 17:04:36.416][decklink][  14: 1080p100 (1920x1080, flags=Rec709)]
[info][2026-07-29 17:04:36.416][decklink][  15: 1080p119.88 (1920x1080, flags=Rec709)]
[info][2026-07-29 17:04:36.416][decklink][  16: 1080p120 (1920x1080, flags=Rec709)]
[info][2026-07-29 17:04:36.416][decklink][  17: 1080i50 (1920x1080, flags=Rec709)]
[info][2026-07-29 17:04:36.416][decklink][  18: 1080i59.94 (1920x1080, flags=Rec709)]
[info][2026-07-29 17:04:36.416][decklink][  19: 1080i60 (1920x1080, flags=Rec709)]
[info][2026-07-29 17:04:36.416][decklink][  20: 720p50 (1280x720, flags=Rec709)]
[info][2026-07-29 17:04:36.416][decklink][  21: 720p59.94 (1280x720, flags=Rec709)]
[info][2026-07-29 17:04:36.416][decklink][  22: 720p60 (1280x720, flags=Rec709)]
[info][2026-07-29 17:04:36.416][decklink][  23: 2Kp23.98 DCI (2048x1080, flags=Rec709)]
[info][2026-07-29 17:04:36.416][decklink][  24: 2Kp24 DCI (2048x1080, flags=Rec709)]
[info][2026-07-29 17:04:36.416][decklink][  25: 2Kp25 DCI (2048x1080, flags=Rec709)]
[info][2026-07-29 17:04:36.416][decklink][  26: 2Kp29.97 DCI (2048x1080, flags=Rec709)]
[info][2026-07-29 17:04:36.416][decklink][  27: 2Kp30 DCI (2048x1080, flags=Rec709)]
[info][2026-07-29 17:04:36.416][decklink][  28: 2Kp47.95 DCI (2048x1080, flags=Rec709)]
[info][2026-07-29 17:04:36.416][decklink][  29: 2Kp48 DCI (2048x1080, flags=Rec709)]
[info][2026-07-29 17:04:36.416][decklink][  30: 2Kp50 DCI (2048x1080, flags=Rec709)]
[info][2026-07-29 17:04:36.416][decklink][  31: 2Kp59.94 DCI (2048x1080, flags=Rec709)]
[info][2026-07-29 17:04:36.416][decklink][  32: 2Kp60 DCI (2048x1080, flags=Rec709)]
[info][2026-07-29 17:04:36.417][decklink][  33: 2Kp95.90 DCI (2048x1080, flags=Rec709)]
[info][2026-07-29 17:04:36.417][decklink][  34: 2Kp96 DCI (2048x1080, flags=Rec709)]
[info][2026-07-29 17:04:36.417][decklink][  35: 2Kp100 DCI (2048x1080, flags=Rec709)]
[info][2026-07-29 17:04:36.417][decklink][  36: 2Kp119.88 DCI (2048x1080, flags=Rec709)]
[info][2026-07-29 17:04:36.417][decklink][  37: 2Kp120 DCI (2048x1080, flags=Rec709)]
[info][2026-07-29 17:04:36.417][decklink][  38: 2160p23.98 (3840x2160, flags=Rec709)]
[info][2026-07-29 17:04:36.417][decklink][  39: 2160p24 (3840x2160, flags=Rec709)]
[info][2026-07-29 17:04:36.417][decklink][  40: 2160p25 (3840x2160, flags=Rec709)]
[info][2026-07-29 17:04:36.417][decklink][  41: 2160p29.97 (3840x2160, flags=Rec709)]
[info][2026-07-29 17:04:36.417][decklink][  42: 2160p30 (3840x2160, flags=Rec709)]
[info][2026-07-29 17:04:36.417][decklink][  43: 2160p47.95 (3840x2160, flags=Rec709)]
[info][2026-07-29 17:04:36.417][decklink][  44: 2160p48 (3840x2160, flags=Rec709)]
[info][2026-07-29 17:04:36.417][decklink][  45: 2160p50 (3840x2160, flags=Rec709)]
[info][2026-07-29 17:04:36.417][decklink][  46: 2160p59.94 (3840x2160, flags=Rec709)]
[info][2026-07-29 17:04:36.417][decklink][  47: 2160p60 (3840x2160, flags=Rec709)]
[info][2026-07-29 17:04:36.417][decklink][  48: 2160p95.90 (3840x2160, flags=Rec709)]
[info][2026-07-29 17:04:36.417][decklink][  49: 2160p96 (3840x2160, flags=Rec709)]
[info][2026-07-29 17:04:36.417][decklink][  50: 2160p100 (3840x2160, flags=Rec709)]
[info][2026-07-29 17:04:36.417][decklink][  51: 2160p119.88 (3840x2160, flags=Rec709)]
[info][2026-07-29 17:04:36.417][decklink][  52: 2160p120 (3840x2160, flags=Rec709)]
[info][2026-07-29 17:04:36.417][decklink][  53: 4Kp23.98 DCI (4096x2160, flags=Rec709)]
[info][2026-07-29 17:04:36.417][decklink][  54: 4Kp24 DCI (4096x2160, flags=Rec709)]
[info][2026-07-29 17:04:36.417][decklink][  55: 4Kp25 DCI (4096x2160, flags=Rec709)]
[info][2026-07-29 17:04:36.417][decklink][  56: 4Kp29.97 DCI (4096x2160, flags=Rec709)]
[info][2026-07-29 17:04:36.417][decklink][  57: 4Kp30 DCI (4096x2160, flags=Rec709)]
[info][2026-07-29 17:04:36.417][decklink][  58: 4Kp47.95 DCI (4096x2160, flags=Rec709)]
[info][2026-07-29 17:04:36.417][decklink][  59: 4Kp48 DCI (4096x2160, flags=Rec709)]
[info][2026-07-29 17:04:36.417][decklink][  60: 4Kp50 DCI (4096x2160, flags=Rec709)]
[info][2026-07-29 17:04:36.417][decklink][  61: 4Kp59.94 DCI (4096x2160, flags=Rec709)]
[info][2026-07-29 17:04:36.417][decklink][  62: 4Kp60 DCI (4096x2160, flags=Rec709)]
[info][2026-07-29 17:04:36.417][decklink][  63: 4Kp95.90 DCI (4096x2160, flags=Rec709)]
[info][2026-07-29 17:04:36.417][decklink][  64: 4Kp96 DCI (4096x2160, flags=Rec709)]
[info][2026-07-29 17:04:36.417][decklink][  65: 4Kp100 DCI (4096x2160, flags=Rec709)]
[info][2026-07-29 17:04:36.417][decklink][  66: 4Kp119.88 DCI (4096x2160, flags=Rec709)]
[info][2026-07-29 17:04:36.417][decklink][  67: 4Kp120 DCI (4096x2160, flags=Rec709)]
[info][2026-07-29 17:04:36.417][decklink][  68: 4320p23.98 (7680x4320, flags=Rec709)]
[info][2026-07-29 17:04:36.417][decklink][  69: 4320p24 (7680x4320, flags=Rec709)]
[info][2026-07-29 17:04:36.417][decklink][  70: 4320p25 (7680x4320, flags=Rec709)]
[info][2026-07-29 17:04:36.417][decklink][  71: 4320p29.97 (7680x4320, flags=Rec709)]
[info][2026-07-29 17:04:36.417][decklink][  72: 4320p30 (7680x4320, flags=Rec709)]
[info][2026-07-29 17:04:36.417][decklink][  73: 4320p47.95 (7680x4320, flags=Rec709)]
[info][2026-07-29 17:04:36.417][decklink][  74: 4320p48 (7680x4320, flags=Rec709)]
[info][2026-07-29 17:04:36.417][decklink][  75: 4320p50 (7680x4320, flags=Rec709)]
[info][2026-07-29 17:04:36.417][decklink][  76: 4320p59.94 (7680x4320, flags=Rec709)]
[info][2026-07-29 17:04:36.417][decklink][  77: 4320p60 (7680x4320, flags=Rec709)]
[info][2026-07-29 17:04:36.417][decklink][  78: 8Kp23.98 DCI (8192x4320, flags=Rec709)]
[info][2026-07-29 17:04:36.417][decklink][  79: 8Kp24 DCI (8192x4320, flags=Rec709)]
[info][2026-07-29 17:04:36.417][decklink][  80: 8Kp25 DCI (8192x4320, flags=Rec709)]
[info][2026-07-29 17:04:36.417][decklink][  81: 8Kp29.97 DCI (8192x4320, flags=Rec709)]
[info][2026-07-29 17:04:36.417][decklink][  82: 8Kp30 DCI (8192x4320, flags=Rec709)]
[info][2026-07-29 17:04:36.417][decklink][  83: 8Kp47.95 DCI (8192x4320, flags=Rec709)]
[info][2026-07-29 17:04:36.417][decklink][  84: 8Kp48 DCI (8192x4320, flags=Rec709)]
[info][2026-07-29 17:04:36.417][decklink][  85: 8Kp50 DCI (8192x4320, flags=Rec709)]
[info][2026-07-29 17:04:36.417][decklink][  86: 8Kp59.94 DCI (8192x4320, flags=Rec709)]
[info][2026-07-29 17:04:36.417][decklink][  87: 8Kp60 DCI (8192x4320, flags=Rec709)]
[info][2026-07-29 17:04:36.417][decklink][Waiting for input signal detection...]
[info][2026-07-29 17:04:36.430][decklink][Video input enabled with automatic format detection]
[info][2026-07-29 17:04:36.430][decklink][Capture started (UYVY 4:2:2)]
[info][2026-07-29 17:04:36.431][udp_receiver][UDP receiver listening on 127.0.0.1:6305]
[info][2026-07-29 17:04:36.655][decklink][Video input format changed events=0x5, mode=1080i50, flags=Rec709, detected=YCbCr422, 10Bit (0x11)]
[info][2026-07-29 17:04:36.655][decklink][Video format changed: 1080i50]
[info][2026-07-29 17:04:36.656][decklink][Capture stopped]
[info][2026-07-29 17:04:36.679][decklink][Video input enabled with mode: 1080i50]
[info][2026-07-29 17:04:36.679][decklink][Capture started (UYVY 4:2:2)]
[info][2026-07-29 17:04:36.699][decklink][Output 1080i50 (matching input, no decimator needed)]
[info][2026-07-29 17:04:36.726][decklink][[Output 0] DeckLink 8K Pro (1) / DeckLink 8K Pro (subDevice=0, profile=0x34646864, duplex=0x64786861, ioSupport=0x3, outConns=0x1, busy=0x0)]
[info][2026-07-29 17:04:36.726][decklink][[Output 1] DeckLink 8K Pro (2) / DeckLink 8K Pro (subDevice=1, profile=0x34646864, duplex=0x64786861, ioSupport=0x3, outConns=0x1, busy=0x2)]
[info][2026-07-29 17:04:36.726][decklink][[Output 2] DeckLink 8K Pro (3) / DeckLink 8K Pro (subDevice=2, profile=0x34646864, duplex=0x64786861, ioSupport=0x3, outConns=0x1, busy=0x0)]
[info][2026-07-29 17:04:36.726][decklink][[Output 3] DeckLink 8K Pro (4) / DeckLink 8K Pro (subDevice=3, profile=0x34646864, duplex=0x64786861, ioSupport=0x3, outConns=0x1, busy=0x1)]
[info][2026-07-29 17:04:36.726][decklink][[Output 1] Selected output connection: SDI]
[error][2026-07-29 17:04:36.728][decklink][[Output 1] EnableVideoOutput failed (mode=1080i50, conn=1, hr=0x-7ffffff7)]
[warning][2026-07-29 17:04:36.728][decklink][Requested output index 1 failed; trying fallback output index 2]
[info][2026-07-29 17:04:36.728][decklink][[Output 2] Selected output connection: SDI]
[info][2026-07-29 17:04:36.730][decklink][Successfully initialized DeckLink output on output index 2 with mode: 1080i50]
[info][2026-07-29 17:04:36.730][decklink][]
[info][2026-07-29 17:04:36.730][decklink][═══════════════════════════════════════════════════════════]
[info][2026-07-29 17:04:36.730][decklink][  CHECKING OUTPUT GENLOCK STATUS]
[info][2026-07-29 17:04:36.730][decklink][═══════════════════════════════════════════════════════════]
[info][2026-07-29 17:04:36.730][decklink][Output device supports genlock - will sync to reference input]
[info][2026-07-29 17:04:36.730][decklink][Output genlock status: Unlocked - Genlock reference lock has not been achieved]
[info][2026-07-29 17:04:36.730][decklink][]
[warning][2026-07-29 17:04:36.730][decklink][Output is not locked to genlock reference. Waiting for lock...]
[info][2026-07-29 17:04:36.811][decklink][Video input format changed events=0x4, mode=1080i50, flags=Rec709, detected=YCbCr422, 10Bit (0x11)]
[warning][2026-07-29 17:04:41.735][decklink][Output genlock reference lock timeout. Output may not be synchronized.]
[warning][2026-07-29 17:04:41.735][decklink][Genlock: UNLOCKED | CHECK BMD APP]
[info][2026-07-29 17:04:41.735][decklink][DeckLink scheduled playback enabled (1920x1080, duration=1000, scale=25000)]
[error][2026-07-29 17:04:41.737][decklink][Output frame size 1280x720 does not match enabled DeckLink mode 1920x1080]
[info][2026-07-29 17:06:38.618][decklink][Configuring DeckLink input capture settings...]
[info][2026-07-29 17:06:38.618][decklink][Device supports genlock reference input]
[info][2026-07-29 17:06:38.618][decklink][Available display modes:]
[info][2026-07-29 17:06:38.618][decklink][  0: 525i59.94 NTSC (720x486, flags=Rec601)]
[info][2026-07-29 17:06:38.618][decklink][  1: 625i50 PAL (720x576, flags=Rec601)]
[info][2026-07-29 17:06:38.618][decklink][  2: 1080p23.98 (1920x1080, flags=Rec709)]
[info][2026-07-29 17:06:38.618][decklink][  3: 1080p24 (1920x1080, flags=Rec709)]
[info][2026-07-29 17:06:38.618][decklink][  4: 1080p25 (1920x1080, flags=Rec709)]
[info][2026-07-29 17:06:38.618][decklink][  5: 1080p29.97 (1920x1080, flags=Rec709)]
[info][2026-07-29 17:06:38.618][decklink][  6: 1080p30 (1920x1080, flags=Rec709)]
[info][2026-07-29 17:06:38.618][decklink][  7: 1080p47.95 (1920x1080, flags=Rec709)]
[info][2026-07-29 17:06:38.618][decklink][  8: 1080p48 (1920x1080, flags=Rec709)]
[info][2026-07-29 17:06:38.618][decklink][  9: 1080p50 (1920x1080, flags=Rec709)]
[info][2026-07-29 17:06:38.618][decklink][  10: 1080p59.94 (1920x1080, flags=Rec709)]
[info][2026-07-29 17:06:38.618][decklink][  11: 1080p60 (1920x1080, flags=Rec709)]
[info][2026-07-29 17:06:38.618][decklink][  12: 1080p95.90 (1920x1080, flags=Rec709)]
[info][2026-07-29 17:06:38.618][decklink][  13: 1080p96 (1920x1080, flags=Rec709)]
[info][2026-07-29 17:06:38.618][decklink][  14: 1080p100 (1920x1080, flags=Rec709)]
[info][2026-07-29 17:06:38.618][decklink][  15: 1080p119.88 (1920x1080, flags=Rec709)]
[info][2026-07-29 17:06:38.618][decklink][  16: 1080p120 (1920x1080, flags=Rec709)]
[info][2026-07-29 17:06:38.618][decklink][  17: 1080i50 (1920x1080, flags=Rec709)]
[info][2026-07-29 17:06:38.618][decklink][  18: 1080i59.94 (1920x1080, flags=Rec709)]
[info][2026-07-29 17:06:38.618][decklink][  19: 1080i60 (1920x1080, flags=Rec709)]
[info][2026-07-29 17:06:38.618][decklink][  20: 720p50 (1280x720, flags=Rec709)]
[info][2026-07-29 17:06:38.618][decklink][  21: 720p59.94 (1280x720, flags=Rec709)]
[info][2026-07-29 17:06:38.618][decklink][  22: 720p60 (1280x720, flags=Rec709)]
[info][2026-07-29 17:06:38.618][decklink][  23: 2Kp23.98 DCI (2048x1080, flags=Rec709)]
[info][2026-07-29 17:06:38.618][decklink][  24: 2Kp24 DCI (2048x1080, flags=Rec709)]
[info][2026-07-29 17:06:38.618][decklink][  25: 2Kp25 DCI (2048x1080, flags=Rec709)]
[info][2026-07-29 17:06:38.618][decklink][  26: 2Kp29.97 DCI (2048x1080, flags=Rec709)]
[info][2026-07-29 17:06:38.618][decklink][  27: 2Kp30 DCI (2048x1080, flags=Rec709)]
[info][2026-07-29 17:06:38.618][decklink][  28: 2Kp47.95 DCI (2048x1080, flags=Rec709)]
[info][2026-07-29 17:06:38.618][decklink][  29: 2Kp48 DCI (2048x1080, flags=Rec709)]
[info][2026-07-29 17:06:38.618][decklink][  30: 2Kp50 DCI (2048x1080, flags=Rec709)]
[info][2026-07-29 17:06:38.618][decklink][  31: 2Kp59.94 DCI (2048x1080, flags=Rec709)]
[info][2026-07-29 17:06:38.618][decklink][  32: 2Kp60 DCI (2048x1080, flags=Rec709)]
[info][2026-07-29 17:06:38.618][decklink][  33: 2Kp95.90 DCI (2048x1080, flags=Rec709)]
[info][2026-07-29 17:06:38.618][decklink][  34: 2Kp96 DCI (2048x1080, flags=Rec709)]
[info][2026-07-29 17:06:38.618][decklink][  35: 2Kp100 DCI (2048x1080, flags=Rec709)]
[info][2026-07-29 17:06:38.618][decklink][  36: 2Kp119.88 DCI (2048x1080, flags=Rec709)]
[info][2026-07-29 17:06:38.618][decklink][  37: 2Kp120 DCI (2048x1080, flags=Rec709)]
[info][2026-07-29 17:06:38.618][decklink][  38: 2160p23.98 (3840x2160, flags=Rec709)]
[info][2026-07-29 17:06:38.618][decklink][  39: 2160p24 (3840x2160, flags=Rec709)]
[info][2026-07-29 17:06:38.618][decklink][  40: 2160p25 (3840x2160, flags=Rec709)]
[info][2026-07-29 17:06:38.618][decklink][  41: 2160p29.97 (3840x2160, flags=Rec709)]
[info][2026-07-29 17:06:38.618][decklink][  42: 2160p30 (3840x2160, flags=Rec709)]
[info][2026-07-29 17:06:38.618][decklink][  43: 2160p47.95 (3840x2160, flags=Rec709)]
[info][2026-07-29 17:06:38.618][decklink][  44: 2160p48 (3840x2160, flags=Rec709)]
[info][2026-07-29 17:06:38.618][decklink][  45: 2160p50 (3840x2160, flags=Rec709)]
[info][2026-07-29 17:06:38.618][decklink][  46: 2160p59.94 (3840x2160, flags=Rec709)]
[info][2026-07-29 17:06:38.618][decklink][  47: 2160p60 (3840x2160, flags=Rec709)]
[info][2026-07-29 17:06:38.618][decklink][  48: 2160p95.90 (3840x2160, flags=Rec709)]
[info][2026-07-29 17:06:38.618][decklink][  49: 2160p96 (3840x2160, flags=Rec709)]
[info][2026-07-29 17:06:38.618][decklink][  50: 2160p100 (3840x2160, flags=Rec709)]
[info][2026-07-29 17:06:38.618][decklink][  51: 2160p119.88 (3840x2160, flags=Rec709)]
[info][2026-07-29 17:06:38.618][decklink][  52: 2160p120 (3840x2160, flags=Rec709)]
[info][2026-07-29 17:06:38.618][decklink][  53: 4Kp23.98 DCI (4096x2160, flags=Rec709)]
[info][2026-07-29 17:06:38.618][decklink][  54: 4Kp24 DCI (4096x2160, flags=Rec709)]
[info][2026-07-29 17:06:38.618][decklink][  55: 4Kp25 DCI (4096x2160, flags=Rec709)]
[info][2026-07-29 17:06:38.618][decklink][  56: 4Kp29.97 DCI (4096x2160, flags=Rec709)]
[info][2026-07-29 17:06:38.618][decklink][  57: 4Kp30 DCI (4096x2160, flags=Rec709)]
[info][2026-07-29 17:06:38.618][decklink][  58: 4Kp47.95 DCI (4096x2160, flags=Rec709)]
[info][2026-07-29 17:06:38.618][decklink][  59: 4Kp48 DCI (4096x2160, flags=Rec709)]
[info][2026-07-29 17:06:38.618][decklink][  60: 4Kp50 DCI (4096x2160, flags=Rec709)]
[info][2026-07-29 17:06:38.618][decklink][  61: 4Kp59.94 DCI (4096x2160, flags=Rec709)]
[info][2026-07-29 17:06:38.618][decklink][  62: 4Kp60 DCI (4096x2160, flags=Rec709)]
[info][2026-07-29 17:06:38.618][decklink][  63: 4Kp95.90 DCI (4096x2160, flags=Rec709)]
[info][2026-07-29 17:06:38.618][decklink][  64: 4Kp96 DCI (4096x2160, flags=Rec709)]
[info][2026-07-29 17:06:38.618][decklink][  65: 4Kp100 DCI (4096x2160, flags=Rec709)]
[info][2026-07-29 17:06:38.618][decklink][  66: 4Kp119.88 DCI (4096x2160, flags=Rec709)]
[info][2026-07-29 17:06:38.618][decklink][  67: 4Kp120 DCI (4096x2160, flags=Rec709)]
[info][2026-07-29 17:06:38.618][decklink][  68: 4320p23.98 (7680x4320, flags=Rec709)]
[info][2026-07-29 17:06:38.618][decklink][  69: 4320p24 (7680x4320, flags=Rec709)]
[info][2026-07-29 17:06:38.618][decklink][  70: 4320p25 (7680x4320, flags=Rec709)]
[info][2026-07-29 17:06:38.618][decklink][  71: 4320p29.97 (7680x4320, flags=Rec709)]
[info][2026-07-29 17:06:38.618][decklink][  72: 4320p30 (7680x4320, flags=Rec709)]
[info][2026-07-29 17:06:38.618][decklink][  73: 4320p47.95 (7680x4320, flags=Rec709)]
[info][2026-07-29 17:06:38.618][decklink][  74: 4320p48 (7680x4320, flags=Rec709)]
[info][2026-07-29 17:06:38.618][decklink][  75: 4320p50 (7680x4320, flags=Rec709)]
[info][2026-07-29 17:06:38.618][decklink][  76: 4320p59.94 (7680x4320, flags=Rec709)]
[info][2026-07-29 17:06:38.618][decklink][  77: 4320p60 (7680x4320, flags=Rec709)]
[info][2026-07-29 17:06:38.618][decklink][  78: 8Kp23.98 DCI (8192x4320, flags=Rec709)]
[info][2026-07-29 17:06:38.618][decklink][  79: 8Kp24 DCI (8192x4320, flags=Rec709)]
[info][2026-07-29 17:06:38.618][decklink][  80: 8Kp25 DCI (8192x4320, flags=Rec709)]
[info][2026-07-29 17:06:38.618][decklink][  81: 8Kp29.97 DCI (8192x4320, flags=Rec709)]
[info][2026-07-29 17:06:38.618][decklink][  82: 8Kp30 DCI (8192x4320, flags=Rec709)]
[info][2026-07-29 17:06:38.618][decklink][  83: 8Kp47.95 DCI (8192x4320, flags=Rec709)]
[info][2026-07-29 17:06:38.618][decklink][  84: 8Kp48 DCI (8192x4320, flags=Rec709)]
[info][2026-07-29 17:06:38.618][decklink][  85: 8Kp50 DCI (8192x4320, flags=Rec709)]
[info][2026-07-29 17:06:38.618][decklink][  86: 8Kp59.94 DCI (8192x4320, flags=Rec709)]
[info][2026-07-29 17:06:38.618][decklink][  87: 8Kp60 DCI (8192x4320, flags=Rec709)]
[info][2026-07-29 17:06:38.619][decklink][Waiting for input signal detection...]
[info][2026-07-29 17:06:38.631][decklink][Video input enabled with automatic format detection]
[info][2026-07-29 17:06:38.631][decklink][Capture started (UYVY 4:2:2)]
[info][2026-07-29 17:06:38.632][udp_receiver][UDP receiver listening on 127.0.0.1:6305]
[info][2026-07-29 17:06:38.873][decklink][Video input format changed events=0x5, mode=1080i50, flags=Rec709, detected=YCbCr422, 10Bit (0x11)]
[info][2026-07-29 17:06:38.873][decklink][Video format changed: 1080i50]
[info][2026-07-29 17:06:38.893][decklink][Output 1080i50 (matching input, no decimator needed)]
[info][2026-07-29 17:06:38.920][decklink][[Output 0] DeckLink 8K Pro (1) / DeckLink 8K Pro (subDevice=0, profile=0x34646864, duplex=0x64786861, ioSupport=0x3, outConns=0x1, busy=0x0)]
[info][2026-07-29 17:06:38.920][decklink][[Output 1] DeckLink 8K Pro (2) / DeckLink 8K Pro (subDevice=1, profile=0x34646864, duplex=0x64786861, ioSupport=0x3, outConns=0x1, busy=0x2)]
[info][2026-07-29 17:06:38.920][decklink][[Output 2] DeckLink 8K Pro (3) / DeckLink 8K Pro (subDevice=2, profile=0x34646864, duplex=0x64786861, ioSupport=0x3, outConns=0x1, busy=0x0)]
[info][2026-07-29 17:06:38.920][decklink][[Output 3] DeckLink 8K Pro (4) / DeckLink 8K Pro (subDevice=3, profile=0x34646864, duplex=0x64786861, ioSupport=0x3, outConns=0x1, busy=0x1)]
[info][2026-07-29 17:06:38.920][decklink][[Output 1] Selected output connection: SDI]
[error][2026-07-29 17:06:38.922][decklink][[Output 1] EnableVideoOutput failed (mode=1080i50, conn=1, hr=0x-7ffffff7)]
[warning][2026-07-29 17:06:38.922][decklink][Requested output index 1 failed; trying fallback output index 2]
[info][2026-07-29 17:06:38.922][decklink][[Output 2] Selected output connection: SDI]
[info][2026-07-29 17:06:38.924][decklink][Successfully initialized DeckLink output on output index 2 with mode: 1080i50]
[info][2026-07-29 17:06:38.924][decklink][]
[info][2026-07-29 17:06:38.924][decklink][═══════════════════════════════════════════════════════════]
[info][2026-07-29 17:06:38.924][decklink][  CHECKING OUTPUT GENLOCK STATUS]
[info][2026-07-29 17:06:38.924][decklink][═══════════════════════════════════════════════════════════]
[info][2026-07-29 17:06:38.924][decklink][Output device supports genlock - will sync to reference input]
[info][2026-07-29 17:06:38.924][decklink][Output genlock status: Unlocked - Genlock reference lock has not been achieved]
[info][2026-07-29 17:06:38.924][decklink][]
[warning][2026-07-29 17:06:38.924][decklink][Output is not locked to genlock reference. Waiting for lock...]
[info][2026-07-29 17:06:39.876][decklink][Capture stopped]
[info][2026-07-29 17:06:39.898][decklink][Video input enabled with mode: 1080i50]
[info][2026-07-29 17:06:39.899][decklink][Capture started (UYVY 4:2:2)]
[info][2026-07-29 17:06:40.011][decklink][Video input format changed events=0x4, mode=1080i50, flags=Rec709, detected=YCbCr422, 10Bit (0x11)]
[warning][2026-07-29 17:06:43.928][decklink][Output genlock reference lock timeout. Output may not be synchronized.]
[warning][2026-07-29 17:06:43.928][decklink][Genlock: UNLOCKED | CHECK BMD APP]
[info][2026-07-29 17:06:43.928][decklink][DeckLink scheduled playback enabled (1920x1080, duration=1000, scale=25000)]
[error][2026-07-29 17:06:43.931][decklink][Output frame size 1280x720 does not match enabled DeckLink mode 1920x1080]
[warning][2026-07-29 17:06:43.931][app][DeckLink output rejected a frame]
[info][2026-07-29 17:06:46.092][udp_receiver][UDP receiver listening on 127.0.0.1:6305]
[info][2026-07-29 17:06:48.771][udp_receiver][UDP receiver listening on 127.0.0.1:6305]
[info][2026-07-29 17:07:07.710][decklink][Capture stopped]
[info][2026-07-29 17:10:27.453][decklink][Configuring DeckLink input capture settings...]
[info][2026-07-29 17:10:27.453][decklink][Device supports genlock reference input]
[info][2026-07-29 17:10:27.453][decklink][Available display modes:]
[info][2026-07-29 17:10:27.453][decklink][  0: 525i59.94 NTSC (720x486, flags=Rec601)]
[info][2026-07-29 17:10:27.453][decklink][  1: 625i50 PAL (720x576, flags=Rec601)]
[info][2026-07-29 17:10:27.453][decklink][  2: 1080p23.98 (1920x1080, flags=Rec709)]
[info][2026-07-29 17:10:27.453][decklink][  3: 1080p24 (1920x1080, flags=Rec709)]
[info][2026-07-29 17:10:27.453][decklink][  4: 1080p25 (1920x1080, flags=Rec709)]
[info][2026-07-29 17:10:27.453][decklink][  5: 1080p29.97 (1920x1080, flags=Rec709)]
[info][2026-07-29 17:10:27.453][decklink][  6: 1080p30 (1920x1080, flags=Rec709)]
[info][2026-07-29 17:10:27.453][decklink][  7: 1080p47.95 (1920x1080, flags=Rec709)]
[info][2026-07-29 17:10:27.453][decklink][  8: 1080p48 (1920x1080, flags=Rec709)]
[info][2026-07-29 17:10:27.453][decklink][  9: 1080p50 (1920x1080, flags=Rec709)]
[info][2026-07-29 17:10:27.453][decklink][  10: 1080p59.94 (1920x1080, flags=Rec709)]
[info][2026-07-29 17:10:27.453][decklink][  11: 1080p60 (1920x1080, flags=Rec709)]
[info][2026-07-29 17:10:27.453][decklink][  12: 1080p95.90 (1920x1080, flags=Rec709)]
[info][2026-07-29 17:10:27.453][decklink][  13: 1080p96 (1920x1080, flags=Rec709)]
[info][2026-07-29 17:10:27.453][decklink][  14: 1080p100 (1920x1080, flags=Rec709)]
[info][2026-07-29 17:10:27.453][decklink][  15: 1080p119.88 (1920x1080, flags=Rec709)]
[info][2026-07-29 17:10:27.453][decklink][  16: 1080p120 (1920x1080, flags=Rec709)]
[info][2026-07-29 17:10:27.453][decklink][  17: 1080i50 (1920x1080, flags=Rec709)]
[info][2026-07-29 17:10:27.453][decklink][  18: 1080i59.94 (1920x1080, flags=Rec709)]
[info][2026-07-29 17:10:27.453][decklink][  19: 1080i60 (1920x1080, flags=Rec709)]
[info][2026-07-29 17:10:27.453][decklink][  20: 720p50 (1280x720, flags=Rec709)]
[info][2026-07-29 17:10:27.453][decklink][  21: 720p59.94 (1280x720, flags=Rec709)]
[info][2026-07-29 17:10:27.453][decklink][  22: 720p60 (1280x720, flags=Rec709)]
[info][2026-07-29 17:10:27.453][decklink][  23: 2Kp23.98 DCI (2048x1080, flags=Rec709)]
[info][2026-07-29 17:10:27.453][decklink][  24: 2Kp24 DCI (2048x1080, flags=Rec709)]
[info][2026-07-29 17:10:27.453][decklink][  25: 2Kp25 DCI (2048x1080, flags=Rec709)]
[info][2026-07-29 17:10:27.453][decklink][  26: 2Kp29.97 DCI (2048x1080, flags=Rec709)]
[info][2026-07-29 17:10:27.453][decklink][  27: 2Kp30 DCI (2048x1080, flags=Rec709)]
[info][2026-07-29 17:10:27.453][decklink][  28: 2Kp47.95 DCI (2048x1080, flags=Rec709)]
[info][2026-07-29 17:10:27.453][decklink][  29: 2Kp48 DCI (2048x1080, flags=Rec709)]
[info][2026-07-29 17:10:27.453][decklink][  30: 2Kp50 DCI (2048x1080, flags=Rec709)]
[info][2026-07-29 17:10:27.453][decklink][  31: 2Kp59.94 DCI (2048x1080, flags=Rec709)]
[info][2026-07-29 17:10:27.453][decklink][  32: 2Kp60 DCI (2048x1080, flags=Rec709)]
[info][2026-07-29 17:10:27.453][decklink][  33: 2Kp95.90 DCI (2048x1080, flags=Rec709)]
[info][2026-07-29 17:10:27.453][decklink][  34: 2Kp96 DCI (2048x1080, flags=Rec709)]
[info][2026-07-29 17:10:27.453][decklink][  35: 2Kp100 DCI (2048x1080, flags=Rec709)]
[info][2026-07-29 17:10:27.453][decklink][  36: 2Kp119.88 DCI (2048x1080, flags=Rec709)]
[info][2026-07-29 17:10:27.453][decklink][  37: 2Kp120 DCI (2048x1080, flags=Rec709)]
[info][2026-07-29 17:10:27.453][decklink][  38: 2160p23.98 (3840x2160, flags=Rec709)]
[info][2026-07-29 17:10:27.453][decklink][  39: 2160p24 (3840x2160, flags=Rec709)]
[info][2026-07-29 17:10:27.453][decklink][  40: 2160p25 (3840x2160, flags=Rec709)]
[info][2026-07-29 17:10:27.453][decklink][  41: 2160p29.97 (3840x2160, flags=Rec709)]
[info][2026-07-29 17:10:27.453][decklink][  42: 2160p30 (3840x2160, flags=Rec709)]
[info][2026-07-29 17:10:27.453][decklink][  43: 2160p47.95 (3840x2160, flags=Rec709)]
[info][2026-07-29 17:10:27.453][decklink][  44: 2160p48 (3840x2160, flags=Rec709)]
[info][2026-07-29 17:10:27.453][decklink][  45: 2160p50 (3840x2160, flags=Rec709)]
[info][2026-07-29 17:10:27.454][decklink][  46: 2160p59.94 (3840x2160, flags=Rec709)]
[info][2026-07-29 17:10:27.454][decklink][  47: 2160p60 (3840x2160, flags=Rec709)]
[info][2026-07-29 17:10:27.454][decklink][  48: 2160p95.90 (3840x2160, flags=Rec709)]
[info][2026-07-29 17:10:27.454][decklink][  49: 2160p96 (3840x2160, flags=Rec709)]
[info][2026-07-29 17:10:27.454][decklink][  50: 2160p100 (3840x2160, flags=Rec709)]
[info][2026-07-29 17:10:27.454][decklink][  51: 2160p119.88 (3840x2160, flags=Rec709)]
[info][2026-07-29 17:10:27.454][decklink][  52: 2160p120 (3840x2160, flags=Rec709)]
[info][2026-07-29 17:10:27.454][decklink][  53: 4Kp23.98 DCI (4096x2160, flags=Rec709)]
[info][2026-07-29 17:10:27.454][decklink][  54: 4Kp24 DCI (4096x2160, flags=Rec709)]
[info][2026-07-29 17:10:27.454][decklink][  55: 4Kp25 DCI (4096x2160, flags=Rec709)]
[info][2026-07-29 17:10:27.454][decklink][  56: 4Kp29.97 DCI (4096x2160, flags=Rec709)]
[info][2026-07-29 17:10:27.454][decklink][  57: 4Kp30 DCI (4096x2160, flags=Rec709)]
[info][2026-07-29 17:10:27.454][decklink][  58: 4Kp47.95 DCI (4096x2160, flags=Rec709)]
[info][2026-07-29 17:10:27.454][decklink][  59: 4Kp48 DCI (4096x2160, flags=Rec709)]
[info][2026-07-29 17:10:27.454][decklink][  60: 4Kp50 DCI (4096x2160, flags=Rec709)]
[info][2026-07-29 17:10:27.454][decklink][  61: 4Kp59.94 DCI (4096x2160, flags=Rec709)]
[info][2026-07-29 17:10:27.454][decklink][  62: 4Kp60 DCI (4096x2160, flags=Rec709)]
[info][2026-07-29 17:10:27.454][decklink][  63: 4Kp95.90 DCI (4096x2160, flags=Rec709)]
[info][2026-07-29 17:10:27.454][decklink][  64: 4Kp96 DCI (4096x2160, flags=Rec709)]
[info][2026-07-29 17:10:27.454][decklink][  65: 4Kp100 DCI (4096x2160, flags=Rec709)]
[info][2026-07-29 17:10:27.454][decklink][  66: 4Kp119.88 DCI (4096x2160, flags=Rec709)]
[info][2026-07-29 17:10:27.454][decklink][  67: 4Kp120 DCI (4096x2160, flags=Rec709)]
[info][2026-07-29 17:10:27.454][decklink][  68: 4320p23.98 (7680x4320, flags=Rec709)]
[info][2026-07-29 17:10:27.454][decklink][  69: 4320p24 (7680x4320, flags=Rec709)]
[info][2026-07-29 17:10:27.454][decklink][  70: 4320p25 (7680x4320, flags=Rec709)]
[info][2026-07-29 17:10:27.454][decklink][  71: 4320p29.97 (7680x4320, flags=Rec709)]
[info][2026-07-29 17:10:27.454][decklink][  72: 4320p30 (7680x4320, flags=Rec709)]
[info][2026-07-29 17:10:27.454][decklink][  73: 4320p47.95 (7680x4320, flags=Rec709)]
[info][2026-07-29 17:10:27.454][decklink][  74: 4320p48 (7680x4320, flags=Rec709)]
[info][2026-07-29 17:10:27.454][decklink][  75: 4320p50 (7680x4320, flags=Rec709)]
[info][2026-07-29 17:10:27.454][decklink][  76: 4320p59.94 (7680x4320, flags=Rec709)]
[info][2026-07-29 17:10:27.454][decklink][  77: 4320p60 (7680x4320, flags=Rec709)]
[info][2026-07-29 17:10:27.454][decklink][  78: 8Kp23.98 DCI (8192x4320, flags=Rec709)]
[info][2026-07-29 17:10:27.454][decklink][  79: 8Kp24 DCI (8192x4320, flags=Rec709)]
[info][2026-07-29 17:10:27.454][decklink][  80: 8Kp25 DCI (8192x4320, flags=Rec709)]
[info][2026-07-29 17:10:27.454][decklink][  81: 8Kp29.97 DCI (8192x4320, flags=Rec709)]
[info][2026-07-29 17:10:27.454][decklink][  82: 8Kp30 DCI (8192x4320, flags=Rec709)]
[info][2026-07-29 17:10:27.454][decklink][  83: 8Kp47.95 DCI (8192x4320, flags=Rec709)]
[info][2026-07-29 17:10:27.454][decklink][  84: 8Kp48 DCI (8192x4320, flags=Rec709)]
[info][2026-07-29 17:10:27.454][decklink][  85: 8Kp50 DCI (8192x4320, flags=Rec709)]
[info][2026-07-29 17:10:27.454][decklink][  86: 8Kp59.94 DCI (8192x4320, flags=Rec709)]
[info][2026-07-29 17:10:27.454][decklink][  87: 8Kp60 DCI (8192x4320, flags=Rec709)]
[info][2026-07-29 17:10:27.454][decklink][Waiting for input signal detection...]
[info][2026-07-29 17:10:27.466][decklink][Video input enabled with automatic format detection]
[info][2026-07-29 17:10:27.466][decklink][Capture started (UYVY 4:2:2)]
[info][2026-07-29 17:10:27.467][udp_receiver][UDP receiver listening on 127.0.0.1:6305; raw packets -> /home/quidich/Televison/udpOut/udp_raw.txt]
[info][2026-07-29 17:10:27.689][decklink][Video input format changed events=0x5, mode=1080i50, flags=Rec709, detected=YCbCr422, 10Bit (0x11)]
[info][2026-07-29 17:10:27.689][decklink][Video format changed: 1080i50]
[info][2026-07-29 17:10:27.690][decklink][Capture stopped]
[info][2026-07-29 17:10:27.712][decklink][Video input enabled with mode: 1080i50]
[info][2026-07-29 17:10:27.712][decklink][Capture started (UYVY 4:2:2)]
[info][2026-07-29 17:10:27.723][decklink][Output 1080i50 (matching input, no decimator needed)]
[info][2026-07-29 17:10:27.750][decklink][[Output 0] DeckLink 8K Pro (1) / DeckLink 8K Pro (subDevice=0, profile=0x34646864, duplex=0x64786861, ioSupport=0x3, outConns=0x1, busy=0x0)]
[info][2026-07-29 17:10:27.750][decklink][[Output 1] DeckLink 8K Pro (2) / DeckLink 8K Pro (subDevice=1, profile=0x34646864, duplex=0x64786861, ioSupport=0x3, outConns=0x1, busy=0x2)]
[info][2026-07-29 17:10:27.750][decklink][[Output 2] DeckLink 8K Pro (3) / DeckLink 8K Pro (subDevice=2, profile=0x34646864, duplex=0x64786861, ioSupport=0x3, outConns=0x1, busy=0x0)]
[info][2026-07-29 17:10:27.750][decklink][[Output 3] DeckLink 8K Pro (4) / DeckLink 8K Pro (subDevice=3, profile=0x34646864, duplex=0x64786861, ioSupport=0x3, outConns=0x1, busy=0x1)]
[info][2026-07-29 17:10:27.750][decklink][[Output 1] Selected output connection: SDI]
[error][2026-07-29 17:10:27.752][decklink][[Output 1] EnableVideoOutput failed (mode=1080i50, conn=1, hr=0x-7ffffff7)]
[warning][2026-07-29 17:10:27.752][decklink][Requested output index 1 failed; trying fallback output index 2]
[info][2026-07-29 17:10:27.752][decklink][[Output 2] Selected output connection: SDI]
[info][2026-07-29 17:10:27.754][decklink][Successfully initialized DeckLink output on output index 2 with mode: 1080i50]
[info][2026-07-29 17:10:27.754][decklink][]
[info][2026-07-29 17:10:27.754][decklink][═══════════════════════════════════════════════════════════]
[info][2026-07-29 17:10:27.754][decklink][  CHECKING OUTPUT GENLOCK STATUS]
[info][2026-07-29 17:10:27.754][decklink][═══════════════════════════════════════════════════════════]
[info][2026-07-29 17:10:27.754][decklink][Output device supports genlock - will sync to reference input]
[info][2026-07-29 17:10:27.754][decklink][Output genlock status: Unlocked - Genlock reference lock has not been achieved]
[info][2026-07-29 17:10:27.754][decklink][]
[warning][2026-07-29 17:10:27.754][decklink][Output is not locked to genlock reference. Waiting for lock...]
[info][2026-07-29 17:10:27.853][decklink][Video input format changed events=0x4, mode=1080i50, flags=Rec709, detected=YCbCr422, 10Bit (0x11)]
[warning][2026-07-29 17:10:32.763][decklink][Output genlock reference lock timeout. Output may not be synchronized.]
[warning][2026-07-29 17:10:32.764][decklink][Genlock: UNLOCKED | CHECK BMD APP]
[info][2026-07-29 17:10:32.764][decklink][DeckLink scheduled playback enabled (1920x1080, duration=1000, scale=25000)]
[error][2026-07-29 17:10:32.766][decklink][Output frame size 1280x720 does not match enabled DeckLink mode 1920x1080]
[warning][2026-07-29 17:10:32.767][app][DeckLink output rejected a frame]
[info][2026-07-29 17:10:37.071][decklink][Capture stopped]
[info][2026-07-29 17:12:53.048][decklink][Configuring DeckLink input capture settings...]
[info][2026-07-29 17:12:53.048][decklink][Device supports genlock reference input]
[info][2026-07-29 17:12:53.048][decklink][Available display modes:]
[info][2026-07-29 17:12:53.048][decklink][  0: 525i59.94 NTSC (720x486, flags=Rec601)]
[info][2026-07-29 17:12:53.048][decklink][  1: 625i50 PAL (720x576, flags=Rec601)]
[info][2026-07-29 17:12:53.048][decklink][  2: 1080p23.98 (1920x1080, flags=Rec709)]
[info][2026-07-29 17:12:53.048][decklink][  3: 1080p24 (1920x1080, flags=Rec709)]
[info][2026-07-29 17:12:53.048][decklink][  4: 1080p25 (1920x1080, flags=Rec709)]
[info][2026-07-29 17:12:53.048][decklink][  5: 1080p29.97 (1920x1080, flags=Rec709)]
[info][2026-07-29 17:12:53.048][decklink][  6: 1080p30 (1920x1080, flags=Rec709)]
[info][2026-07-29 17:12:53.048][decklink][  7: 1080p47.95 (1920x1080, flags=Rec709)]
[info][2026-07-29 17:12:53.048][decklink][  8: 1080p48 (1920x1080, flags=Rec709)]
[info][2026-07-29 17:12:53.048][decklink][  9: 1080p50 (1920x1080, flags=Rec709)]
[info][2026-07-29 17:12:53.048][decklink][  10: 1080p59.94 (1920x1080, flags=Rec709)]
[info][2026-07-29 17:12:53.048][decklink][  11: 1080p60 (1920x1080, flags=Rec709)]
[info][2026-07-29 17:12:53.048][decklink][  12: 1080p95.90 (1920x1080, flags=Rec709)]
[info][2026-07-29 17:12:53.048][decklink][  13: 1080p96 (1920x1080, flags=Rec709)]
[info][2026-07-29 17:12:53.048][decklink][  14: 1080p100 (1920x1080, flags=Rec709)]
[info][2026-07-29 17:12:53.048][decklink][  15: 1080p119.88 (1920x1080, flags=Rec709)]
[info][2026-07-29 17:12:53.048][decklink][  16: 1080p120 (1920x1080, flags=Rec709)]
[info][2026-07-29 17:12:53.048][decklink][  17: 1080i50 (1920x1080, flags=Rec709)]
[info][2026-07-29 17:12:53.048][decklink][  18: 1080i59.94 (1920x1080, flags=Rec709)]
[info][2026-07-29 17:12:53.048][decklink][  19: 1080i60 (1920x1080, flags=Rec709)]
[info][2026-07-29 17:12:53.048][decklink][  20: 720p50 (1280x720, flags=Rec709)]
[info][2026-07-29 17:12:53.048][decklink][  21: 720p59.94 (1280x720, flags=Rec709)]
[info][2026-07-29 17:12:53.048][decklink][  22: 720p60 (1280x720, flags=Rec709)]
[info][2026-07-29 17:12:53.048][decklink][  23: 2Kp23.98 DCI (2048x1080, flags=Rec709)]
[info][2026-07-29 17:12:53.048][decklink][  24: 2Kp24 DCI (2048x1080, flags=Rec709)]
[info][2026-07-29 17:12:53.048][decklink][  25: 2Kp25 DCI (2048x1080, flags=Rec709)]
[info][2026-07-29 17:12:53.048][decklink][  26: 2Kp29.97 DCI (2048x1080, flags=Rec709)]
[info][2026-07-29 17:12:53.048][decklink][  27: 2Kp30 DCI (2048x1080, flags=Rec709)]
[info][2026-07-29 17:12:53.048][decklink][  28: 2Kp47.95 DCI (2048x1080, flags=Rec709)]
[info][2026-07-29 17:12:53.048][decklink][  29: 2Kp48 DCI (2048x1080, flags=Rec709)]
[info][2026-07-29 17:12:53.048][decklink][  30: 2Kp50 DCI (2048x1080, flags=Rec709)]
[info][2026-07-29 17:12:53.048][decklink][  31: 2Kp59.94 DCI (2048x1080, flags=Rec709)]
[info][2026-07-29 17:12:53.048][decklink][  32: 2Kp60 DCI (2048x1080, flags=Rec709)]
[info][2026-07-29 17:12:53.048][decklink][  33: 2Kp95.90 DCI (2048x1080, flags=Rec709)]
[info][2026-07-29 17:12:53.048][decklink][  34: 2Kp96 DCI (2048x1080, flags=Rec709)]
[info][2026-07-29 17:12:53.048][decklink][  35: 2Kp100 DCI (2048x1080, flags=Rec709)]
[info][2026-07-29 17:12:53.048][decklink][  36: 2Kp119.88 DCI (2048x1080, flags=Rec709)]
[info][2026-07-29 17:12:53.048][decklink][  37: 2Kp120 DCI (2048x1080, flags=Rec709)]
[info][2026-07-29 17:12:53.048][decklink][  38: 2160p23.98 (3840x2160, flags=Rec709)]
[info][2026-07-29 17:12:53.048][decklink][  39: 2160p24 (3840x2160, flags=Rec709)]
[info][2026-07-29 17:12:53.048][decklink][  40: 2160p25 (3840x2160, flags=Rec709)]
[info][2026-07-29 17:12:53.048][decklink][  41: 2160p29.97 (3840x2160, flags=Rec709)]
[info][2026-07-29 17:12:53.048][decklink][  42: 2160p30 (3840x2160, flags=Rec709)]
[info][2026-07-29 17:12:53.048][decklink][  43: 2160p47.95 (3840x2160, flags=Rec709)]
[info][2026-07-29 17:12:53.048][decklink][  44: 2160p48 (3840x2160, flags=Rec709)]
[info][2026-07-29 17:12:53.048][decklink][  45: 2160p50 (3840x2160, flags=Rec709)]
[info][2026-07-29 17:12:53.049][decklink][  46: 2160p59.94 (3840x2160, flags=Rec709)]
[info][2026-07-29 17:12:53.049][decklink][  47: 2160p60 (3840x2160, flags=Rec709)]
[info][2026-07-29 17:12:53.049][decklink][  48: 2160p95.90 (3840x2160, flags=Rec709)]
[info][2026-07-29 17:12:53.049][decklink][  49: 2160p96 (3840x2160, flags=Rec709)]
[info][2026-07-29 17:12:53.049][decklink][  50: 2160p100 (3840x2160, flags=Rec709)]
[info][2026-07-29 17:12:53.049][decklink][  51: 2160p119.88 (3840x2160, flags=Rec709)]
[info][2026-07-29 17:12:53.049][decklink][  52: 2160p120 (3840x2160, flags=Rec709)]
[info][2026-07-29 17:12:53.049][decklink][  53: 4Kp23.98 DCI (4096x2160, flags=Rec709)]
[info][2026-07-29 17:12:53.049][decklink][  54: 4Kp24 DCI (4096x2160, flags=Rec709)]
[info][2026-07-29 17:12:53.049][decklink][  55: 4Kp25 DCI (4096x2160, flags=Rec709)]
[info][2026-07-29 17:12:53.049][decklink][  56: 4Kp29.97 DCI (4096x2160, flags=Rec709)]
[info][2026-07-29 17:12:53.049][decklink][  57: 4Kp30 DCI (4096x2160, flags=Rec709)]
[info][2026-07-29 17:12:53.049][decklink][  58: 4Kp47.95 DCI (4096x2160, flags=Rec709)]
[info][2026-07-29 17:12:53.049][decklink][  59: 4Kp48 DCI (4096x2160, flags=Rec709)]
[info][2026-07-29 17:12:53.049][decklink][  60: 4Kp50 DCI (4096x2160, flags=Rec709)]
[info][2026-07-29 17:12:53.049][decklink][  61: 4Kp59.94 DCI (4096x2160, flags=Rec709)]
[info][2026-07-29 17:12:53.049][decklink][  62: 4Kp60 DCI (4096x2160, flags=Rec709)]
[info][2026-07-29 17:12:53.049][decklink][  63: 4Kp95.90 DCI (4096x2160, flags=Rec709)]
[info][2026-07-29 17:12:53.049][decklink][  64: 4Kp96 DCI (4096x2160, flags=Rec709)]
[info][2026-07-29 17:12:53.049][decklink][  65: 4Kp100 DCI (4096x2160, flags=Rec709)]
[info][2026-07-29 17:12:53.049][decklink][  66: 4Kp119.88 DCI (4096x2160, flags=Rec709)]
[info][2026-07-29 17:12:53.049][decklink][  67: 4Kp120 DCI (4096x2160, flags=Rec709)]
[info][2026-07-29 17:12:53.049][decklink][  68: 4320p23.98 (7680x4320, flags=Rec709)]
[info][2026-07-29 17:12:53.049][decklink][  69: 4320p24 (7680x4320, flags=Rec709)]
[info][2026-07-29 17:12:53.049][decklink][  70: 4320p25 (7680x4320, flags=Rec709)]
[info][2026-07-29 17:12:53.049][decklink][  71: 4320p29.97 (7680x4320, flags=Rec709)]
[info][2026-07-29 17:12:53.049][decklink][  72: 4320p30 (7680x4320, flags=Rec709)]
[info][2026-07-29 17:12:53.049][decklink][  73: 4320p47.95 (7680x4320, flags=Rec709)]
[info][2026-07-29 17:12:53.049][decklink][  74: 4320p48 (7680x4320, flags=Rec709)]
[info][2026-07-29 17:12:53.049][decklink][  75: 4320p50 (7680x4320, flags=Rec709)]
[info][2026-07-29 17:12:53.049][decklink][  76: 4320p59.94 (7680x4320, flags=Rec709)]
[info][2026-07-29 17:12:53.049][decklink][  77: 4320p60 (7680x4320, flags=Rec709)]
[info][2026-07-29 17:12:53.049][decklink][  78: 8Kp23.98 DCI (8192x4320, flags=Rec709)]
[info][2026-07-29 17:12:53.049][decklink][  79: 8Kp24 DCI (8192x4320, flags=Rec709)]
[info][2026-07-29 17:12:53.049][decklink][  80: 8Kp25 DCI (8192x4320, flags=Rec709)]
[info][2026-07-29 17:12:53.049][decklink][  81: 8Kp29.97 DCI (8192x4320, flags=Rec709)]
[info][2026-07-29 17:12:53.049][decklink][  82: 8Kp30 DCI (8192x4320, flags=Rec709)]
[info][2026-07-29 17:12:53.049][decklink][  83: 8Kp47.95 DCI (8192x4320, flags=Rec709)]
[info][2026-07-29 17:12:53.049][decklink][  84: 8Kp48 DCI (8192x4320, flags=Rec709)]
[info][2026-07-29 17:12:53.049][decklink][  85: 8Kp50 DCI (8192x4320, flags=Rec709)]
[info][2026-07-29 17:12:53.049][decklink][  86: 8Kp59.94 DCI (8192x4320, flags=Rec709)]
[info][2026-07-29 17:12:53.049][decklink][  87: 8Kp60 DCI (8192x4320, flags=Rec709)]
[info][2026-07-29 17:12:53.049][decklink][Waiting for input signal detection...]
[info][2026-07-29 17:12:53.061][decklink][Video input enabled with automatic format detection]
[info][2026-07-29 17:12:53.061][decklink][Capture started (UYVY 4:2:2)]
[info][2026-07-29 17:12:53.062][udp_receiver][UDP receiver listening on 127.0.0.1:6305; raw packets -> /home/quidich/Televison/udpOut/udp_raw.txt]
[info][2026-07-29 17:12:53.297][decklink][Video input format changed events=0x5, mode=1080i50, flags=Rec709, detected=YCbCr422, 10Bit (0x11)]
[info][2026-07-29 17:12:53.298][decklink][Video format changed: 1080i50]
[info][2026-07-29 17:12:53.299][decklink][Capture stopped]
[info][2026-07-29 17:12:53.322][decklink][Output 1080i50 (matching input, no decimator needed)]
[info][2026-07-29 17:12:53.323][decklink][Video input enabled with mode: 1080i50]
[info][2026-07-29 17:12:53.323][decklink][Capture started (UYVY 4:2:2)]
[info][2026-07-29 17:12:53.353][decklink][[Output 0] DeckLink 8K Pro (1) / DeckLink 8K Pro (subDevice=0, profile=0x34646864, duplex=0x64786861, ioSupport=0x3, outConns=0x1, busy=0x0)]
[info][2026-07-29 17:12:53.353][decklink][[Output 1] DeckLink 8K Pro (2) / DeckLink 8K Pro (subDevice=1, profile=0x34646864, duplex=0x64786861, ioSupport=0x3, outConns=0x1, busy=0x2)]
[info][2026-07-29 17:12:53.353][decklink][[Output 2] DeckLink 8K Pro (3) / DeckLink 8K Pro (subDevice=2, profile=0x34646864, duplex=0x64786861, ioSupport=0x3, outConns=0x1, busy=0x0)]
[info][2026-07-29 17:12:53.353][decklink][[Output 3] DeckLink 8K Pro (4) / DeckLink 8K Pro (subDevice=3, profile=0x34646864, duplex=0x64786861, ioSupport=0x3, outConns=0x1, busy=0x1)]
[info][2026-07-29 17:12:53.353][decklink][[Output 1] Selected output connection: SDI]
[error][2026-07-29 17:12:53.355][decklink][[Output 1] EnableVideoOutput failed (mode=1080i50, conn=1, hr=0x-7ffffff7)]
[warning][2026-07-29 17:12:53.355][decklink][Requested output index 1 failed; trying fallback output index 2]
[info][2026-07-29 17:12:53.355][decklink][[Output 2] Selected output connection: SDI]
[info][2026-07-29 17:12:53.357][decklink][Successfully initialized DeckLink output on output index 2 with mode: 1080i50]
[info][2026-07-29 17:12:53.357][decklink][]
[info][2026-07-29 17:12:53.357][decklink][═══════════════════════════════════════════════════════════]
[info][2026-07-29 17:12:53.357][decklink][  CHECKING OUTPUT GENLOCK STATUS]
[info][2026-07-29 17:12:53.357][decklink][═══════════════════════════════════════════════════════════]
[info][2026-07-29 17:12:53.357][decklink][Output device supports genlock - will sync to reference input]
[info][2026-07-29 17:12:53.357][decklink][Output genlock status: Unlocked - Genlock reference lock has not been achieved]
[info][2026-07-29 17:12:53.357][decklink][]
[warning][2026-07-29 17:12:53.357][decklink][Output is not locked to genlock reference. Waiting for lock...]
[info][2026-07-29 17:12:53.454][decklink][Video input format changed events=0x4, mode=1080i50, flags=Rec709, detected=YCbCr422, 10Bit (0x11)]
[warning][2026-07-29 17:12:58.362][decklink][Output genlock reference lock timeout. Output may not be synchronized.]
[warning][2026-07-29 17:12:58.363][decklink][Genlock: UNLOCKED | CHECK BMD APP]
[info][2026-07-29 17:12:58.363][decklink][DeckLink scheduled playback enabled (1920x1080, duration=1000, scale=25000)]
[error][2026-07-29 17:12:58.365][decklink][Output frame size 1280x720 does not match enabled DeckLink mode 1920x1080]
[warning][2026-07-29 17:12:58.365][app][DeckLink output rejected a frame]
[info][2026-07-29 17:13:04.832][decklink][Capture stopped]
[info][2026-07-29 17:28:29.343][decklink][Configuring DeckLink input capture settings...]
[info][2026-07-29 17:28:29.343][decklink][Device supports genlock reference input]
[info][2026-07-29 17:28:29.343][decklink][Available display modes:]
[info][2026-07-29 17:28:29.343][decklink][  0: 525i59.94 NTSC (720x486, flags=Rec601)]
[info][2026-07-29 17:28:29.343][decklink][  1: 625i50 PAL (720x576, flags=Rec601)]
[info][2026-07-29 17:28:29.343][decklink][  2: 1080p23.98 (1920x1080, flags=Rec709)]
[info][2026-07-29 17:28:29.343][decklink][  3: 1080p24 (1920x1080, flags=Rec709)]
[info][2026-07-29 17:28:29.343][decklink][  4: 1080p25 (1920x1080, flags=Rec709)]
[info][2026-07-29 17:28:29.343][decklink][  5: 1080p29.97 (1920x1080, flags=Rec709)]
[info][2026-07-29 17:28:29.343][decklink][  6: 1080p30 (1920x1080, flags=Rec709)]
[info][2026-07-29 17:28:29.343][decklink][  7: 1080p47.95 (1920x1080, flags=Rec709)]
[info][2026-07-29 17:28:29.343][decklink][  8: 1080p48 (1920x1080, flags=Rec709)]
[info][2026-07-29 17:28:29.343][decklink][  9: 1080p50 (1920x1080, flags=Rec709)]
[info][2026-07-29 17:28:29.343][decklink][  10: 1080p59.94 (1920x1080, flags=Rec709)]
[info][2026-07-29 17:28:29.343][decklink][  11: 1080p60 (1920x1080, flags=Rec709)]
[info][2026-07-29 17:28:29.343][decklink][  12: 1080p95.90 (1920x1080, flags=Rec709)]
[info][2026-07-29 17:28:29.343][decklink][  13: 1080p96 (1920x1080, flags=Rec709)]
[info][2026-07-29 17:28:29.343][decklink][  14: 1080p100 (1920x1080, flags=Rec709)]
[info][2026-07-29 17:28:29.343][decklink][  15: 1080p119.88 (1920x1080, flags=Rec709)]
[info][2026-07-29 17:28:29.343][decklink][  16: 1080p120 (1920x1080, flags=Rec709)]
[info][2026-07-29 17:28:29.343][decklink][  17: 1080i50 (1920x1080, flags=Rec709)]
[info][2026-07-29 17:28:29.343][decklink][  18: 1080i59.94 (1920x1080, flags=Rec709)]
[info][2026-07-29 17:28:29.343][decklink][  19: 1080i60 (1920x1080, flags=Rec709)]
[info][2026-07-29 17:28:29.343][decklink][  20: 720p50 (1280x720, flags=Rec709)]
[info][2026-07-29 17:28:29.343][decklink][  21: 720p59.94 (1280x720, flags=Rec709)]
[info][2026-07-29 17:28:29.343][decklink][  22: 720p60 (1280x720, flags=Rec709)]
[info][2026-07-29 17:28:29.343][decklink][  23: 2Kp23.98 DCI (2048x1080, flags=Rec709)]
[info][2026-07-29 17:28:29.343][decklink][  24: 2Kp24 DCI (2048x1080, flags=Rec709)]
[info][2026-07-29 17:28:29.343][decklink][  25: 2Kp25 DCI (2048x1080, flags=Rec709)]
[info][2026-07-29 17:28:29.343][decklink][  26: 2Kp29.97 DCI (2048x1080, flags=Rec709)]
[info][2026-07-29 17:28:29.343][decklink][  27: 2Kp30 DCI (2048x1080, flags=Rec709)]
[info][2026-07-29 17:28:29.343][decklink][  28: 2Kp47.95 DCI (2048x1080, flags=Rec709)]
[info][2026-07-29 17:28:29.343][decklink][  29: 2Kp48 DCI (2048x1080, flags=Rec709)]
[info][2026-07-29 17:28:29.343][decklink][  30: 2Kp50 DCI (2048x1080, flags=Rec709)]
[info][2026-07-29 17:28:29.343][decklink][  31: 2Kp59.94 DCI (2048x1080, flags=Rec709)]
[info][2026-07-29 17:28:29.343][decklink][  32: 2Kp60 DCI (2048x1080, flags=Rec709)]
[info][2026-07-29 17:28:29.343][decklink][  33: 2Kp95.90 DCI (2048x1080, flags=Rec709)]
[info][2026-07-29 17:28:29.343][decklink][  34: 2Kp96 DCI (2048x1080, flags=Rec709)]
[info][2026-07-29 17:28:29.343][decklink][  35: 2Kp100 DCI (2048x1080, flags=Rec709)]
[info][2026-07-29 17:28:29.343][decklink][  36: 2Kp119.88 DCI (2048x1080, flags=Rec709)]
[info][2026-07-29 17:28:29.343][decklink][  37: 2Kp120 DCI (2048x1080, flags=Rec709)]
[info][2026-07-29 17:28:29.343][decklink][  38: 2160p23.98 (3840x2160, flags=Rec709)]
[info][2026-07-29 17:28:29.343][decklink][  39: 2160p24 (3840x2160, flags=Rec709)]
[info][2026-07-29 17:28:29.343][decklink][  40: 2160p25 (3840x2160, flags=Rec709)]
[info][2026-07-29 17:28:29.343][decklink][  41: 2160p29.97 (3840x2160, flags=Rec709)]
[info][2026-07-29 17:28:29.343][decklink][  42: 2160p30 (3840x2160, flags=Rec709)]
[info][2026-07-29 17:28:29.343][decklink][  43: 2160p47.95 (3840x2160, flags=Rec709)]
[info][2026-07-29 17:28:29.343][decklink][  44: 2160p48 (3840x2160, flags=Rec709)]
[info][2026-07-29 17:28:29.343][decklink][  45: 2160p50 (3840x2160, flags=Rec709)]
[info][2026-07-29 17:28:29.343][decklink][  46: 2160p59.94 (3840x2160, flags=Rec709)]
[info][2026-07-29 17:28:29.343][decklink][  47: 2160p60 (3840x2160, flags=Rec709)]
[info][2026-07-29 17:28:29.343][decklink][  48: 2160p95.90 (3840x2160, flags=Rec709)]
[info][2026-07-29 17:28:29.343][decklink][  49: 2160p96 (3840x2160, flags=Rec709)]
[info][2026-07-29 17:28:29.343][decklink][  50: 2160p100 (3840x2160, flags=Rec709)]
[info][2026-07-29 17:28:29.343][decklink][  51: 2160p119.88 (3840x2160, flags=Rec709)]
[info][2026-07-29 17:28:29.343][decklink][  52: 2160p120 (3840x2160, flags=Rec709)]
[info][2026-07-29 17:28:29.343][decklink][  53: 4Kp23.98 DCI (4096x2160, flags=Rec709)]
[info][2026-07-29 17:28:29.343][decklink][  54: 4Kp24 DCI (4096x2160, flags=Rec709)]
[info][2026-07-29 17:28:29.343][decklink][  55: 4Kp25 DCI (4096x2160, flags=Rec709)]
[info][2026-07-29 17:28:29.343][decklink][  56: 4Kp29.97 DCI (4096x2160, flags=Rec709)]
[info][2026-07-29 17:28:29.343][decklink][  57: 4Kp30 DCI (4096x2160, flags=Rec709)]
[info][2026-07-29 17:28:29.343][decklink][  58: 4Kp47.95 DCI (4096x2160, flags=Rec709)]
[info][2026-07-29 17:28:29.343][decklink][  59: 4Kp48 DCI (4096x2160, flags=Rec709)]
[info][2026-07-29 17:28:29.343][decklink][  60: 4Kp50 DCI (4096x2160, flags=Rec709)]
[info][2026-07-29 17:28:29.343][decklink][  61: 4Kp59.94 DCI (4096x2160, flags=Rec709)]
[info][2026-07-29 17:28:29.343][decklink][  62: 4Kp60 DCI (4096x2160, flags=Rec709)]
[info][2026-07-29 17:28:29.343][decklink][  63: 4Kp95.90 DCI (4096x2160, flags=Rec709)]
[info][2026-07-29 17:28:29.343][decklink][  64: 4Kp96 DCI (4096x2160, flags=Rec709)]
[info][2026-07-29 17:28:29.343][decklink][  65: 4Kp100 DCI (4096x2160, flags=Rec709)]
[info][2026-07-29 17:28:29.343][decklink][  66: 4Kp119.88 DCI (4096x2160, flags=Rec709)]
[info][2026-07-29 17:28:29.343][decklink][  67: 4Kp120 DCI (4096x2160, flags=Rec709)]
[info][2026-07-29 17:28:29.343][decklink][  68: 4320p23.98 (7680x4320, flags=Rec709)]
[info][2026-07-29 17:28:29.343][decklink][  69: 4320p24 (7680x4320, flags=Rec709)]
[info][2026-07-29 17:28:29.343][decklink][  70: 4320p25 (7680x4320, flags=Rec709)]
[info][2026-07-29 17:28:29.343][decklink][  71: 4320p29.97 (7680x4320, flags=Rec709)]
[info][2026-07-29 17:28:29.343][decklink][  72: 4320p30 (7680x4320, flags=Rec709)]
[info][2026-07-29 17:28:29.343][decklink][  73: 4320p47.95 (7680x4320, flags=Rec709)]
[info][2026-07-29 17:28:29.343][decklink][  74: 4320p48 (7680x4320, flags=Rec709)]
[info][2026-07-29 17:28:29.343][decklink][  75: 4320p50 (7680x4320, flags=Rec709)]
[info][2026-07-29 17:28:29.343][decklink][  76: 4320p59.94 (7680x4320, flags=Rec709)]
[info][2026-07-29 17:28:29.343][decklink][  77: 4320p60 (7680x4320, flags=Rec709)]
[info][2026-07-29 17:28:29.343][decklink][  78: 8Kp23.98 DCI (8192x4320, flags=Rec709)]
[info][2026-07-29 17:28:29.343][decklink][  79: 8Kp24 DCI (8192x4320, flags=Rec709)]
[info][2026-07-29 17:28:29.343][decklink][  80: 8Kp25 DCI (8192x4320, flags=Rec709)]
[info][2026-07-29 17:28:29.343][decklink][  81: 8Kp29.97 DCI (8192x4320, flags=Rec709)]
[info][2026-07-29 17:28:29.343][decklink][  82: 8Kp30 DCI (8192x4320, flags=Rec709)]
[info][2026-07-29 17:28:29.343][decklink][  83: 8Kp47.95 DCI (8192x4320, flags=Rec709)]
[info][2026-07-29 17:28:29.343][decklink][  84: 8Kp48 DCI (8192x4320, flags=Rec709)]
[info][2026-07-29 17:28:29.343][decklink][  85: 8Kp50 DCI (8192x4320, flags=Rec709)]
[info][2026-07-29 17:28:29.343][decklink][  86: 8Kp59.94 DCI (8192x4320, flags=Rec709)]
[info][2026-07-29 17:28:29.343][decklink][  87: 8Kp60 DCI (8192x4320, flags=Rec709)]
[info][2026-07-29 17:28:29.343][decklink][Waiting for input signal detection...]
[info][2026-07-29 17:28:29.353][decklink][Video input enabled with automatic format detection]
[info][2026-07-29 17:28:29.353][decklink][Capture started (UYVY 4:2:2)]
[info][2026-07-29 17:28:29.353][udp_receiver][UDP receiver listening on 127.0.0.1:6305; raw packets -> /home/quidich/Televison/udpOut/udp_raw.txt]
[info][2026-07-29 17:28:29.593][decklink][Using default output mode: 1080p25]
[info][2026-07-29 17:28:29.603][decklink][Video input format changed events=0x5, mode=1080i50, flags=Rec709, detected=YCbCr422, 10Bit (0x11)]
[info][2026-07-29 17:28:29.603][decklink][Video format changed: 1080i50]
[info][2026-07-29 17:28:29.603][decklink][Capture stopped]
[info][2026-07-29 17:28:29.620][decklink][Video input enabled with mode: 1080i50]
[info][2026-07-29 17:28:29.620][decklink][Capture started (UYVY 4:2:2)]
[info][2026-07-29 17:28:29.622][decklink][[Output 0] DeckLink 8K Pro (1) / DeckLink 8K Pro (subDevice=0, profile=0x34646864, duplex=0x64786861, ioSupport=0x3, outConns=0x1, busy=0x0)]
[info][2026-07-29 17:28:29.623][decklink][[Output 1] DeckLink 8K Pro (2) / DeckLink 8K Pro (subDevice=1, profile=0x34646864, duplex=0x64786861, ioSupport=0x3, outConns=0x1, busy=0x2)]
[info][2026-07-29 17:28:29.623][decklink][[Output 2] DeckLink 8K Pro (3) / DeckLink 8K Pro (subDevice=2, profile=0x34646864, duplex=0x64786861, ioSupport=0x3, outConns=0x1, busy=0x0)]
[info][2026-07-29 17:28:29.623][decklink][[Output 3] DeckLink 8K Pro (4) / DeckLink 8K Pro (subDevice=3, profile=0x34646864, duplex=0x64786861, ioSupport=0x3, outConns=0x1, busy=0x1)]
[info][2026-07-29 17:28:29.623][decklink][[Output 1] Selected output connection: SDI]
[error][2026-07-29 17:28:29.624][decklink][[Output 1] EnableVideoOutput failed (mode=1080p25, conn=1, hr=0x-7ffffff7)]
[warning][2026-07-29 17:28:29.624][decklink][Requested output index 1 failed; trying fallback output index 2]
[info][2026-07-29 17:28:29.624][decklink][[Output 2] Selected output connection: SDI]
[info][2026-07-29 17:28:29.626][decklink][Successfully initialized DeckLink output on output index 2 with mode: 1080p25]
[info][2026-07-29 17:28:29.626][decklink][]
[info][2026-07-29 17:28:29.626][decklink][═══════════════════════════════════════════════════════════]
[info][2026-07-29 17:28:29.626][decklink][  CHECKING OUTPUT GENLOCK STATUS]
[info][2026-07-29 17:28:29.626][decklink][═══════════════════════════════════════════════════════════]
[info][2026-07-29 17:28:29.626][decklink][Output device supports genlock - will sync to reference input]
[info][2026-07-29 17:28:29.626][decklink][Output genlock status: Unlocked - Genlock reference lock has not been achieved]
[info][2026-07-29 17:28:29.626][decklink][]
[warning][2026-07-29 17:28:29.626][decklink][Output is not locked to genlock reference. Waiting for lock...]
[info][2026-07-29 17:28:29.738][decklink][Video input format changed events=0x4, mode=1080i50, flags=Rec709, detected=YCbCr422, 10Bit (0x11)]
[warning][2026-07-29 17:28:34.630][decklink][Output genlock reference lock timeout. Output may not be synchronized.]
[warning][2026-07-29 17:28:34.630][decklink][Genlock: UNLOCKED | CHECK BMD APP]
[info][2026-07-29 17:28:34.631][decklink][DeckLink scheduled playback enabled (1920x1080, duration=1000, scale=25000)]
[error][2026-07-29 17:28:34.632][decklink][Output frame size 1280x720 does not match enabled DeckLink mode 1920x1080]
[warning][2026-07-29 17:28:34.632][app][DeckLink output rejected a frame]
[info][2026-07-29 17:28:40.618][udp_receiver][UDP receiver listening on 127.0.0.1:6305; raw packets -> /home/quidich/Televison/udpOut/udp_raw.txt]
[info][2026-07-29 17:42:48.882][decklink][Capture stopped]
[info][2026-07-29 17:42:51.930][decklink][Configuring DeckLink input capture settings...]
[info][2026-07-29 17:42:51.930][decklink][Device supports genlock reference input]
[info][2026-07-29 17:42:51.930][decklink][Available display modes:]
[info][2026-07-29 17:42:51.930][decklink][  0: 525i59.94 NTSC (720x486, flags=Rec601)]
[info][2026-07-29 17:42:51.930][decklink][  1: 625i50 PAL (720x576, flags=Rec601)]
[info][2026-07-29 17:42:51.930][decklink][  2: 1080p23.98 (1920x1080, flags=Rec709)]
[info][2026-07-29 17:42:51.930][decklink][  3: 1080p24 (1920x1080, flags=Rec709)]
[info][2026-07-29 17:42:51.930][decklink][  4: 1080p25 (1920x1080, flags=Rec709)]
[info][2026-07-29 17:42:51.930][decklink][  5: 1080p29.97 (1920x1080, flags=Rec709)]
[info][2026-07-29 17:42:51.930][decklink][  6: 1080p30 (1920x1080, flags=Rec709)]
[info][2026-07-29 17:42:51.930][decklink][  7: 1080p47.95 (1920x1080, flags=Rec709)]
[info][2026-07-29 17:42:51.930][decklink][  8: 1080p48 (1920x1080, flags=Rec709)]
[info][2026-07-29 17:42:51.930][decklink][  9: 1080p50 (1920x1080, flags=Rec709)]
[info][2026-07-29 17:42:51.930][decklink][  10: 1080p59.94 (1920x1080, flags=Rec709)]
[info][2026-07-29 17:42:51.930][decklink][  11: 1080p60 (1920x1080, flags=Rec709)]
[info][2026-07-29 17:42:51.930][decklink][  12: 1080p95.90 (1920x1080, flags=Rec709)]
[info][2026-07-29 17:42:51.930][decklink][  13: 1080p96 (1920x1080, flags=Rec709)]
[info][2026-07-29 17:42:51.931][decklink][  14: 1080p100 (1920x1080, flags=Rec709)]
[info][2026-07-29 17:42:51.931][decklink][  15: 1080p119.88 (1920x1080, flags=Rec709)]
[info][2026-07-29 17:42:51.931][decklink][  16: 1080p120 (1920x1080, flags=Rec709)]
[info][2026-07-29 17:42:51.931][decklink][  17: 1080i50 (1920x1080, flags=Rec709)]
[info][2026-07-29 17:42:51.931][decklink][  18: 1080i59.94 (1920x1080, flags=Rec709)]
[info][2026-07-29 17:42:51.931][decklink][  19: 1080i60 (1920x1080, flags=Rec709)]
[info][2026-07-29 17:42:51.931][decklink][  20: 720p50 (1280x720, flags=Rec709)]
[info][2026-07-29 17:42:51.931][decklink][  21: 720p59.94 (1280x720, flags=Rec709)]
[info][2026-07-29 17:42:51.931][decklink][  22: 720p60 (1280x720, flags=Rec709)]
[info][2026-07-29 17:42:51.931][decklink][  23: 2Kp23.98 DCI (2048x1080, flags=Rec709)]
[info][2026-07-29 17:42:51.931][decklink][  24: 2Kp24 DCI (2048x1080, flags=Rec709)]
[info][2026-07-29 17:42:51.931][decklink][  25: 2Kp25 DCI (2048x1080, flags=Rec709)]
[info][2026-07-29 17:42:51.931][decklink][  26: 2Kp29.97 DCI (2048x1080, flags=Rec709)]
[info][2026-07-29 17:42:51.931][decklink][  27: 2Kp30 DCI (2048x1080, flags=Rec709)]
[info][2026-07-29 17:42:51.931][decklink][  28: 2Kp47.95 DCI (2048x1080, flags=Rec709)]
[info][2026-07-29 17:42:51.931][decklink][  29: 2Kp48 DCI (2048x1080, flags=Rec709)]
[info][2026-07-29 17:42:51.931][decklink][  30: 2Kp50 DCI (2048x1080, flags=Rec709)]
[info][2026-07-29 17:42:51.931][decklink][  31: 2Kp59.94 DCI (2048x1080, flags=Rec709)]
[info][2026-07-29 17:42:51.931][decklink][  32: 2Kp60 DCI (2048x1080, flags=Rec709)]
[info][2026-07-29 17:42:51.931][decklink][  33: 2Kp95.90 DCI (2048x1080, flags=Rec709)]
[info][2026-07-29 17:42:51.931][decklink][  34: 2Kp96 DCI (2048x1080, flags=Rec709)]
[info][2026-07-29 17:42:51.931][decklink][  35: 2Kp100 DCI (2048x1080, flags=Rec709)]
[info][2026-07-29 17:42:51.931][decklink][  36: 2Kp119.88 DCI (2048x1080, flags=Rec709)]
[info][2026-07-29 17:42:51.931][decklink][  37: 2Kp120 DCI (2048x1080, flags=Rec709)]
[info][2026-07-29 17:42:51.931][decklink][  38: 2160p23.98 (3840x2160, flags=Rec709)]
[info][2026-07-29 17:42:51.931][decklink][  39: 2160p24 (3840x2160, flags=Rec709)]
[info][2026-07-29 17:42:51.931][decklink][  40: 2160p25 (3840x2160, flags=Rec709)]
[info][2026-07-29 17:42:51.931][decklink][  41: 2160p29.97 (3840x2160, flags=Rec709)]
[info][2026-07-29 17:42:51.931][decklink][  42: 2160p30 (3840x2160, flags=Rec709)]
[info][2026-07-29 17:42:51.931][decklink][  43: 2160p47.95 (3840x2160, flags=Rec709)]
[info][2026-07-29 17:42:51.931][decklink][  44: 2160p48 (3840x2160, flags=Rec709)]
[info][2026-07-29 17:42:51.931][decklink][  45: 2160p50 (3840x2160, flags=Rec709)]
[info][2026-07-29 17:42:51.931][decklink][  46: 2160p59.94 (3840x2160, flags=Rec709)]
[info][2026-07-29 17:42:51.931][decklink][  47: 2160p60 (3840x2160, flags=Rec709)]
[info][2026-07-29 17:42:51.931][decklink][  48: 2160p95.90 (3840x2160, flags=Rec709)]
[info][2026-07-29 17:42:51.931][decklink][  49: 2160p96 (3840x2160, flags=Rec709)]
[info][2026-07-29 17:42:51.931][decklink][  50: 2160p100 (3840x2160, flags=Rec709)]
[info][2026-07-29 17:42:51.931][decklink][  51: 2160p119.88 (3840x2160, flags=Rec709)]
[info][2026-07-29 17:42:51.931][decklink][  52: 2160p120 (3840x2160, flags=Rec709)]
[info][2026-07-29 17:42:51.931][decklink][  53: 4Kp23.98 DCI (4096x2160, flags=Rec709)]
[info][2026-07-29 17:42:51.931][decklink][  54: 4Kp24 DCI (4096x2160, flags=Rec709)]
[info][2026-07-29 17:42:51.931][decklink][  55: 4Kp25 DCI (4096x2160, flags=Rec709)]
[info][2026-07-29 17:42:51.931][decklink][  56: 4Kp29.97 DCI (4096x2160, flags=Rec709)]
[info][2026-07-29 17:42:51.931][decklink][  57: 4Kp30 DCI (4096x2160, flags=Rec709)]
[info][2026-07-29 17:42:51.931][decklink][  58: 4Kp47.95 DCI (4096x2160, flags=Rec709)]
[info][2026-07-29 17:42:51.931][decklink][  59: 4Kp48 DCI (4096x2160, flags=Rec709)]
[info][2026-07-29 17:42:51.931][decklink][  60: 4Kp50 DCI (4096x2160, flags=Rec709)]
[info][2026-07-29 17:42:51.931][decklink][  61: 4Kp59.94 DCI (4096x2160, flags=Rec709)]
[info][2026-07-29 17:42:51.931][decklink][  62: 4Kp60 DCI (4096x2160, flags=Rec709)]
[info][2026-07-29 17:42:51.931][decklink][  63: 4Kp95.90 DCI (4096x2160, flags=Rec709)]
[info][2026-07-29 17:42:51.931][decklink][  64: 4Kp96 DCI (4096x2160, flags=Rec709)]
[info][2026-07-29 17:42:51.931][decklink][  65: 4Kp100 DCI (4096x2160, flags=Rec709)]
[info][2026-07-29 17:42:51.931][decklink][  66: 4Kp119.88 DCI (4096x2160, flags=Rec709)]
[info][2026-07-29 17:42:51.931][decklink][  67: 4Kp120 DCI (4096x2160, flags=Rec709)]
[info][2026-07-29 17:42:51.931][decklink][  68: 4320p23.98 (7680x4320, flags=Rec709)]
[info][2026-07-29 17:42:51.931][decklink][  69: 4320p24 (7680x4320, flags=Rec709)]
[info][2026-07-29 17:42:51.931][decklink][  70: 4320p25 (7680x4320, flags=Rec709)]
[info][2026-07-29 17:42:51.931][decklink][  71: 4320p29.97 (7680x4320, flags=Rec709)]
[info][2026-07-29 17:42:51.931][decklink][  72: 4320p30 (7680x4320, flags=Rec709)]
[info][2026-07-29 17:42:51.931][decklink][  73: 4320p47.95 (7680x4320, flags=Rec709)]
[info][2026-07-29 17:42:51.931][decklink][  74: 4320p48 (7680x4320, flags=Rec709)]
[info][2026-07-29 17:42:51.931][decklink][  75: 4320p50 (7680x4320, flags=Rec709)]
[info][2026-07-29 17:42:51.931][decklink][  76: 4320p59.94 (7680x4320, flags=Rec709)]
[info][2026-07-29 17:42:51.931][decklink][  77: 4320p60 (7680x4320, flags=Rec709)]
[info][2026-07-29 17:42:51.931][decklink][  78: 8Kp23.98 DCI (8192x4320, flags=Rec709)]
[info][2026-07-29 17:42:51.931][decklink][  79: 8Kp24 DCI (8192x4320, flags=Rec709)]
[info][2026-07-29 17:42:51.931][decklink][  80: 8Kp25 DCI (8192x4320, flags=Rec709)]
[info][2026-07-29 17:42:51.931][decklink][  81: 8Kp29.97 DCI (8192x4320, flags=Rec709)]
[info][2026-07-29 17:42:51.931][decklink][  82: 8Kp30 DCI (8192x4320, flags=Rec709)]
[info][2026-07-29 17:42:51.931][decklink][  83: 8Kp47.95 DCI (8192x4320, flags=Rec709)]
[info][2026-07-29 17:42:51.931][decklink][  84: 8Kp48 DCI (8192x4320, flags=Rec709)]
[info][2026-07-29 17:42:51.931][decklink][  85: 8Kp50 DCI (8192x4320, flags=Rec709)]
[info][2026-07-29 17:42:51.931][decklink][  86: 8Kp59.94 DCI (8192x4320, flags=Rec709)]
[info][2026-07-29 17:42:51.931][decklink][  87: 8Kp60 DCI (8192x4320, flags=Rec709)]
[info][2026-07-29 17:42:51.931][decklink][Waiting for input signal detection...]
[info][2026-07-29 17:42:51.940][decklink][Video input enabled with automatic format detection]
[info][2026-07-29 17:42:51.940][decklink][Capture started (UYVY 4:2:2)]
[info][2026-07-29 17:42:51.942][udp_receiver][UDP receiver listening on 127.0.0.1:6305; raw packets -> /home/quidich/Televison/udpOut/udp_raw.txt]
[info][2026-07-29 17:42:52.162][decklink][Using default output mode: 1080p25]
[info][2026-07-29 17:42:52.188][decklink][[Output 0] DeckLink 8K Pro (1) / DeckLink 8K Pro (subDevice=0, profile=0x34646864, duplex=0x64786861, ioSupport=0x3, outConns=0x1, busy=0x0)]
[info][2026-07-29 17:42:52.188][decklink][[Output 1] DeckLink 8K Pro (2) / DeckLink 8K Pro (subDevice=1, profile=0x34646864, duplex=0x64786861, ioSupport=0x3, outConns=0x1, busy=0x2)]
[info][2026-07-29 17:42:52.188][decklink][[Output 2] DeckLink 8K Pro (3) / DeckLink 8K Pro (subDevice=2, profile=0x34646864, duplex=0x64786861, ioSupport=0x3, outConns=0x1, busy=0x0)]
[info][2026-07-29 17:42:52.188][decklink][[Output 3] DeckLink 8K Pro (4) / DeckLink 8K Pro (subDevice=3, profile=0x34646864, duplex=0x64786861, ioSupport=0x3, outConns=0x1, busy=0x1)]
[info][2026-07-29 17:42:52.188][decklink][[Output 1] Selected output connection: SDI]
[error][2026-07-29 17:42:52.189][decklink][[Output 1] EnableVideoOutput failed (mode=1080p25, conn=1, hr=0x-7ffffff7)]
[warning][2026-07-29 17:42:52.189][decklink][Requested output index 1 failed; trying fallback output index 2]
[info][2026-07-29 17:42:52.190][decklink][[Output 2] Selected output connection: SDI]
[info][2026-07-29 17:42:52.191][decklink][Successfully initialized DeckLink output on output index 2 with mode: 1080p25]
[info][2026-07-29 17:42:52.191][decklink][]
[info][2026-07-29 17:42:52.191][decklink][═══════════════════════════════════════════════════════════]
[info][2026-07-29 17:42:52.191][decklink][  CHECKING OUTPUT GENLOCK STATUS]
[info][2026-07-29 17:42:52.191][decklink][═══════════════════════════════════════════════════════════]
[info][2026-07-29 17:42:52.191][decklink][Output device supports genlock - will sync to reference input]
[info][2026-07-29 17:42:52.191][decklink][Output genlock status: Unlocked - Genlock reference lock has not been achieved]
[info][2026-07-29 17:42:52.191][decklink][]
[warning][2026-07-29 17:42:52.191][decklink][Output is not locked to genlock reference. Waiting for lock...]
[info][2026-07-29 17:42:52.232][decklink][Video input format changed events=0x5, mode=1080i50, flags=Rec709, detected=YCbCr422, 10Bit (0x11)]
[info][2026-07-29 17:42:52.232][decklink][Video format changed: 1080i50]
[info][2026-07-29 17:42:52.232][decklink][Capture stopped]
[info][2026-07-29 17:42:52.252][decklink][Video input enabled with mode: 1080i50]
[info][2026-07-29 17:42:52.252][decklink][Capture started (UYVY 4:2:2)]
[info][2026-07-29 17:42:52.384][decklink][Video input format changed events=0x4, mode=1080i50, flags=Rec709, detected=YCbCr422, 10Bit (0x11)]
[warning][2026-07-29 17:42:57.196][decklink][Output genlock reference lock timeout. Output may not be synchronized.]
[warning][2026-07-29 17:42:57.196][decklink][Genlock: UNLOCKED | CHECK BMD APP]
[info][2026-07-29 17:42:57.196][decklink][DeckLink scheduled playback enabled (1920x1080, duration=1000, scale=25000)]
[error][2026-07-29 17:42:57.206][decklink][Output frame size 1280x720 does not match enabled DeckLink mode 1920x1080]
[warning][2026-07-29 17:42:57.206][app][DeckLink output rejected a frame]
[info][2026-07-29 17:44:52.924][decklink][Capture stopped]
[info][2026-07-29 17:52:07.287][decklink][Configuring DeckLink input capture settings...]
[info][2026-07-29 17:52:07.287][decklink][Device supports genlock reference input]
[info][2026-07-29 17:52:07.287][decklink][Available display modes:]
[info][2026-07-29 17:52:07.287][decklink][  0: 525i59.94 NTSC (720x486, flags=Rec601)]
[info][2026-07-29 17:52:07.287][decklink][  1: 625i50 PAL (720x576, flags=Rec601)]
[info][2026-07-29 17:52:07.287][decklink][  2: 1080p23.98 (1920x1080, flags=Rec709)]
[info][2026-07-29 17:52:07.287][decklink][  3: 1080p24 (1920x1080, flags=Rec709)]
[info][2026-07-29 17:52:07.287][decklink][  4: 1080p25 (1920x1080, flags=Rec709)]
[info][2026-07-29 17:52:07.287][decklink][  5: 1080p29.97 (1920x1080, flags=Rec709)]
[info][2026-07-29 17:52:07.287][decklink][  6: 1080p30 (1920x1080, flags=Rec709)]
[info][2026-07-29 17:52:07.287][decklink][  7: 1080p47.95 (1920x1080, flags=Rec709)]
[info][2026-07-29 17:52:07.287][decklink][  8: 1080p48 (1920x1080, flags=Rec709)]
[info][2026-07-29 17:52:07.287][decklink][  9: 1080p50 (1920x1080, flags=Rec709)]
[info][2026-07-29 17:52:07.287][decklink][  10: 1080p59.94 (1920x1080, flags=Rec709)]
[info][2026-07-29 17:52:07.287][decklink][  11: 1080p60 (1920x1080, flags=Rec709)]
[info][2026-07-29 17:52:07.287][decklink][  12: 1080p95.90 (1920x1080, flags=Rec709)]
[info][2026-07-29 17:52:07.287][decklink][  13: 1080p96 (1920x1080, flags=Rec709)]
[info][2026-07-29 17:52:07.287][decklink][  14: 1080p100 (1920x1080, flags=Rec709)]
[info][2026-07-29 17:52:07.287][decklink][  15: 1080p119.88 (1920x1080, flags=Rec709)]
[info][2026-07-29 17:52:07.287][decklink][  16: 1080p120 (1920x1080, flags=Rec709)]
[info][2026-07-29 17:52:07.287][decklink][  17: 1080i50 (1920x1080, flags=Rec709)]
[info][2026-07-29 17:52:07.287][decklink][  18: 1080i59.94 (1920x1080, flags=Rec709)]
[info][2026-07-29 17:52:07.287][decklink][  19: 1080i60 (1920x1080, flags=Rec709)]
[info][2026-07-29 17:52:07.287][decklink][  20: 720p50 (1280x720, flags=Rec709)]
[info][2026-07-29 17:52:07.287][decklink][  21: 720p59.94 (1280x720, flags=Rec709)]
[info][2026-07-29 17:52:07.287][decklink][  22: 720p60 (1280x720, flags=Rec709)]
[info][2026-07-29 17:52:07.287][decklink][  23: 2Kp23.98 DCI (2048x1080, flags=Rec709)]
[info][2026-07-29 17:52:07.287][decklink][  24: 2Kp24 DCI (2048x1080, flags=Rec709)]
[info][2026-07-29 17:52:07.287][decklink][  25: 2Kp25 DCI (2048x1080, flags=Rec709)]
[info][2026-07-29 17:52:07.287][decklink][  26: 2Kp29.97 DCI (2048x1080, flags=Rec709)]
[info][2026-07-29 17:52:07.287][decklink][  27: 2Kp30 DCI (2048x1080, flags=Rec709)]
[info][2026-07-29 17:52:07.287][decklink][  28: 2Kp47.95 DCI (2048x1080, flags=Rec709)]
[info][2026-07-29 17:52:07.287][decklink][  29: 2Kp48 DCI (2048x1080, flags=Rec709)]
[info][2026-07-29 17:52:07.287][decklink][  30: 2Kp50 DCI (2048x1080, flags=Rec709)]
[info][2026-07-29 17:52:07.287][decklink][  31: 2Kp59.94 DCI (2048x1080, flags=Rec709)]
[info][2026-07-29 17:52:07.287][decklink][  32: 2Kp60 DCI (2048x1080, flags=Rec709)]
[info][2026-07-29 17:52:07.287][decklink][  33: 2Kp95.90 DCI (2048x1080, flags=Rec709)]
[info][2026-07-29 17:52:07.287][decklink][  34: 2Kp96 DCI (2048x1080, flags=Rec709)]
[info][2026-07-29 17:52:07.287][decklink][  35: 2Kp100 DCI (2048x1080, flags=Rec709)]
[info][2026-07-29 17:52:07.287][decklink][  36: 2Kp119.88 DCI (2048x1080, flags=Rec709)]
[info][2026-07-29 17:52:07.287][decklink][  37: 2Kp120 DCI (2048x1080, flags=Rec709)]
[info][2026-07-29 17:52:07.287][decklink][  38: 2160p23.98 (3840x2160, flags=Rec709)]
[info][2026-07-29 17:52:07.287][decklink][  39: 2160p24 (3840x2160, flags=Rec709)]
[info][2026-07-29 17:52:07.287][decklink][  40: 2160p25 (3840x2160, flags=Rec709)]
[info][2026-07-29 17:52:07.287][decklink][  41: 2160p29.97 (3840x2160, flags=Rec709)]
[info][2026-07-29 17:52:07.287][decklink][  42: 2160p30 (3840x2160, flags=Rec709)]
[info][2026-07-29 17:52:07.287][decklink][  43: 2160p47.95 (3840x2160, flags=Rec709)]
[info][2026-07-29 17:52:07.287][decklink][  44: 2160p48 (3840x2160, flags=Rec709)]
[info][2026-07-29 17:52:07.287][decklink][  45: 2160p50 (3840x2160, flags=Rec709)]
[info][2026-07-29 17:52:07.287][decklink][  46: 2160p59.94 (3840x2160, flags=Rec709)]
[info][2026-07-29 17:52:07.287][decklink][  47: 2160p60 (3840x2160, flags=Rec709)]
[info][2026-07-29 17:52:07.287][decklink][  48: 2160p95.90 (3840x2160, flags=Rec709)]
[info][2026-07-29 17:52:07.287][decklink][  49: 2160p96 (3840x2160, flags=Rec709)]
[info][2026-07-29 17:52:07.287][decklink][  50: 2160p100 (3840x2160, flags=Rec709)]
[info][2026-07-29 17:52:07.287][decklink][  51: 2160p119.88 (3840x2160, flags=Rec709)]
[info][2026-07-29 17:52:07.287][decklink][  52: 2160p120 (3840x2160, flags=Rec709)]
[info][2026-07-29 17:52:07.287][decklink][  53: 4Kp23.98 DCI (4096x2160, flags=Rec709)]
[info][2026-07-29 17:52:07.287][decklink][  54: 4Kp24 DCI (4096x2160, flags=Rec709)]
[info][2026-07-29 17:52:07.287][decklink][  55: 4Kp25 DCI (4096x2160, flags=Rec709)]
[info][2026-07-29 17:52:07.287][decklink][  56: 4Kp29.97 DCI (4096x2160, flags=Rec709)]
[info][2026-07-29 17:52:07.287][decklink][  57: 4Kp30 DCI (4096x2160, flags=Rec709)]
[info][2026-07-29 17:52:07.287][decklink][  58: 4Kp47.95 DCI (4096x2160, flags=Rec709)]
[info][2026-07-29 17:52:07.287][decklink][  59: 4Kp48 DCI (4096x2160, flags=Rec709)]
[info][2026-07-29 17:52:07.287][decklink][  60: 4Kp50 DCI (4096x2160, flags=Rec709)]
[info][2026-07-29 17:52:07.287][decklink][  61: 4Kp59.94 DCI (4096x2160, flags=Rec709)]
[info][2026-07-29 17:52:07.287][decklink][  62: 4Kp60 DCI (4096x2160, flags=Rec709)]
[info][2026-07-29 17:52:07.287][decklink][  63: 4Kp95.90 DCI (4096x2160, flags=Rec709)]
[info][2026-07-29 17:52:07.287][decklink][  64: 4Kp96 DCI (4096x2160, flags=Rec709)]
[info][2026-07-29 17:52:07.287][decklink][  65: 4Kp100 DCI (4096x2160, flags=Rec709)]
[info][2026-07-29 17:52:07.287][decklink][  66: 4Kp119.88 DCI (4096x2160, flags=Rec709)]
[info][2026-07-29 17:52:07.287][decklink][  67: 4Kp120 DCI (4096x2160, flags=Rec709)]
[info][2026-07-29 17:52:07.287][decklink][  68: 4320p23.98 (7680x4320, flags=Rec709)]
[info][2026-07-29 17:52:07.287][decklink][  69: 4320p24 (7680x4320, flags=Rec709)]
[info][2026-07-29 17:52:07.287][decklink][  70: 4320p25 (7680x4320, flags=Rec709)]
[info][2026-07-29 17:52:07.287][decklink][  71: 4320p29.97 (7680x4320, flags=Rec709)]
[info][2026-07-29 17:52:07.287][decklink][  72: 4320p30 (7680x4320, flags=Rec709)]
[info][2026-07-29 17:52:07.287][decklink][  73: 4320p47.95 (7680x4320, flags=Rec709)]
[info][2026-07-29 17:52:07.287][decklink][  74: 4320p48 (7680x4320, flags=Rec709)]
[info][2026-07-29 17:52:07.287][decklink][  75: 4320p50 (7680x4320, flags=Rec709)]
[info][2026-07-29 17:52:07.287][decklink][  76: 4320p59.94 (7680x4320, flags=Rec709)]
[info][2026-07-29 17:52:07.287][decklink][  77: 4320p60 (7680x4320, flags=Rec709)]
[info][2026-07-29 17:52:07.287][decklink][  78: 8Kp23.98 DCI (8192x4320, flags=Rec709)]
[info][2026-07-29 17:52:07.287][decklink][  79: 8Kp24 DCI (8192x4320, flags=Rec709)]
[info][2026-07-29 17:52:07.287][decklink][  80: 8Kp25 DCI (8192x4320, flags=Rec709)]
[info][2026-07-29 17:52:07.287][decklink][  81: 8Kp29.97 DCI (8192x4320, flags=Rec709)]
[info][2026-07-29 17:52:07.287][decklink][  82: 8Kp30 DCI (8192x4320, flags=Rec709)]
[info][2026-07-29 17:52:07.287][decklink][  83: 8Kp47.95 DCI (8192x4320, flags=Rec709)]
[info][2026-07-29 17:52:07.287][decklink][  84: 8Kp48 DCI (8192x4320, flags=Rec709)]
[info][2026-07-29 17:52:07.287][decklink][  85: 8Kp50 DCI (8192x4320, flags=Rec709)]
[info][2026-07-29 17:52:07.287][decklink][  86: 8Kp59.94 DCI (8192x4320, flags=Rec709)]
[info][2026-07-29 17:52:07.287][decklink][  87: 8Kp60 DCI (8192x4320, flags=Rec709)]
[info][2026-07-29 17:52:07.287][decklink][Waiting for input signal detection...]
[info][2026-07-29 17:52:07.296][decklink][Video input enabled with automatic format detection]
[info][2026-07-29 17:52:07.296][decklink][Capture started (UYVY 4:2:2)]
[info][2026-07-29 17:52:07.297][udp_receiver][UDP receiver listening on 127.0.0.1:6305; raw packets -> /home/quidich/Televison/udpOut/udp_raw.txt]
[info][2026-07-29 17:52:07.523][decklink][Using default output mode: 1080p25]
[info][2026-07-29 17:52:07.551][decklink][[Output 0] DeckLink 8K Pro (1) / DeckLink 8K Pro (subDevice=0, profile=0x34646864, duplex=0x64786861, ioSupport=0x3, outConns=0x1, busy=0x0)]
[info][2026-07-29 17:52:07.551][decklink][[Output 1] DeckLink 8K Pro (2) / DeckLink 8K Pro (subDevice=1, profile=0x34646864, duplex=0x64786861, ioSupport=0x3, outConns=0x1, busy=0x2)]
[info][2026-07-29 17:52:07.551][decklink][[Output 2] DeckLink 8K Pro (3) / DeckLink 8K Pro (subDevice=2, profile=0x34646864, duplex=0x64786861, ioSupport=0x3, outConns=0x1, busy=0x0)]
[info][2026-07-29 17:52:07.551][decklink][[Output 3] DeckLink 8K Pro (4) / DeckLink 8K Pro (subDevice=3, profile=0x34646864, duplex=0x64786861, ioSupport=0x3, outConns=0x1, busy=0x1)]
[info][2026-07-29 17:52:07.551][decklink][[Output 1] Selected output connection: SDI]
[error][2026-07-29 17:52:07.552][decklink][[Output 1] EnableVideoOutput failed (mode=1080p25, conn=1, hr=0x-7ffffff7)]
[warning][2026-07-29 17:52:07.552][decklink][Requested output index 1 failed; trying fallback output index 2]
[info][2026-07-29 17:52:07.552][decklink][[Output 2] Selected output connection: SDI]
[info][2026-07-29 17:52:07.554][decklink][Successfully initialized DeckLink output on output index 2 with mode: 1080p25]
[info][2026-07-29 17:52:07.554][decklink][]
[info][2026-07-29 17:52:07.554][decklink][═══════════════════════════════════════════════════════════]
[info][2026-07-29 17:52:07.554][decklink][  CHECKING OUTPUT GENLOCK STATUS]
[info][2026-07-29 17:52:07.554][decklink][═══════════════════════════════════════════════════════════]
[info][2026-07-29 17:52:07.554][decklink][Output device supports genlock - will sync to reference input]
[info][2026-07-29 17:52:07.554][decklink][Output genlock status: Unlocked - Genlock reference lock has not been achieved]
[info][2026-07-29 17:52:07.554][decklink][]
[warning][2026-07-29 17:52:07.554][decklink][Output is not locked to genlock reference. Waiting for lock...]
[info][2026-07-29 17:52:07.624][decklink][Video input format changed events=0x5, mode=1080i50, flags=Rec709, detected=YCbCr422, 10Bit (0x11)]
[info][2026-07-29 17:52:07.624][decklink][Video format changed: 1080i50]
[info][2026-07-29 17:52:07.624][decklink][Capture stopped]
[info][2026-07-29 17:52:07.642][decklink][Video input enabled with mode: 1080i50]
[info][2026-07-29 17:52:07.642][decklink][Capture started (UYVY 4:2:2)]
[info][2026-07-29 17:52:07.747][decklink][Video input format changed events=0x4, mode=1080i50, flags=Rec709, detected=YCbCr422, 10Bit (0x11)]
[warning][2026-07-29 17:52:12.559][decklink][Output genlock reference lock timeout. Output may not be synchronized.]
[warning][2026-07-29 17:52:12.559][decklink][Genlock: UNLOCKED | CHECK BMD APP]
[info][2026-07-29 17:52:12.559][decklink][DeckLink scheduled playback enabled (1920x1080, duration=1000, scale=25000)]
[error][2026-07-29 17:52:12.569][decklink][Output frame size 1280x720 does not match enabled DeckLink mode 1920x1080]
[info][2026-07-29 18:10:27.235][decklink][Configuring DeckLink input capture settings...]
[info][2026-07-29 18:10:27.235][decklink][Device supports genlock reference input]
[info][2026-07-29 18:10:27.235][decklink][Available display modes:]
[info][2026-07-29 18:10:27.235][decklink][  0: 525i59.94 NTSC (720x486, flags=Rec601)]
[info][2026-07-29 18:10:27.235][decklink][  1: 625i50 PAL (720x576, flags=Rec601)]
[info][2026-07-29 18:10:27.235][decklink][  2: 1080p23.98 (1920x1080, flags=Rec709)]
[info][2026-07-29 18:10:27.235][decklink][  3: 1080p24 (1920x1080, flags=Rec709)]
[info][2026-07-29 18:10:27.235][decklink][  4: 1080p25 (1920x1080, flags=Rec709)]
[info][2026-07-29 18:10:27.235][decklink][  5: 1080p29.97 (1920x1080, flags=Rec709)]
[info][2026-07-29 18:10:27.235][decklink][  6: 1080p30 (1920x1080, flags=Rec709)]
[info][2026-07-29 18:10:27.235][decklink][  7: 1080p47.95 (1920x1080, flags=Rec709)]
[info][2026-07-29 18:10:27.235][decklink][  8: 1080p48 (1920x1080, flags=Rec709)]
[info][2026-07-29 18:10:27.235][decklink][  9: 1080p50 (1920x1080, flags=Rec709)]
[info][2026-07-29 18:10:27.235][decklink][  10: 1080p59.94 (1920x1080, flags=Rec709)]
[info][2026-07-29 18:10:27.235][decklink][  11: 1080p60 (1920x1080, flags=Rec709)]
[info][2026-07-29 18:10:27.235][decklink][  12: 1080p95.90 (1920x1080, flags=Rec709)]
[info][2026-07-29 18:10:27.235][decklink][  13: 1080p96 (1920x1080, flags=Rec709)]
[info][2026-07-29 18:10:27.235][decklink][  14: 1080p100 (1920x1080, flags=Rec709)]
[info][2026-07-29 18:10:27.235][decklink][  15: 1080p119.88 (1920x1080, flags=Rec709)]
[info][2026-07-29 18:10:27.235][decklink][  16: 1080p120 (1920x1080, flags=Rec709)]
[info][2026-07-29 18:10:27.235][decklink][  17: 1080i50 (1920x1080, flags=Rec709)]
[info][2026-07-29 18:10:27.235][decklink][  18: 1080i59.94 (1920x1080, flags=Rec709)]
[info][2026-07-29 18:10:27.235][decklink][  19: 1080i60 (1920x1080, flags=Rec709)]
[info][2026-07-29 18:10:27.235][decklink][  20: 720p50 (1280x720, flags=Rec709)]
[info][2026-07-29 18:10:27.235][decklink][  21: 720p59.94 (1280x720, flags=Rec709)]
[info][2026-07-29 18:10:27.235][decklink][  22: 720p60 (1280x720, flags=Rec709)]
[info][2026-07-29 18:10:27.235][decklink][  23: 2Kp23.98 DCI (2048x1080, flags=Rec709)]
[info][2026-07-29 18:10:27.235][decklink][  24: 2Kp24 DCI (2048x1080, flags=Rec709)]
[info][2026-07-29 18:10:27.235][decklink][  25: 2Kp25 DCI (2048x1080, flags=Rec709)]
[info][2026-07-29 18:10:27.235][decklink][  26: 2Kp29.97 DCI (2048x1080, flags=Rec709)]
[info][2026-07-29 18:10:27.235][decklink][  27: 2Kp30 DCI (2048x1080, flags=Rec709)]
[info][2026-07-29 18:10:27.235][decklink][  28: 2Kp47.95 DCI (2048x1080, flags=Rec709)]
[info][2026-07-29 18:10:27.235][decklink][  29: 2Kp48 DCI (2048x1080, flags=Rec709)]
[info][2026-07-29 18:10:27.235][decklink][  30: 2Kp50 DCI (2048x1080, flags=Rec709)]
[info][2026-07-29 18:10:27.235][decklink][  31: 2Kp59.94 DCI (2048x1080, flags=Rec709)]
[info][2026-07-29 18:10:27.235][decklink][  32: 2Kp60 DCI (2048x1080, flags=Rec709)]
[info][2026-07-29 18:10:27.235][decklink][  33: 2Kp95.90 DCI (2048x1080, flags=Rec709)]
[info][2026-07-29 18:10:27.235][decklink][  34: 2Kp96 DCI (2048x1080, flags=Rec709)]
[info][2026-07-29 18:10:27.235][decklink][  35: 2Kp100 DCI (2048x1080, flags=Rec709)]
[info][2026-07-29 18:10:27.235][decklink][  36: 2Kp119.88 DCI (2048x1080, flags=Rec709)]
[info][2026-07-29 18:10:27.235][decklink][  37: 2Kp120 DCI (2048x1080, flags=Rec709)]
[info][2026-07-29 18:10:27.235][decklink][  38: 2160p23.98 (3840x2160, flags=Rec709)]
[info][2026-07-29 18:10:27.235][decklink][  39: 2160p24 (3840x2160, flags=Rec709)]
[info][2026-07-29 18:10:27.235][decklink][  40: 2160p25 (3840x2160, flags=Rec709)]
[info][2026-07-29 18:10:27.235][decklink][  41: 2160p29.97 (3840x2160, flags=Rec709)]
[info][2026-07-29 18:10:27.235][decklink][  42: 2160p30 (3840x2160, flags=Rec709)]
[info][2026-07-29 18:10:27.235][decklink][  43: 2160p47.95 (3840x2160, flags=Rec709)]
[info][2026-07-29 18:10:27.235][decklink][  44: 2160p48 (3840x2160, flags=Rec709)]
[info][2026-07-29 18:10:27.235][decklink][  45: 2160p50 (3840x2160, flags=Rec709)]
[info][2026-07-29 18:10:27.235][decklink][  46: 2160p59.94 (3840x2160, flags=Rec709)]
[info][2026-07-29 18:10:27.235][decklink][  47: 2160p60 (3840x2160, flags=Rec709)]
[info][2026-07-29 18:10:27.235][decklink][  48: 2160p95.90 (3840x2160, flags=Rec709)]
[info][2026-07-29 18:10:27.235][decklink][  49: 2160p96 (3840x2160, flags=Rec709)]
[info][2026-07-29 18:10:27.235][decklink][  50: 2160p100 (3840x2160, flags=Rec709)]
[info][2026-07-29 18:10:27.235][decklink][  51: 2160p119.88 (3840x2160, flags=Rec709)]
[info][2026-07-29 18:10:27.235][decklink][  52: 2160p120 (3840x2160, flags=Rec709)]
[info][2026-07-29 18:10:27.235][decklink][  53: 4Kp23.98 DCI (4096x2160, flags=Rec709)]
[info][2026-07-29 18:10:27.235][decklink][  54: 4Kp24 DCI (4096x2160, flags=Rec709)]
[info][2026-07-29 18:10:27.235][decklink][  55: 4Kp25 DCI (4096x2160, flags=Rec709)]
[info][2026-07-29 18:10:27.235][decklink][  56: 4Kp29.97 DCI (4096x2160, flags=Rec709)]
[info][2026-07-29 18:10:27.235][decklink][  57: 4Kp30 DCI (4096x2160, flags=Rec709)]
[info][2026-07-29 18:10:27.235][decklink][  58: 4Kp47.95 DCI (4096x2160, flags=Rec709)]
[info][2026-07-29 18:10:27.235][decklink][  59: 4Kp48 DCI (4096x2160, flags=Rec709)]
[info][2026-07-29 18:10:27.235][decklink][  60: 4Kp50 DCI (4096x2160, flags=Rec709)]
[info][2026-07-29 18:10:27.235][decklink][  61: 4Kp59.94 DCI (4096x2160, flags=Rec709)]
[info][2026-07-29 18:10:27.235][decklink][  62: 4Kp60 DCI (4096x2160, flags=Rec709)]
[info][2026-07-29 18:10:27.235][decklink][  63: 4Kp95.90 DCI (4096x2160, flags=Rec709)]
[info][2026-07-29 18:10:27.235][decklink][  64: 4Kp96 DCI (4096x2160, flags=Rec709)]
[info][2026-07-29 18:10:27.235][decklink][  65: 4Kp100 DCI (4096x2160, flags=Rec709)]
[info][2026-07-29 18:10:27.235][decklink][  66: 4Kp119.88 DCI (4096x2160, flags=Rec709)]
[info][2026-07-29 18:10:27.235][decklink][  67: 4Kp120 DCI (4096x2160, flags=Rec709)]
[info][2026-07-29 18:10:27.235][decklink][  68: 4320p23.98 (7680x4320, flags=Rec709)]
[info][2026-07-29 18:10:27.235][decklink][  69: 4320p24 (7680x4320, flags=Rec709)]
[info][2026-07-29 18:10:27.235][decklink][  70: 4320p25 (7680x4320, flags=Rec709)]
[info][2026-07-29 18:10:27.235][decklink][  71: 4320p29.97 (7680x4320, flags=Rec709)]
[info][2026-07-29 18:10:27.235][decklink][  72: 4320p30 (7680x4320, flags=Rec709)]
[info][2026-07-29 18:10:27.235][decklink][  73: 4320p47.95 (7680x4320, flags=Rec709)]
[info][2026-07-29 18:10:27.235][decklink][  74: 4320p48 (7680x4320, flags=Rec709)]
[info][2026-07-29 18:10:27.235][decklink][  75: 4320p50 (7680x4320, flags=Rec709)]
[info][2026-07-29 18:10:27.235][decklink][  76: 4320p59.94 (7680x4320, flags=Rec709)]
[info][2026-07-29 18:10:27.235][decklink][  77: 4320p60 (7680x4320, flags=Rec709)]
[info][2026-07-29 18:10:27.235][decklink][  78: 8Kp23.98 DCI (8192x4320, flags=Rec709)]
[info][2026-07-29 18:10:27.235][decklink][  79: 8Kp24 DCI (8192x4320, flags=Rec709)]
[info][2026-07-29 18:10:27.235][decklink][  80: 8Kp25 DCI (8192x4320, flags=Rec709)]
[info][2026-07-29 18:10:27.235][decklink][  81: 8Kp29.97 DCI (8192x4320, flags=Rec709)]
[info][2026-07-29 18:10:27.235][decklink][  82: 8Kp30 DCI (8192x4320, flags=Rec709)]
[info][2026-07-29 18:10:27.235][decklink][  83: 8Kp47.95 DCI (8192x4320, flags=Rec709)]
[info][2026-07-29 18:10:27.235][decklink][  84: 8Kp48 DCI (8192x4320, flags=Rec709)]
[info][2026-07-29 18:10:27.235][decklink][  85: 8Kp50 DCI (8192x4320, flags=Rec709)]
[info][2026-07-29 18:10:27.235][decklink][  86: 8Kp59.94 DCI (8192x4320, flags=Rec709)]
[info][2026-07-29 18:10:27.235][decklink][  87: 8Kp60 DCI (8192x4320, flags=Rec709)]
[info][2026-07-29 18:10:27.235][decklink][Waiting for input signal detection...]
[info][2026-07-29 18:10:27.245][decklink][Video input enabled with automatic format detection]
[info][2026-07-29 18:10:27.245][decklink][Capture started (UYVY 4:2:2)]
[info][2026-07-29 18:10:27.246][udp_receiver][UDP receiver listening on 127.0.0.1:6305; raw packets -> /home/quidich/Televison/udpOut/udp_raw.txt]
[info][2026-07-29 18:10:27.496][decklink][Using default output mode: 1080p25]
[info][2026-07-29 18:10:27.523][decklink][[Output 0] DeckLink 8K Pro (1) / DeckLink 8K Pro (subDevice=0, profile=0x34646864, duplex=0x64786861, ioSupport=0x3, outConns=0x1, busy=0x0)]
[info][2026-07-29 18:10:27.523][decklink][[Output 1] DeckLink 8K Pro (2) / DeckLink 8K Pro (subDevice=1, profile=0x34646864, duplex=0x64786861, ioSupport=0x3, outConns=0x1, busy=0x2)]
[info][2026-07-29 18:10:27.523][decklink][[Output 2] DeckLink 8K Pro (3) / DeckLink 8K Pro (subDevice=2, profile=0x34646864, duplex=0x64786861, ioSupport=0x3, outConns=0x1, busy=0x0)]
[info][2026-07-29 18:10:27.523][decklink][[Output 3] DeckLink 8K Pro (4) / DeckLink 8K Pro (subDevice=3, profile=0x34646864, duplex=0x64786861, ioSupport=0x3, outConns=0x1, busy=0x1)]
[info][2026-07-29 18:10:27.523][decklink][[Output 1] Selected output connection: SDI]
[error][2026-07-29 18:10:27.524][decklink][[Output 1] EnableVideoOutput failed (mode=1080p25, conn=1, hr=0x-7ffffff7)]
[warning][2026-07-29 18:10:27.524][decklink][Requested output index 1 failed; trying fallback output index 2]
[info][2026-07-29 18:10:27.524][decklink][[Output 2] Selected output connection: SDI]
[info][2026-07-29 18:10:27.526][decklink][Successfully initialized DeckLink output on output index 2 with mode: 1080p25]
[info][2026-07-29 18:10:27.526][decklink][]
[info][2026-07-29 18:10:27.526][decklink][═══════════════════════════════════════════════════════════]
[info][2026-07-29 18:10:27.526][decklink][  CHECKING OUTPUT GENLOCK STATUS]
[info][2026-07-29 18:10:27.526][decklink][═══════════════════════════════════════════════════════════]
[info][2026-07-29 18:10:27.526][decklink][Output device supports genlock - will sync to reference input]
[info][2026-07-29 18:10:27.526][decklink][Output genlock status: Unlocked - Genlock reference lock has not been achieved]
[info][2026-07-29 18:10:27.526][decklink][]
[warning][2026-07-29 18:10:27.526][decklink][Output is not locked to genlock reference. Waiting for lock...]
[info][2026-07-29 18:10:27.528][decklink][Video input format changed events=0x5, mode=1080i50, flags=Rec709, detected=YCbCr422, 10Bit (0x11)]
[info][2026-07-29 18:10:27.528][decklink][Video format changed: 1080i50]
[info][2026-07-29 18:10:28.548][decklink][Capture stopped]
[info][2026-07-29 18:10:28.567][decklink][Video input enabled with mode: 1080i50]
[info][2026-07-29 18:10:28.567][decklink][Capture started (UYVY 4:2:2)]
[info][2026-07-29 18:10:28.671][decklink][Video input format changed events=0x4, mode=1080i50, flags=Rec709, detected=YCbCr422, 10Bit (0x11)]
[warning][2026-07-29 18:10:32.531][decklink][Output genlock reference lock timeout. Output may not be synchronized.]
[warning][2026-07-29 18:10:32.531][decklink][Genlock: UNLOCKED | CHECK BMD APP]
[info][2026-07-29 18:10:32.531][decklink][DeckLink scheduled playback enabled (1920x1080, duration=1000, scale=25000)]
[error][2026-07-29 18:10:32.541][decklink][Output frame size 1280x720 does not match enabled DeckLink mode 1920x1080]
[info][2026-07-29 18:12:08.827][decklink][Configuring DeckLink input capture settings...]
[info][2026-07-29 18:12:08.827][decklink][Device supports genlock reference input]
[info][2026-07-29 18:12:08.827][decklink][Available display modes:]
[info][2026-07-29 18:12:08.827][decklink][  0: 525i59.94 NTSC (720x486, flags=Rec601)]
[info][2026-07-29 18:12:08.827][decklink][  1: 625i50 PAL (720x576, flags=Rec601)]
[info][2026-07-29 18:12:08.827][decklink][  2: 1080p23.98 (1920x1080, flags=Rec709)]
[info][2026-07-29 18:12:08.827][decklink][  3: 1080p24 (1920x1080, flags=Rec709)]
[info][2026-07-29 18:12:08.827][decklink][  4: 1080p25 (1920x1080, flags=Rec709)]
[info][2026-07-29 18:12:08.827][decklink][  5: 1080p29.97 (1920x1080, flags=Rec709)]
[info][2026-07-29 18:12:08.827][decklink][  6: 1080p30 (1920x1080, flags=Rec709)]
[info][2026-07-29 18:12:08.827][decklink][  7: 1080p47.95 (1920x1080, flags=Rec709)]
[info][2026-07-29 18:12:08.827][decklink][  8: 1080p48 (1920x1080, flags=Rec709)]
[info][2026-07-29 18:12:08.827][decklink][  9: 1080p50 (1920x1080, flags=Rec709)]
[info][2026-07-29 18:12:08.827][decklink][  10: 1080p59.94 (1920x1080, flags=Rec709)]
[info][2026-07-29 18:12:08.827][decklink][  11: 1080p60 (1920x1080, flags=Rec709)]
[info][2026-07-29 18:12:08.827][decklink][  12: 1080p95.90 (1920x1080, flags=Rec709)]
[info][2026-07-29 18:12:08.827][decklink][  13: 1080p96 (1920x1080, flags=Rec709)]
[info][2026-07-29 18:12:08.827][decklink][  14: 1080p100 (1920x1080, flags=Rec709)]
[info][2026-07-29 18:12:08.827][decklink][  15: 1080p119.88 (1920x1080, flags=Rec709)]
[info][2026-07-29 18:12:08.827][decklink][  16: 1080p120 (1920x1080, flags=Rec709)]
[info][2026-07-29 18:12:08.827][decklink][  17: 1080i50 (1920x1080, flags=Rec709)]
[info][2026-07-29 18:12:08.827][decklink][  18: 1080i59.94 (1920x1080, flags=Rec709)]
[info][2026-07-29 18:12:08.827][decklink][  19: 1080i60 (1920x1080, flags=Rec709)]
[info][2026-07-29 18:12:08.827][decklink][  20: 720p50 (1280x720, flags=Rec709)]
[info][2026-07-29 18:12:08.827][decklink][  21: 720p59.94 (1280x720, flags=Rec709)]
[info][2026-07-29 18:12:08.827][decklink][  22: 720p60 (1280x720, flags=Rec709)]
[info][2026-07-29 18:12:08.827][decklink][  23: 2Kp23.98 DCI (2048x1080, flags=Rec709)]
[info][2026-07-29 18:12:08.827][decklink][  24: 2Kp24 DCI (2048x1080, flags=Rec709)]
[info][2026-07-29 18:12:08.827][decklink][  25: 2Kp25 DCI (2048x1080, flags=Rec709)]
[info][2026-07-29 18:12:08.827][decklink][  26: 2Kp29.97 DCI (2048x1080, flags=Rec709)]
[info][2026-07-29 18:12:08.827][decklink][  27: 2Kp30 DCI (2048x1080, flags=Rec709)]
[info][2026-07-29 18:12:08.827][decklink][  28: 2Kp47.95 DCI (2048x1080, flags=Rec709)]
[info][2026-07-29 18:12:08.827][decklink][  29: 2Kp48 DCI (2048x1080, flags=Rec709)]
[info][2026-07-29 18:12:08.827][decklink][  30: 2Kp50 DCI (2048x1080, flags=Rec709)]
[info][2026-07-29 18:12:08.827][decklink][  31: 2Kp59.94 DCI (2048x1080, flags=Rec709)]
[info][2026-07-29 18:12:08.827][decklink][  32: 2Kp60 DCI (2048x1080, flags=Rec709)]
[info][2026-07-29 18:12:08.827][decklink][  33: 2Kp95.90 DCI (2048x1080, flags=Rec709)]
[info][2026-07-29 18:12:08.827][decklink][  34: 2Kp96 DCI (2048x1080, flags=Rec709)]
[info][2026-07-29 18:12:08.827][decklink][  35: 2Kp100 DCI (2048x1080, flags=Rec709)]
[info][2026-07-29 18:12:08.827][decklink][  36: 2Kp119.88 DCI (2048x1080, flags=Rec709)]
[info][2026-07-29 18:12:08.827][decklink][  37: 2Kp120 DCI (2048x1080, flags=Rec709)]
[info][2026-07-29 18:12:08.827][decklink][  38: 2160p23.98 (3840x2160, flags=Rec709)]
[info][2026-07-29 18:12:08.827][decklink][  39: 2160p24 (3840x2160, flags=Rec709)]
[info][2026-07-29 18:12:08.827][decklink][  40: 2160p25 (3840x2160, flags=Rec709)]
[info][2026-07-29 18:12:08.827][decklink][  41: 2160p29.97 (3840x2160, flags=Rec709)]
[info][2026-07-29 18:12:08.827][decklink][  42: 2160p30 (3840x2160, flags=Rec709)]
[info][2026-07-29 18:12:08.827][decklink][  43: 2160p47.95 (3840x2160, flags=Rec709)]
[info][2026-07-29 18:12:08.827][decklink][  44: 2160p48 (3840x2160, flags=Rec709)]
[info][2026-07-29 18:12:08.827][decklink][  45: 2160p50 (3840x2160, flags=Rec709)]
[info][2026-07-29 18:12:08.827][decklink][  46: 2160p59.94 (3840x2160, flags=Rec709)]
[info][2026-07-29 18:12:08.827][decklink][  47: 2160p60 (3840x2160, flags=Rec709)]
[info][2026-07-29 18:12:08.827][decklink][  48: 2160p95.90 (3840x2160, flags=Rec709)]
[info][2026-07-29 18:12:08.827][decklink][  49: 2160p96 (3840x2160, flags=Rec709)]
[info][2026-07-29 18:12:08.827][decklink][  50: 2160p100 (3840x2160, flags=Rec709)]
[info][2026-07-29 18:12:08.827][decklink][  51: 2160p119.88 (3840x2160, flags=Rec709)]
[info][2026-07-29 18:12:08.827][decklink][  52: 2160p120 (3840x2160, flags=Rec709)]
[info][2026-07-29 18:12:08.827][decklink][  53: 4Kp23.98 DCI (4096x2160, flags=Rec709)]
[info][2026-07-29 18:12:08.827][decklink][  54: 4Kp24 DCI (4096x2160, flags=Rec709)]
[info][2026-07-29 18:12:08.827][decklink][  55: 4Kp25 DCI (4096x2160, flags=Rec709)]
[info][2026-07-29 18:12:08.827][decklink][  56: 4Kp29.97 DCI (4096x2160, flags=Rec709)]
[info][2026-07-29 18:12:08.827][decklink][  57: 4Kp30 DCI (4096x2160, flags=Rec709)]
[info][2026-07-29 18:12:08.827][decklink][  58: 4Kp47.95 DCI (4096x2160, flags=Rec709)]
[info][2026-07-29 18:12:08.827][decklink][  59: 4Kp48 DCI (4096x2160, flags=Rec709)]
[info][2026-07-29 18:12:08.827][decklink][  60: 4Kp50 DCI (4096x2160, flags=Rec709)]
[info][2026-07-29 18:12:08.827][decklink][  61: 4Kp59.94 DCI (4096x2160, flags=Rec709)]
[info][2026-07-29 18:12:08.827][decklink][  62: 4Kp60 DCI (4096x2160, flags=Rec709)]
[info][2026-07-29 18:12:08.827][decklink][  63: 4Kp95.90 DCI (4096x2160, flags=Rec709)]
[info][2026-07-29 18:12:08.827][decklink][  64: 4Kp96 DCI (4096x2160, flags=Rec709)]
[info][2026-07-29 18:12:08.827][decklink][  65: 4Kp100 DCI (4096x2160, flags=Rec709)]
[info][2026-07-29 18:12:08.827][decklink][  66: 4Kp119.88 DCI (4096x2160, flags=Rec709)]
[info][2026-07-29 18:12:08.827][decklink][  67: 4Kp120 DCI (4096x2160, flags=Rec709)]
[info][2026-07-29 18:12:08.827][decklink][  68: 4320p23.98 (7680x4320, flags=Rec709)]
[info][2026-07-29 18:12:08.827][decklink][  69: 4320p24 (7680x4320, flags=Rec709)]
[info][2026-07-29 18:12:08.827][decklink][  70: 4320p25 (7680x4320, flags=Rec709)]
[info][2026-07-29 18:12:08.827][decklink][  71: 4320p29.97 (7680x4320, flags=Rec709)]
[info][2026-07-29 18:12:08.827][decklink][  72: 4320p30 (7680x4320, flags=Rec709)]
[info][2026-07-29 18:12:08.827][decklink][  73: 4320p47.95 (7680x4320, flags=Rec709)]
[info][2026-07-29 18:12:08.827][decklink][  74: 4320p48 (7680x4320, flags=Rec709)]
[info][2026-07-29 18:12:08.827][decklink][  75: 4320p50 (7680x4320, flags=Rec709)]
[info][2026-07-29 18:12:08.827][decklink][  76: 4320p59.94 (7680x4320, flags=Rec709)]
[info][2026-07-29 18:12:08.827][decklink][  77: 4320p60 (7680x4320, flags=Rec709)]
[info][2026-07-29 18:12:08.827][decklink][  78: 8Kp23.98 DCI (8192x4320, flags=Rec709)]
[info][2026-07-29 18:12:08.827][decklink][  79: 8Kp24 DCI (8192x4320, flags=Rec709)]
[info][2026-07-29 18:12:08.827][decklink][  80: 8Kp25 DCI (8192x4320, flags=Rec709)]
[info][2026-07-29 18:12:08.827][decklink][  81: 8Kp29.97 DCI (8192x4320, flags=Rec709)]
[info][2026-07-29 18:12:08.827][decklink][  82: 8Kp30 DCI (8192x4320, flags=Rec709)]
[info][2026-07-29 18:12:08.827][decklink][  83: 8Kp47.95 DCI (8192x4320, flags=Rec709)]
[info][2026-07-29 18:12:08.827][decklink][  84: 8Kp48 DCI (8192x4320, flags=Rec709)]
[info][2026-07-29 18:12:08.827][decklink][  85: 8Kp50 DCI (8192x4320, flags=Rec709)]
[info][2026-07-29 18:12:08.827][decklink][  86: 8Kp59.94 DCI (8192x4320, flags=Rec709)]
[info][2026-07-29 18:12:08.827][decklink][  87: 8Kp60 DCI (8192x4320, flags=Rec709)]
[info][2026-07-29 18:12:08.827][decklink][Waiting for input signal detection...]
[info][2026-07-29 18:12:08.837][decklink][Video input enabled with automatic format detection]
[info][2026-07-29 18:12:08.837][decklink][Capture started (UYVY 4:2:2)]
[info][2026-07-29 18:12:08.838][udp_receiver][UDP receiver listening on 127.0.0.1:6305; raw packets -> /home/quidich/Televison/udpOut/udp_raw.txt]
[info][2026-07-29 18:12:09.078][decklink][Using default output mode: 1080p25]
[info][2026-07-29 18:12:09.088][decklink][Video input format changed events=0x5, mode=1080i50, flags=Rec709, detected=YCbCr422, 10Bit (0x11)]
[info][2026-07-29 18:12:09.089][decklink][Video format changed: 1080i50]
[info][2026-07-29 18:12:09.104][decklink][[Output 0] DeckLink 8K Pro (1) / DeckLink 8K Pro (subDevice=0, profile=0x34646864, duplex=0x64786861, ioSupport=0x3, outConns=0x1, busy=0x0)]
[info][2026-07-29 18:12:09.104][decklink][[Output 1] DeckLink 8K Pro (2) / DeckLink 8K Pro (subDevice=1, profile=0x34646864, duplex=0x64786861, ioSupport=0x3, outConns=0x1, busy=0x2)]
[info][2026-07-29 18:12:09.104][decklink][[Output 2] DeckLink 8K Pro (3) / DeckLink 8K Pro (subDevice=2, profile=0x34646864, duplex=0x64786861, ioSupport=0x3, outConns=0x1, busy=0x0)]
[info][2026-07-29 18:12:09.104][decklink][[Output 3] DeckLink 8K Pro (4) / DeckLink 8K Pro (subDevice=3, profile=0x34646864, duplex=0x64786861, ioSupport=0x3, outConns=0x1, busy=0x1)]
[info][2026-07-29 18:12:09.104][decklink][[Output 1] Selected output connection: SDI]
[error][2026-07-29 18:12:09.105][decklink][[Output 1] EnableVideoOutput failed (mode=1080p25, conn=1, hr=0x-7ffffff7)]
[warning][2026-07-29 18:12:09.105][decklink][Requested output index 1 failed; trying fallback output index 2]
[info][2026-07-29 18:12:09.105][decklink][[Output 2] Selected output connection: SDI]
[info][2026-07-29 18:12:09.107][decklink][Successfully initialized DeckLink output on output index 2 with mode: 1080p25]
[info][2026-07-29 18:12:09.107][decklink][]
[info][2026-07-29 18:12:09.107][decklink][═══════════════════════════════════════════════════════════]
[info][2026-07-29 18:12:09.107][decklink][  CHECKING OUTPUT GENLOCK STATUS]
[info][2026-07-29 18:12:09.107][decklink][═══════════════════════════════════════════════════════════]
[info][2026-07-29 18:12:09.107][decklink][Output device supports genlock - will sync to reference input]
[info][2026-07-29 18:12:09.107][decklink][Output genlock status: Unlocked - Genlock reference lock has not been achieved]
[info][2026-07-29 18:12:09.107][decklink][]
[warning][2026-07-29 18:12:09.107][decklink][Output is not locked to genlock reference. Waiting for lock...]
[info][2026-07-29 18:12:10.116][decklink][Capture stopped]
[info][2026-07-29 18:12:10.136][decklink][Video input enabled with mode: 1080i50]
[info][2026-07-29 18:12:10.136][decklink][Capture started (UYVY 4:2:2)]
[info][2026-07-29 18:12:10.272][decklink][Video input format changed events=0x4, mode=1080i50, flags=Rec709, detected=YCbCr422, 10Bit (0x11)]
[warning][2026-07-29 18:12:14.112][decklink][Output genlock reference lock timeout. Output may not be synchronized.]
[warning][2026-07-29 18:12:14.112][decklink][Genlock: UNLOCKED | CHECK BMD APP]
[info][2026-07-29 18:12:14.112][decklink][DeckLink scheduled playback enabled (1920x1080, duration=1000, scale=25000)]
[error][2026-07-29 18:12:14.123][decklink][Output frame size 1280x720 does not match enabled DeckLink mode 1920x1080]
[warning][2026-07-29 18:12:14.123][app][DeckLink output rejected a frame]
[info][2026-07-29 18:12:19.090][decklink][Capture stopped]
[info][2026-07-29 18:12:52.185][decklink][Configuring DeckLink input capture settings...]
[info][2026-07-29 18:12:52.185][decklink][Device supports genlock reference input]
[info][2026-07-29 18:12:52.185][decklink][Available display modes:]
[info][2026-07-29 18:12:52.186][decklink][  0: 525i59.94 NTSC (720x486, flags=Rec601)]
[info][2026-07-29 18:12:52.186][decklink][  1: 625i50 PAL (720x576, flags=Rec601)]
[info][2026-07-29 18:12:52.186][decklink][  2: 1080p23.98 (1920x1080, flags=Rec709)]
[info][2026-07-29 18:12:52.186][decklink][  3: 1080p24 (1920x1080, flags=Rec709)]
[info][2026-07-29 18:12:52.186][decklink][  4: 1080p25 (1920x1080, flags=Rec709)]
[info][2026-07-29 18:12:52.186][decklink][  5: 1080p29.97 (1920x1080, flags=Rec709)]
[info][2026-07-29 18:12:52.186][decklink][  6: 1080p30 (1920x1080, flags=Rec709)]
[info][2026-07-29 18:12:52.186][decklink][  7: 1080p47.95 (1920x1080, flags=Rec709)]
[info][2026-07-29 18:12:52.186][decklink][  8: 1080p48 (1920x1080, flags=Rec709)]
[info][2026-07-29 18:12:52.186][decklink][  9: 1080p50 (1920x1080, flags=Rec709)]
[info][2026-07-29 18:12:52.186][decklink][  10: 1080p59.94 (1920x1080, flags=Rec709)]
[info][2026-07-29 18:12:52.186][decklink][  11: 1080p60 (1920x1080, flags=Rec709)]
[info][2026-07-29 18:12:52.186][decklink][  12: 1080p95.90 (1920x1080, flags=Rec709)]
[info][2026-07-29 18:12:52.186][decklink][  13: 1080p96 (1920x1080, flags=Rec709)]
[info][2026-07-29 18:12:52.186][decklink][  14: 1080p100 (1920x1080, flags=Rec709)]
[info][2026-07-29 18:12:52.186][decklink][  15: 1080p119.88 (1920x1080, flags=Rec709)]
[info][2026-07-29 18:12:52.186][decklink][  16: 1080p120 (1920x1080, flags=Rec709)]
[info][2026-07-29 18:12:52.186][decklink][  17: 1080i50 (1920x1080, flags=Rec709)]
[info][2026-07-29 18:12:52.186][decklink][  18: 1080i59.94 (1920x1080, flags=Rec709)]
[info][2026-07-29 18:12:52.186][decklink][  19: 1080i60 (1920x1080, flags=Rec709)]
[info][2026-07-29 18:12:52.186][decklink][  20: 720p50 (1280x720, flags=Rec709)]
[info][2026-07-29 18:12:52.186][decklink][  21: 720p59.94 (1280x720, flags=Rec709)]
[info][2026-07-29 18:12:52.186][decklink][  22: 720p60 (1280x720, flags=Rec709)]
[info][2026-07-29 18:12:52.186][decklink][  23: 2Kp23.98 DCI (2048x1080, flags=Rec709)]
[info][2026-07-29 18:12:52.186][decklink][  24: 2Kp24 DCI (2048x1080, flags=Rec709)]
[info][2026-07-29 18:12:52.186][decklink][  25: 2Kp25 DCI (2048x1080, flags=Rec709)]
[info][2026-07-29 18:12:52.186][decklink][  26: 2Kp29.97 DCI (2048x1080, flags=Rec709)]
[info][2026-07-29 18:12:52.186][decklink][  27: 2Kp30 DCI (2048x1080, flags=Rec709)]
[info][2026-07-29 18:12:52.186][decklink][  28: 2Kp47.95 DCI (2048x1080, flags=Rec709)]
[info][2026-07-29 18:12:52.186][decklink][  29: 2Kp48 DCI (2048x1080, flags=Rec709)]
[info][2026-07-29 18:12:52.186][decklink][  30: 2Kp50 DCI (2048x1080, flags=Rec709)]
[info][2026-07-29 18:12:52.186][decklink][  31: 2Kp59.94 DCI (2048x1080, flags=Rec709)]
[info][2026-07-29 18:12:52.186][decklink][  32: 2Kp60 DCI (2048x1080, flags=Rec709)]
[info][2026-07-29 18:12:52.186][decklink][  33: 2Kp95.90 DCI (2048x1080, flags=Rec709)]
[info][2026-07-29 18:12:52.186][decklink][  34: 2Kp96 DCI (2048x1080, flags=Rec709)]
[info][2026-07-29 18:12:52.186][decklink][  35: 2Kp100 DCI (2048x1080, flags=Rec709)]
[info][2026-07-29 18:12:52.186][decklink][  36: 2Kp119.88 DCI (2048x1080, flags=Rec709)]
[info][2026-07-29 18:12:52.186][decklink][  37: 2Kp120 DCI (2048x1080, flags=Rec709)]
[info][2026-07-29 18:12:52.186][decklink][  38: 2160p23.98 (3840x2160, flags=Rec709)]
[info][2026-07-29 18:12:52.186][decklink][  39: 2160p24 (3840x2160, flags=Rec709)]
[info][2026-07-29 18:12:52.186][decklink][  40: 2160p25 (3840x2160, flags=Rec709)]
[info][2026-07-29 18:12:52.186][decklink][  41: 2160p29.97 (3840x2160, flags=Rec709)]
[info][2026-07-29 18:12:52.186][decklink][  42: 2160p30 (3840x2160, flags=Rec709)]
[info][2026-07-29 18:12:52.186][decklink][  43: 2160p47.95 (3840x2160, flags=Rec709)]
[info][2026-07-29 18:12:52.186][decklink][  44: 2160p48 (3840x2160, flags=Rec709)]
[info][2026-07-29 18:12:52.186][decklink][  45: 2160p50 (3840x2160, flags=Rec709)]
[info][2026-07-29 18:12:52.186][decklink][  46: 2160p59.94 (3840x2160, flags=Rec709)]
[info][2026-07-29 18:12:52.186][decklink][  47: 2160p60 (3840x2160, flags=Rec709)]
[info][2026-07-29 18:12:52.186][decklink][  48: 2160p95.90 (3840x2160, flags=Rec709)]
[info][2026-07-29 18:12:52.186][decklink][  49: 2160p96 (3840x2160, flags=Rec709)]
[info][2026-07-29 18:12:52.186][decklink][  50: 2160p100 (3840x2160, flags=Rec709)]
[info][2026-07-29 18:12:52.186][decklink][  51: 2160p119.88 (3840x2160, flags=Rec709)]
[info][2026-07-29 18:12:52.186][decklink][  52: 2160p120 (3840x2160, flags=Rec709)]
[info][2026-07-29 18:12:52.186][decklink][  53: 4Kp23.98 DCI (4096x2160, flags=Rec709)]
[info][2026-07-29 18:12:52.186][decklink][  54: 4Kp24 DCI (4096x2160, flags=Rec709)]
[info][2026-07-29 18:12:52.186][decklink][  55: 4Kp25 DCI (4096x2160, flags=Rec709)]
[info][2026-07-29 18:12:52.186][decklink][  56: 4Kp29.97 DCI (4096x2160, flags=Rec709)]
[info][2026-07-29 18:12:52.186][decklink][  57: 4Kp30 DCI (4096x2160, flags=Rec709)]
[info][2026-07-29 18:12:52.186][decklink][  58: 4Kp47.95 DCI (4096x2160, flags=Rec709)]
[info][2026-07-29 18:12:52.186][decklink][  59: 4Kp48 DCI (4096x2160, flags=Rec709)]
[info][2026-07-29 18:12:52.186][decklink][  60: 4Kp50 DCI (4096x2160, flags=Rec709)]
[info][2026-07-29 18:12:52.186][decklink][  61: 4Kp59.94 DCI (4096x2160, flags=Rec709)]
[info][2026-07-29 18:12:52.186][decklink][  62: 4Kp60 DCI (4096x2160, flags=Rec709)]
[info][2026-07-29 18:12:52.186][decklink][  63: 4Kp95.90 DCI (4096x2160, flags=Rec709)]
[info][2026-07-29 18:12:52.186][decklink][  64: 4Kp96 DCI (4096x2160, flags=Rec709)]
[info][2026-07-29 18:12:52.186][decklink][  65: 4Kp100 DCI (4096x2160, flags=Rec709)]
[info][2026-07-29 18:12:52.186][decklink][  66: 4Kp119.88 DCI (4096x2160, flags=Rec709)]
[info][2026-07-29 18:12:52.186][decklink][  67: 4Kp120 DCI (4096x2160, flags=Rec709)]
[info][2026-07-29 18:12:52.186][decklink][  68: 4320p23.98 (7680x4320, flags=Rec709)]
[info][2026-07-29 18:12:52.186][decklink][  69: 4320p24 (7680x4320, flags=Rec709)]
[info][2026-07-29 18:12:52.186][decklink][  70: 4320p25 (7680x4320, flags=Rec709)]
[info][2026-07-29 18:12:52.186][decklink][  71: 4320p29.97 (7680x4320, flags=Rec709)]
[info][2026-07-29 18:12:52.186][decklink][  72: 4320p30 (7680x4320, flags=Rec709)]
[info][2026-07-29 18:12:52.186][decklink][  73: 4320p47.95 (7680x4320, flags=Rec709)]
[info][2026-07-29 18:12:52.186][decklink][  74: 4320p48 (7680x4320, flags=Rec709)]
[info][2026-07-29 18:12:52.186][decklink][  75: 4320p50 (7680x4320, flags=Rec709)]
[info][2026-07-29 18:12:52.186][decklink][  76: 4320p59.94 (7680x4320, flags=Rec709)]
[info][2026-07-29 18:12:52.186][decklink][  77: 4320p60 (7680x4320, flags=Rec709)]
[info][2026-07-29 18:12:52.186][decklink][  78: 8Kp23.98 DCI (8192x4320, flags=Rec709)]
[info][2026-07-29 18:12:52.186][decklink][  79: 8Kp24 DCI (8192x4320, flags=Rec709)]
[info][2026-07-29 18:12:52.186][decklink][  80: 8Kp25 DCI (8192x4320, flags=Rec709)]
[info][2026-07-29 18:12:52.186][decklink][  81: 8Kp29.97 DCI (8192x4320, flags=Rec709)]
[info][2026-07-29 18:12:52.186][decklink][  82: 8Kp30 DCI (8192x4320, flags=Rec709)]
[info][2026-07-29 18:12:52.186][decklink][  83: 8Kp47.95 DCI (8192x4320, flags=Rec709)]
[info][2026-07-29 18:12:52.186][decklink][  84: 8Kp48 DCI (8192x4320, flags=Rec709)]
[info][2026-07-29 18:12:52.186][decklink][  85: 8Kp50 DCI (8192x4320, flags=Rec709)]
[info][2026-07-29 18:12:52.186][decklink][  86: 8Kp59.94 DCI (8192x4320, flags=Rec709)]
[info][2026-07-29 18:12:52.186][decklink][  87: 8Kp60 DCI (8192x4320, flags=Rec709)]
[info][2026-07-29 18:12:52.186][decklink][Waiting for input signal detection...]
[info][2026-07-29 18:12:52.197][decklink][Video input enabled with automatic format detection]
[info][2026-07-29 18:12:52.197][decklink][Capture started (UYVY 4:2:2)]
[info][2026-07-29 18:12:52.197][udp_receiver][UDP receiver listening on 127.0.0.1:6305; raw packets -> /home/quidich/Televison/udpOut/udp_raw.txt]
[info][2026-07-29 18:12:52.420][decklink][Video input format changed events=0x5, mode=1080i50, flags=Rec709, detected=YCbCr422, 10Bit (0x11)]
[info][2026-07-29 18:12:52.420][decklink][Video format changed: 1080i50]
[info][2026-07-29 18:12:52.421][decklink][Capture stopped]
[info][2026-07-29 18:12:52.430][decklink][Output 1080i50 (matching input, no decimator needed)]
[info][2026-07-29 18:12:52.441][decklink][Video input enabled with mode: 1080i50]
[info][2026-07-29 18:12:52.441][decklink][Capture started (UYVY 4:2:2)]
[info][2026-07-29 18:12:52.453][decklink][[Output 0] DeckLink 8K Pro (1) / DeckLink 8K Pro (subDevice=0, profile=0x34646864, duplex=0x64786861, ioSupport=0x3, outConns=0x1, busy=0x0)]
[info][2026-07-29 18:12:52.453][decklink][[Output 1] DeckLink 8K Pro (2) / DeckLink 8K Pro (subDevice=1, profile=0x34646864, duplex=0x64786861, ioSupport=0x3, outConns=0x1, busy=0x2)]
[info][2026-07-29 18:12:52.453][decklink][[Output 2] DeckLink 8K Pro (3) / DeckLink 8K Pro (subDevice=2, profile=0x34646864, duplex=0x64786861, ioSupport=0x3, outConns=0x1, busy=0x0)]
[info][2026-07-29 18:12:52.453][decklink][[Output 3] DeckLink 8K Pro (4) / DeckLink 8K Pro (subDevice=3, profile=0x34646864, duplex=0x64786861, ioSupport=0x3, outConns=0x1, busy=0x1)]
[info][2026-07-29 18:12:52.453][decklink][[Output 1] Selected output connection: SDI]
[error][2026-07-29 18:12:52.454][decklink][[Output 1] EnableVideoOutput failed (mode=1080i50, conn=1, hr=0x-7ffffff7)]
[warning][2026-07-29 18:12:52.454][decklink][Requested output index 1 failed; trying fallback output index 2]
[info][2026-07-29 18:12:52.454][decklink][[Output 2] Selected output connection: SDI]
[info][2026-07-29 18:12:52.455][decklink][Successfully initialized DeckLink output on output index 2 with mode: 1080i50]
[info][2026-07-29 18:12:52.455][decklink][]
[info][2026-07-29 18:12:52.455][decklink][═══════════════════════════════════════════════════════════]
[info][2026-07-29 18:12:52.455][decklink][  CHECKING OUTPUT GENLOCK STATUS]
[info][2026-07-29 18:12:52.455][decklink][═══════════════════════════════════════════════════════════]
[info][2026-07-29 18:12:52.455][decklink][Output device supports genlock - will sync to reference input]
[info][2026-07-29 18:12:52.455][decklink][Output genlock status: Unlocked - Genlock reference lock has not been achieved]
[info][2026-07-29 18:12:52.455][decklink][]
[warning][2026-07-29 18:12:52.455][decklink][Output is not locked to genlock reference. Waiting for lock...]
[info][2026-07-29 18:12:52.552][decklink][Video input format changed events=0x4, mode=1080i50, flags=Rec709, detected=YCbCr422, 10Bit (0x11)]
[warning][2026-07-29 18:12:57.460][decklink][Output genlock reference lock timeout. Output may not be synchronized.]
[warning][2026-07-29 18:12:57.460][decklink][Genlock: UNLOCKED | CHECK BMD APP]
[info][2026-07-29 18:12:57.460][decklink][DeckLink scheduled playback enabled (1920x1080, duration=1000, scale=25000)]
[error][2026-07-29 18:12:57.470][decklink][Output frame size 1280x720 does not match enabled DeckLink mode 1920x1080]
[info][2026-07-29 18:25:46.105][decklink][Configuring DeckLink input capture settings...]
[info][2026-07-29 18:25:46.105][decklink][Device supports genlock reference input]
[info][2026-07-29 18:25:46.105][decklink][Available display modes:]
[info][2026-07-29 18:25:46.105][decklink][  0: 525i59.94 NTSC (720x486, flags=Rec601)]
[info][2026-07-29 18:25:46.105][decklink][  1: 625i50 PAL (720x576, flags=Rec601)]
[info][2026-07-29 18:25:46.105][decklink][  2: 1080p23.98 (1920x1080, flags=Rec709)]
[info][2026-07-29 18:25:46.105][decklink][  3: 1080p24 (1920x1080, flags=Rec709)]
[info][2026-07-29 18:25:46.105][decklink][  4: 1080p25 (1920x1080, flags=Rec709)]
[info][2026-07-29 18:25:46.105][decklink][  5: 1080p29.97 (1920x1080, flags=Rec709)]
[info][2026-07-29 18:25:46.105][decklink][  6: 1080p30 (1920x1080, flags=Rec709)]
[info][2026-07-29 18:25:46.105][decklink][  7: 1080p47.95 (1920x1080, flags=Rec709)]
[info][2026-07-29 18:25:46.105][decklink][  8: 1080p48 (1920x1080, flags=Rec709)]
[info][2026-07-29 18:25:46.105][decklink][  9: 1080p50 (1920x1080, flags=Rec709)]
[info][2026-07-29 18:25:46.105][decklink][  10: 1080p59.94 (1920x1080, flags=Rec709)]
[info][2026-07-29 18:25:46.105][decklink][  11: 1080p60 (1920x1080, flags=Rec709)]
[info][2026-07-29 18:25:46.105][decklink][  12: 1080p95.90 (1920x1080, flags=Rec709)]
[info][2026-07-29 18:25:46.105][decklink][  13: 1080p96 (1920x1080, flags=Rec709)]
[info][2026-07-29 18:25:46.105][decklink][  14: 1080p100 (1920x1080, flags=Rec709)]
[info][2026-07-29 18:25:46.105][decklink][  15: 1080p119.88 (1920x1080, flags=Rec709)]
[info][2026-07-29 18:25:46.105][decklink][  16: 1080p120 (1920x1080, flags=Rec709)]
[info][2026-07-29 18:25:46.105][decklink][  17: 1080i50 (1920x1080, flags=Rec709)]
[info][2026-07-29 18:25:46.105][decklink][  18: 1080i59.94 (1920x1080, flags=Rec709)]
[info][2026-07-29 18:25:46.105][decklink][  19: 1080i60 (1920x1080, flags=Rec709)]
[info][2026-07-29 18:25:46.105][decklink][  20: 720p50 (1280x720, flags=Rec709)]
[info][2026-07-29 18:25:46.105][decklink][  21: 720p59.94 (1280x720, flags=Rec709)]
[info][2026-07-29 18:25:46.105][decklink][  22: 720p60 (1280x720, flags=Rec709)]
[info][2026-07-29 18:25:46.105][decklink][  23: 2Kp23.98 DCI (2048x1080, flags=Rec709)]
[info][2026-07-29 18:25:46.105][decklink][  24: 2Kp24 DCI (2048x1080, flags=Rec709)]
[info][2026-07-29 18:25:46.105][decklink][  25: 2Kp25 DCI (2048x1080, flags=Rec709)]
[info][2026-07-29 18:25:46.105][decklink][  26: 2Kp29.97 DCI (2048x1080, flags=Rec709)]
[info][2026-07-29 18:25:46.105][decklink][  27: 2Kp30 DCI (2048x1080, flags=Rec709)]
[info][2026-07-29 18:25:46.105][decklink][  28: 2Kp47.95 DCI (2048x1080, flags=Rec709)]
[info][2026-07-29 18:25:46.105][decklink][  29: 2Kp48 DCI (2048x1080, flags=Rec709)]
[info][2026-07-29 18:25:46.105][decklink][  30: 2Kp50 DCI (2048x1080, flags=Rec709)]
[info][2026-07-29 18:25:46.105][decklink][  31: 2Kp59.94 DCI (2048x1080, flags=Rec709)]
[info][2026-07-29 18:25:46.105][decklink][  32: 2Kp60 DCI (2048x1080, flags=Rec709)]
[info][2026-07-29 18:25:46.105][decklink][  33: 2Kp95.90 DCI (2048x1080, flags=Rec709)]
[info][2026-07-29 18:25:46.105][decklink][  34: 2Kp96 DCI (2048x1080, flags=Rec709)]
[info][2026-07-29 18:25:46.105][decklink][  35: 2Kp100 DCI (2048x1080, flags=Rec709)]
[info][2026-07-29 18:25:46.105][decklink][  36: 2Kp119.88 DCI (2048x1080, flags=Rec709)]
[info][2026-07-29 18:25:46.105][decklink][  37: 2Kp120 DCI (2048x1080, flags=Rec709)]
[info][2026-07-29 18:25:46.105][decklink][  38: 2160p23.98 (3840x2160, flags=Rec709)]
[info][2026-07-29 18:25:46.105][decklink][  39: 2160p24 (3840x2160, flags=Rec709)]
[info][2026-07-29 18:25:46.105][decklink][  40: 2160p25 (3840x2160, flags=Rec709)]
[info][2026-07-29 18:25:46.105][decklink][  41: 2160p29.97 (3840x2160, flags=Rec709)]
[info][2026-07-29 18:25:46.105][decklink][  42: 2160p30 (3840x2160, flags=Rec709)]
[info][2026-07-29 18:25:46.105][decklink][  43: 2160p47.95 (3840x2160, flags=Rec709)]
[info][2026-07-29 18:25:46.105][decklink][  44: 2160p48 (3840x2160, flags=Rec709)]
[info][2026-07-29 18:25:46.105][decklink][  45: 2160p50 (3840x2160, flags=Rec709)]
[info][2026-07-29 18:25:46.105][decklink][  46: 2160p59.94 (3840x2160, flags=Rec709)]
[info][2026-07-29 18:25:46.105][decklink][  47: 2160p60 (3840x2160, flags=Rec709)]
[info][2026-07-29 18:25:46.105][decklink][  48: 2160p95.90 (3840x2160, flags=Rec709)]
[info][2026-07-29 18:25:46.105][decklink][  49: 2160p96 (3840x2160, flags=Rec709)]
[info][2026-07-29 18:25:46.105][decklink][  50: 2160p100 (3840x2160, flags=Rec709)]
[info][2026-07-29 18:25:46.105][decklink][  51: 2160p119.88 (3840x2160, flags=Rec709)]
[info][2026-07-29 18:25:46.105][decklink][  52: 2160p120 (3840x2160, flags=Rec709)]
[info][2026-07-29 18:25:46.105][decklink][  53: 4Kp23.98 DCI (4096x2160, flags=Rec709)]
[info][2026-07-29 18:25:46.105][decklink][  54: 4Kp24 DCI (4096x2160, flags=Rec709)]
[info][2026-07-29 18:25:46.105][decklink][  55: 4Kp25 DCI (4096x2160, flags=Rec709)]
[info][2026-07-29 18:25:46.105][decklink][  56: 4Kp29.97 DCI (4096x2160, flags=Rec709)]
[info][2026-07-29 18:25:46.105][decklink][  57: 4Kp30 DCI (4096x2160, flags=Rec709)]
[info][2026-07-29 18:25:46.105][decklink][  58: 4Kp47.95 DCI (4096x2160, flags=Rec709)]
[info][2026-07-29 18:25:46.105][decklink][  59: 4Kp48 DCI (4096x2160, flags=Rec709)]
[info][2026-07-29 18:25:46.105][decklink][  60: 4Kp50 DCI (4096x2160, flags=Rec709)]
[info][2026-07-29 18:25:46.105][decklink][  61: 4Kp59.94 DCI (4096x2160, flags=Rec709)]
[info][2026-07-29 18:25:46.105][decklink][  62: 4Kp60 DCI (4096x2160, flags=Rec709)]
[info][2026-07-29 18:25:46.105][decklink][  63: 4Kp95.90 DCI (4096x2160, flags=Rec709)]
[info][2026-07-29 18:25:46.105][decklink][  64: 4Kp96 DCI (4096x2160, flags=Rec709)]
[info][2026-07-29 18:25:46.105][decklink][  65: 4Kp100 DCI (4096x2160, flags=Rec709)]
[info][2026-07-29 18:25:46.105][decklink][  66: 4Kp119.88 DCI (4096x2160, flags=Rec709)]
[info][2026-07-29 18:25:46.105][decklink][  67: 4Kp120 DCI (4096x2160, flags=Rec709)]
[info][2026-07-29 18:25:46.105][decklink][  68: 4320p23.98 (7680x4320, flags=Rec709)]
[info][2026-07-29 18:25:46.105][decklink][  69: 4320p24 (7680x4320, flags=Rec709)]
[info][2026-07-29 18:25:46.105][decklink][  70: 4320p25 (7680x4320, flags=Rec709)]
[info][2026-07-29 18:25:46.105][decklink][  71: 4320p29.97 (7680x4320, flags=Rec709)]
[info][2026-07-29 18:25:46.105][decklink][  72: 4320p30 (7680x4320, flags=Rec709)]
[info][2026-07-29 18:25:46.105][decklink][  73: 4320p47.95 (7680x4320, flags=Rec709)]
[info][2026-07-29 18:25:46.105][decklink][  74: 4320p48 (7680x4320, flags=Rec709)]
[info][2026-07-29 18:25:46.105][decklink][  75: 4320p50 (7680x4320, flags=Rec709)]
[info][2026-07-29 18:25:46.105][decklink][  76: 4320p59.94 (7680x4320, flags=Rec709)]
[info][2026-07-29 18:25:46.105][decklink][  77: 4320p60 (7680x4320, flags=Rec709)]
[info][2026-07-29 18:25:46.105][decklink][  78: 8Kp23.98 DCI (8192x4320, flags=Rec709)]
[info][2026-07-29 18:25:46.105][decklink][  79: 8Kp24 DCI (8192x4320, flags=Rec709)]
[info][2026-07-29 18:25:46.105][decklink][  80: 8Kp25 DCI (8192x4320, flags=Rec709)]
[info][2026-07-29 18:25:46.105][decklink][  81: 8Kp29.97 DCI (8192x4320, flags=Rec709)]
[info][2026-07-29 18:25:46.105][decklink][  82: 8Kp30 DCI (8192x4320, flags=Rec709)]
[info][2026-07-29 18:25:46.105][decklink][  83: 8Kp47.95 DCI (8192x4320, flags=Rec709)]
[info][2026-07-29 18:25:46.105][decklink][  84: 8Kp48 DCI (8192x4320, flags=Rec709)]
[info][2026-07-29 18:25:46.105][decklink][  85: 8Kp50 DCI (8192x4320, flags=Rec709)]
[info][2026-07-29 18:25:46.105][decklink][  86: 8Kp59.94 DCI (8192x4320, flags=Rec709)]
[info][2026-07-29 18:25:46.105][decklink][  87: 8Kp60 DCI (8192x4320, flags=Rec709)]
[info][2026-07-29 18:25:46.105][decklink][Waiting for input signal detection...]
[info][2026-07-29 18:25:46.116][decklink][Video input enabled with automatic format detection]
[info][2026-07-29 18:25:46.116][decklink][Capture started (UYVY 4:2:2)]
[info][2026-07-29 18:25:46.117][udp_receiver][UDP receiver listening on 127.0.0.1:6305; raw packets -> /home/quidich/Televison/udpOut/udp_raw.txt]
[info][2026-07-29 18:25:46.348][decklink][Using default output mode: 1080p25]
[info][2026-07-29 18:25:46.370][decklink][[Output 0] DeckLink 8K Pro (1) / DeckLink 8K Pro (subDevice=0, profile=0x34646864, duplex=0x64786861, ioSupport=0x3, outConns=0x1, busy=0x0)]
[info][2026-07-29 18:25:46.370][decklink][[Output 1] DeckLink 8K Pro (2) / DeckLink 8K Pro (subDevice=1, profile=0x34646864, duplex=0x64786861, ioSupport=0x3, outConns=0x1, busy=0x2)]
[info][2026-07-29 18:25:46.370][decklink][[Output 2] DeckLink 8K Pro (3) / DeckLink 8K Pro (subDevice=2, profile=0x34646864, duplex=0x64786861, ioSupport=0x3, outConns=0x1, busy=0x0)]
[info][2026-07-29 18:25:46.370][decklink][[Output 3] DeckLink 8K Pro (4) / DeckLink 8K Pro (subDevice=3, profile=0x34646864, duplex=0x64786861, ioSupport=0x3, outConns=0x1, busy=0x1)]
[info][2026-07-29 18:25:46.370][decklink][[Output 1] Selected output connection: SDI]
[info][2026-07-29 18:25:46.370][decklink][Video input format changed events=0x5, mode=1080i50, flags=Rec709, detected=YCbCr422, 10Bit (0x11)]
[info][2026-07-29 18:25:46.370][decklink][Video format changed: 1080i50]
[error][2026-07-29 18:25:46.371][decklink][[Output 1] EnableVideoOutput failed (mode=1080p25, conn=1, hr=0x-7ffffff7)]
[warning][2026-07-29 18:25:46.371][decklink][Requested output index 1 failed; trying fallback output index 2]
[info][2026-07-29 18:25:46.371][decklink][[Output 2] Selected output connection: SDI]
[info][2026-07-29 18:25:46.373][decklink][Successfully initialized DeckLink output on output index 2 with mode: 1080p25]
[info][2026-07-29 18:25:46.373][decklink][]
[info][2026-07-29 18:25:46.373][decklink][═══════════════════════════════════════════════════════════]
[info][2026-07-29 18:25:46.373][decklink][  CHECKING OUTPUT GENLOCK STATUS]
[info][2026-07-29 18:25:46.373][decklink][═══════════════════════════════════════════════════════════]
[info][2026-07-29 18:25:46.373][decklink][Output device supports genlock - will sync to reference input]
[info][2026-07-29 18:25:46.373][decklink][Output genlock status: Unlocked - Genlock reference lock has not been achieved]
[info][2026-07-29 18:25:46.373][decklink][]
[warning][2026-07-29 18:25:46.373][decklink][Output is not locked to genlock reference. Waiting for lock...]
[info][2026-07-29 18:25:47.396][decklink][Capture stopped]
[info][2026-07-29 18:25:47.414][decklink][Video input enabled with mode: 1080i50]
[info][2026-07-29 18:25:47.414][decklink][Capture started (UYVY 4:2:2)]
[info][2026-07-29 18:25:47.556][decklink][Video input format changed events=0x4, mode=1080i50, flags=Rec709, detected=YCbCr422, 10Bit (0x11)]
[warning][2026-07-29 18:25:51.377][decklink][Output genlock reference lock timeout. Output may not be synchronized.]
[warning][2026-07-29 18:25:51.377][decklink][Genlock: UNLOCKED | CHECK BMD APP]
[info][2026-07-29 18:25:51.377][decklink][DeckLink scheduled playback enabled (1920x1080, duration=1000, scale=25000)]
[error][2026-07-29 18:25:51.385][decklink][Output frame size 1280x720 does not match enabled DeckLink mode 1920x1080]
